Rk,Player,Nation,Pos,Squad,Age,Born,MP,Min,Mn/MP,Min%,90s,Starts,Mn/Start,Compl,Subs,Mn/Sub,unSub,PPM,onG,onGA,+/-,+/-90,On-Off,Matches
1,Brenden Aaronson,us USA,"MF,FW",Leeds United,25-138,2000,28,"1,863",67,71.4,20.7,22,79,2,6,21,1,1,30,26,4,0.19,2,Matches
2,Jerome Abbey,nl NED,MF,Wolves,16-174,2009,0,,,,,0,,0,0,,1,,,,,,,Matches
3,Zach Abbott,eng ENG,DF,Nottingham Forest,19-300,2006,2,120,60,4.6,1.3,1,75,0,1,45,11,0,0,4,-4,-3,-2.6,Matches
4,Tammy Abraham,eng ENG,FW,Aston Villa,28-158,1997,6,167,28,6.4,1.9,1,90,1,5,15,0,0.83,2,2,0,0,-0.18,Matches
5,Joshua Acheampong,eng ENG,DF,Chelsea,19-308,2006,12,573,48,22,6.4,7,71,1,5,15,15,1.42,8,12,-4,-0.63,-1.64,Matches
6,Tyler Adams,us USA,MF,Bournemouth,27-023,1999,18,"1,411",78,54.1,15.7,18,78,8,0,,1,1.28,17,24,-7,-0.45,-0.82,Matches
7,Tosin Adarabioyo,eng ENG,DF,Chelsea,28-166,1997,14,737,53,28.2,8.2,7,85,6,7,20,7,1.64,16,12,4,0.49,-0.23,Matches
8,Simon Adingra,ci CIV,"MF,FW",Sunderland,24-067,2002,14,653,47,25,7.3,9,64,0,5,16,8,1.07,6,8,-2,-0.28,-0.18,Matches
9,Amine Adli,ma MAR,MF,Bournemouth,25-303,2000,25,938,38,35.9,10.4,9,73,2,16,18,3,1.44,16,14,2,0.19,0.41,Matches
10,Emmanuel Agbadou,ci CIV,DF,Wolves,28-265,1997,14,"1,101",79,40.8,12.2,12,85,11,2,38,4,0.14,6,27,-21,-1.72,-1.21,Matches
11,Nayef Aguerd,ma MAR,DF,West Ham United,29-344,1996,2,180,90,6.9,2,2,90,2,0,,0,0,1,8,-7,-3.5,-3.06,Matches
12,Enock Agyei,be BEL,FW,Burnley,21-055,2005,0,,,,,0,,0,0,,1,,,,,,,Matches
13,Ola Aina,ng NGA,DF,Nottingham Forest,29-152,1996,13,"1,140",88,43.7,12.7,13,88,11,0,,0,1.08,14,17,-3,-0.24,0.5,Matches
14,Rayan Aït-Nouri,dz ALG,DF,Manchester City,24-276,2001,12,720,60,27.6,8,9,79,6,3,4,6,1.92,17,8,9,1.13,0.03,Matches
15,Kristoffer Ajer,no NOR,DF,Brentford,27-326,1998,23,"1,609",70,61.6,17.9,18,83,12,5,22,5,1.39,27,26,1,0.06,-0.21,Matches
16,Manuel Akanji,ch SUI,"DF,MF",Manchester City,30-233,1995,0,,,,,0,,0,0,,2,,,,,,,Matches
17,Nathan Aké,nl NED,DF,Manchester City,31-019,1995,14,495,35,19,5.5,4,86,3,10,15,13,2,5,7,-2,-0.36,-1.81,Matches
18,Yusuf Akhamrich,eng ENG,MF,Tottenham Hotspur,20-185,2005,0,,,,,0,,0,0,,1,,,,,,,Matches
19,Adedamola Alabi,eng ENG,MF,Newcastle United,16-243,2009,0,,,,,0,,0,0,,2,,,,,,,Matches
20,Carlos Alcaraz,ar ARG,MF,Everton,23-099,2002,16,675,42,25.9,7.5,6,75,0,10,23,6,1.31,7,8,-1,-0.13,-0.23,Matches
21,Omar Alderete,py PAR,DF,Sunderland,29-073,1996,25,"2,174",87,83.3,24.2,24,89,21,1,38,1,1.4,25,29,-4,-0.17,-0.17,Matches
22,Milan Aleksić,rs SRB,FW,Sunderland,20-191,2005,0,,,,,0,,0,0,,2,,,,,,,Matches
23,Alisson,br BRA,GK,Liverpool,33-158,1992,24,"2,160",90,82.8,24,24,90,24,0,,0,1.88,42,29,13,0.54,1.34,Matches
24,Max Alleyne,eng ENG,DF,Manchester City,20-231,2005,2,135,68,5.2,1.5,2,68,1,0,,4,0.5,1,1,0,0,-1.16,Matches
25,Edson Álvarez,mx MEX,"DF,MF",West Ham United,28-136,1997,0,,,,,0,,0,0,,1,,,,,,,Matches
Rk,Player,Nation,Pos,Squad,Age,Born,MP,Min,Mn/MP,Min%,90s,Starts,Mn/Start,Compl,Subs,Mn/Sub,unSub,PPM,onG,onGA,#ERROR!,#ERROR!,On-Off,Matches
26,Jaydon Amauri Banel,nl NED,"FW,MF",Burnley,21-141,2004,1,10,10,0.4,0.1,0,,0,1,10,1,0,0,0,0,0,0.9,Matches
27,Samuel Amissah,eng ENG,DF,Fulham,19-002,2007,0,,,,,0,,0,0,,5,,,,,,,Matches
28,Ethan Ampadu,wls WAL,MF,Leeds United,25-176,2000,26,"2,309",89,88.5,25.7,26,89,22,0,,0,1.12,33,41,-8,-0.31,0.59,Matches
29,Joachim Andersen,dk DEN,DF,Fulham,29-282,1996,26,"2,291",88,87.8,25.5,26,88,25,0,,1,1.42,37,38,-1,-0.04,0.52,Matches
30,Elliot Anderson,eng ENG,MF,Nottingham Forest,23-123,2002,29,"2,596",90,99.5,28.8,29,90,28,0,,0,0.97,28,42,-14,-0.49,5.94,Matches
31,André,br BRA,MF,Wolves,24-236,2001,27,"2,042",76,75.6,22.7,22,85,16,5,34,0,0.52,14,37,-23,-1.01,-0.06,Matches
32,Nilson Angulo,ec ECU,MF,Sunderland,22-263,2003,5,256,51,9.8,2.8,3,78,0,2,11,0,0.8,1,4,-3,-1.05,-1.02,Matches
33,Andre Annous,eng ENG,FW,Arsenal,18-072,2007,0,,,,,0,,0,0,,2,,,,,,,Matches
34,Jaidon Anthony,eng ENG,MF,Burnley,26-098,1999,28,"1,934",69,74.1,21.5,23,80,8,5,17,1,0.68,24,43,-19,-0.88,0.05,Matches
35,Julian Araujo,mx MEX,DF,Bournemouth,24-208,2001,0,,,,,0,,0,0,,8,,,,,,,Matches
36,Alphonse Areola,fr FRA,GK,West Ham United,33-010,1993,20,"1,800",90,69,20,20,90,20,0,,9,0.85,25,37,-12,-0.6,0.18,Matches
37,Jhon Arias,co COL,"FW,MF",Wolves,28-169,1997,23,"1,124",49,41.6,12.5,14,71,2,9,15,1,0.35,11,21,-10,-0.8,0.34,Matches
38,Adam Armstrong,eng ENG,"FW,MF",Wolves,29-027,1997,6,480,80,17.8,5.3,6,80,3,0,,0,1.33,4,5,-1,-0.19,0.99,Matches
39,Harrison Armstrong,eng ENG,MF,Everton,19-049,2007,10,494,49,18.9,5.5,6,73,1,4,14,3,1.5,4,8,-4,-0.73,-0.94,Matches
40,Tolu Arokodare,ng NGA,FW,Wolves,25-106,2000,26,"1,227",47,45.4,13.6,12,81,7,14,18,1,0.62,14,25,-11,-0.81,0.35,Matches
41,Kepa Arrizabalaga,es ESP,GK,Arsenal,31-157,1994,0,,,,,0,,0,0,,30,,,,,,,Matches
42,Benjamin Arthur,eng ENG,DF,Brentford,20-151,2005,0,,,,,0,,0,0,,2,,,,,,,Matches
43,Brandon Austin,eng ENG,GK,Tottenham Hotspur,27-060,1999,0,,,,,0,,0,0,,4,,,,,,,Matches
44,Taiwo Awoniyi,ng NGA,FW,Nottingham Forest,28-209,1997,10,230,23,8.8,2.6,1,45,0,9,21,7,0.8,3,2,1,0.39,1,Matches
45,Yasin Ayari,se SWE,MF,Brighton,22-154,2003,22,"1,715",78,65.7,19.1,18,86,14,4,40,1,1.32,27,21,6,0.31,0.72,Matches
46,Adam Aznou,ma MAR,DF,Everton,19-280,2006,0,,,,,0,,0,0,,20,,,,,,,Matches
47,Benoît Badiashile,fr FRA,DF,Chelsea,24-348,2001,8,471,59,18,5.2,6,69,3,2,29,10,1.63,7,10,-3,-0.57,-1.5,Matches
48,Leon Bailey,jm JAM,MF,Aston Villa,28-212,1997,7,286,41,11,3.2,2,61,0,5,33,0,1.14,3,6,-3,-0.94,-1.25,Matches
49,Dilane Bakwa,fr FRA,MF,Nottingham Forest,23-195,2002,10,345,35,13.2,3.8,3,66,0,7,21,3,0.4,4,8,-4,-1.04,-0.61,Matches
50,Ellery Balcombe,eng ENG,GK,Brentford,26-145,1999,0,,,,,0,,0,0,,1,,,,,,,Matches
Rk,Player,Nation,Pos,Squad,Age,Born,MP,Min,Mn/MP,Min%,90s,Starts,Mn/Start,Compl,Subs,Mn/Sub,unSub,PPM,onG,onGA,#ERROR!,#ERROR!,On-Off,Matches
51,Carlos Baleba,cm CMR,MF,Brighton,22-065,2004,24,"1,264",53,48.4,14,19,63,2,5,12,0,1.29,13,18,-5,-0.36,-0.82,Matches
52,Daniel Ballard,nir NIR,DF,Sunderland,26-168,1999,25,"1,945",78,74.5,21.6,21,86,19,4,37,0,1.36,26,27,-1,-0.05,0.36,Matches
53,Ross Barkley,eng ENG,MF,Aston Villa,32-094,1993,12,255,21,9.8,2.8,0,,0,12,21,1,1.92,5,3,2,0.71,0.59,Matches
54,Ashley Barnes,eng ENG,"FW,MF",Burnley,36-130,1989,5,27,5,1,0.3,0,,0,5,5,9,0.83,2,3,-1,-3.33,-2.46,Matches
55,Harvey Barnes,eng ENG,FW,Newcastle United,28-090,1997,28,"1,494",53,57.2,16.6,15,78,5,13,24,1,1.29,27,23,4,0.24,0.64,Matches
56,Thierno Barry,fr FRA,FW,Everton,23-139,2002,29,"1,608",55,61.6,17.9,19,75,2,10,19,0,1.48,19,22,-3,-0.17,-0.53,Matches
57,Calvin Bassey,ng NGA,DF,Fulham,26-068,1999,21,"1,724",82,66.1,19.2,19,90,19,2,7,2,1.24,29,32,-3,-0.16,-0.16,Matches
58,Callum Bates,eng ENG,MF,Everton,20-162,2005,0,,,,,0,,0,0,,1,,,,,,,Matches
59,Altay Bayındır,tr TUR,GK,Manchester Utd,27-329,1998,6,540,90,20.7,6,6,90,6,0,,23,1.17,7,11,-4,-0.67,-1.32,Matches
60,Jean-Ricner Bellegarde,ht HAI,"MF,FW",Wolves,27-255,1998,21,"1,013",48,37.5,11.3,12,68,1,9,21,0,0.48,9,24,-15,-1.33,-0.53,Matches
61,Dean Benamar,eng ENG,DF,Crystal Palace,17-282,2008,0,,,,,0,,0,0,,4,,,,,,,Matches
62,Walter Benítez,ar ARG,GK,Crystal Palace,33-049,1993,0,,,,,0,,0,0,,27,,,,,,,Matches
63,Rodrigo Bentancur,uy URU,MF,Tottenham Hotspur,28-257,1997,20,"1,410",71,54,15.7,17,79,9,3,21,1,1.2,21,21,0,0,0.52,Matches
64,Daniel Bentley,eng ENG,GK,Wolves,32-239,1993,0,,,,,0,,0,0,,1,,,,,,,Matches
65,Luka Bentt,be BEL,MF,Brentford,18-159,2007,0,,,,,0,,0,0,,4,,,,,,,Matches
66,Sander Berge,no NOR,MF,Fulham,28-023,1998,29,"2,423",84,92.8,26.9,28,86,21,1,17,0,1.38,36,41,-5,-0.19,-1.15,Matches
67,Lucas Bergvall,se SWE,MF,Tottenham Hotspur,20-035,2006,17,805,47,30.8,8.9,10,67,0,7,19,3,1.12,12,13,-1,-0.11,0.19,Matches
68,Beto,gw GNB,FW,Everton,28-037,1998,29,"1,064",37,40.8,11.8,10,72,1,19,18,0,1.48,17,14,3,0.25,0.37,Matches
69,Marcus Bettinelli,eng ENG,GK,Manchester City,33-289,1992,0,,,,,0,,0,0,,1,,,,,,,Matches
70,Jaka Bijol,si SVN,DF,Leeds United,27-032,1999,16,"1,128",71,43.2,12.5,12,86,9,4,25,9,1,19,21,-2,-0.16,0.39,Matches
71,Philip Billing,dk DEN,MF,Bournemouth,29-271,1996,0,,,,,0,,0,0,,1,,,,,,,Matches
72,Yves Bissouma,ml MLI,MF,Tottenham Hotspur,29-191,1996,8,462,58,17.7,5.1,5,72,1,3,35,0,0.25,5,15,-10,-1.95,-2.07,Matches
73,Marco Bizot,nl NED,GK,Aston Villa,34-364,1991,5,405,81,15.5,4.5,4,90,4,1,45,23,1.6,7,8,-1,-0.22,-0.47,Matches
74,Oscar Bobb,no NOR,"MF,FW",Manchester City,22-240,2003,9,468,52,17.9,5.2,5,78,2,4,20,4,1.67,10,5,5,0.96,-0.17,Matches
75,Oscar Bobb,no NOR,MF,Fulham,22-240,2003,5,175,35,6.7,1.9,1,71,0,4,26,0,1.2,5,3,2,1.03,1.21,Matches
Rk,Player,Nation,Pos,Squad,Age,Born,MP,Min,Mn/MP,Min%,90s,Starts,Mn/Start,Compl,Subs,Mn/Sub,unSub,PPM,onG,onGA,#ERROR!,#ERROR!,On-Off,Matches
76,Lamare Bogarde,nl NED,"MF,DF",Aston Villa,22-063,2004,23,717,31,27.5,8,7,78,2,16,11,6,1.78,12,10,2,0.25,0.11,Matches
77,Jayden Bogle,eng ENG,"DF,MF",Leeds United,25-225,2000,27,"2,267",84,86.9,25.2,26,87,15,1,8,0,1.11,30,41,-11,-0.44,-0.44,Matches
78,Willy Boly,ci CIV,DF,Nottingham Forest,35-034,1991,0,,,,,0,,0,0,,8,,,,,,,Matches
79,Sebastiaan Bornauw,be BEL,DF,Leeds United,26-352,1999,9,304,34,11.6,3.4,4,75,0,5,1,12,1.56,3,4,-1,-0.3,0.09,Matches
80,Olivier Boscagli,fr FRA,DF,Brighton,28-111,1997,8,442,55,16.9,4.9,5,80,3,3,13,21,0.75,3,5,-2,-0.41,-0.57,Matches
81,Sven Botman,nl NED,DF,Newcastle United,26-056,2000,16,"1,062",66,40.7,11.8,12,83,9,4,15,5,1.5,14,17,-3,-0.25,-0.37,Matches
82,Jarrod Bowen,eng ENG,"MF,FW",West Ham United,29-079,1996,29,"2,598",90,99.5,28.9,29,90,26,0,,0,0.97,35,52,-17,-0.59,14.41,Matches
83,Conor Bradley,nir NIR,DF,Liverpool,22-243,2003,15,929,62,35.6,10.3,12,70,3,3,29,1,1.47,11,13,-2,-0.19,-0.78,Matches
84,Jarrad Branthwaite,eng ENG,DF,Everton,23-255,2002,7,491,70,18.8,5.5,5,88,3,2,26,0,1.57,7,6,1,0.18,0.18,Matches
85,George Brierley,eng ENG,MF,Burnley,18-109,2007,0,,,,,0,,0,0,,1,,,,,,,Matches
86,Brian Brobbey,nl NED,FW,Sunderland,24-036,2002,22,"1,202",55,46.1,13.4,13,77,4,9,22,2,1.18,12,17,-5,-0.37,-0.44,Matches
87,Benjamin Broggio,eng ENG,FW,Aston Villa,19-039,2007,0,,,,,0,,0,0,,1,,,,,,,Matches
88,Armando Broja,al ALB,FW,Burnley,24-180,2001,19,816,43,31.3,9.1,8,79,2,11,17,3,0.26,11,25,-14,-1.54,-0.94,Matches
89,David Brooks,wls WAL,MF,Bournemouth,28-244,1997,23,"1,022",44,39.2,11.4,12,67,0,11,20,1,1.35,16,18,-2,-0.18,-0.18,Matches
90,Jacob Bruun Larsen,dk DEN,"MF,FW",Burnley,27-171,1998,23,972,42,37.2,10.8,10,67,0,13,23,4,0.65,12,26,-14,-1.3,-0.64,Matches
91,Emi Buendía,ar ARG,MF,Aston Villa,29-074,1996,27,"1,352",50,51.8,15,17,64,2,10,26,1,1.85,13,16,-3,-0.2,-0.77,Matches
92,Hugo Bueno,es ESP,"MF,DF",Wolves,23-172,2002,27,"1,862",69,69,20.7,20,85,14,7,23,0,0.59,17,31,-14,-0.68,1.04,Matches
93,Santiago Bueno,uy URU,DF,Wolves,27-120,1998,21,"1,833",87,67.9,20.4,20,90,19,1,35,8,0.71,18,31,-13,-0.64,1.13,Matches
94,Facundo Buonanotte,ar ARG,MF,Leeds United,21-076,2004,2,26,13,1,0.3,0,,0,2,13,2,0.5,0,1,-1,-3.46,-3.11,Matches
95,Facundo Buonanotte,ar ARG,MF,Chelsea,21-076,2004,1,45,45,1.7,0.5,1,45,0,0,,4,1,0,1,-1,-2,-2.7,Matches
96,Dan Burn,eng ENG,DF,Newcastle United,33-304,1992,21,"1,709",81,65.5,19,20,85,17,1,4,1,1.19,27,26,1,0.05,0.25,Matches
97,Bradley Burrowes,eng ENG,MF,Aston Villa,18-005,2008,1,17,17,0.7,0.2,0,,0,1,17,2,0,0,1,-1,-5.29,-5.5,Matches
98,Jun'ai Byfield,eng ENG,DF,Tottenham Hotspur,17-093,2008,1,1,1,0,0,0,,0,1,1,5,1,0,0,0,0,0.24,Matches
99,Sam Byram,eng ENG,"DF,MF",Leeds United,32-174,1993,1,8,8,0.3,0.1,0,,0,1,8,12,0,0,1,-1,-11.25,-10.9,Matches
100,Moisés Caicedo,ec ECU,MF,Chelsea,24-127,2001,24,"2,044",85,78.3,22.7,23,87,21,1,45,1,1.67,46,28,18,0.79,0.63,Matches
Rk,Player,Nation,Pos,Squad,Age,Born,MP,Min,Mn/MP,Min%,90s,Starts,Mn/Start,Compl,Subs,Mn/Sub,unSub,PPM,onG,onGA,#ERROR!,#ERROR!,On-Off,Matches
101,Tom Cairney,sct SCO,MF,Fulham,35-048,1991,19,549,29,21,6.1,4,67,0,15,19,8,1.58,12,9,3,0.49,0.75,Matches
102,Riccardo Calafiori,it ITA,DF,Arsenal,23-294,2002,21,"1,375",65,50.9,15.3,17,78,6,4,14,2,2.24,27,8,19,1.24,0.02,Matches
103,Dominic Calvert-Lewin,eng ENG,FW,Leeds United,28-358,1997,26,"1,935",74,74.1,21.5,21,86,11,5,25,0,1.04,31,28,3,0.14,2.01,Matches
104,Elijah Campbell,eng ENG,DF,Everton,21-219,2004,0,,,,,0,,0,0,,11,,,,,,,Matches
105,Jaydee Canvot,fr FRA,DF,Crystal Palace,19-223,2006,12,627,52,24,7,6,86,5,6,19,13,1.75,6,9,-3,-0.43,-0.48,Matches
106,Rio Cardines,tt TRI,MF,Crystal Palace,19-251,2006,0,,,,,0,,0,0,,8,,,,,,,Matches
107,Theodore Carroll,eng ENG,MF,Aston Villa,18-352,2007,0,,,,,0,,0,0,,1,,,,,,,Matches
108,Fabio Carvalho,pt POR,MF,Brentford,23-191,2002,6,102,17,3.9,1.1,1,90,1,5,2,4,0.17,2,4,-2,-1.76,-1.98,Matches
109,Casemiro,br BRA,MF,Manchester Utd,34-014,1992,27,"1,961",73,75.1,21.8,26,75,9,1,11,0,1.89,40,21,19,0.87,1.98,Matches
110,Ben Casey,eng ENG,FW,Crystal Palace,18-099,2007,0,,,,,0,,0,0,,2,,,,,,,Matches
111,Matty Cash,pl POL,DF,Aston Villa,28-214,1997,27,"2,351",87,90.1,26.1,27,87,21,0,,0,1.78,35,27,8,0.31,1.35,Matches
112,Timothy Castagne,be BEL,"DF,MF",Fulham,30-094,1995,22,"1,133",52,43.4,12.6,12,84,9,10,12,7,1.14,18,24,-6,-0.48,-0.66,Matches
113,Valentín Castellanos,ar ARG,FW,West Ham United,27-157,1998,9,741,82,28.4,8.2,9,82,3,0,,0,1.56,13,11,2,0.24,1.25,Matches
114,Trevoh Chalobah,eng ENG,DF,Chelsea,26-247,1999,28,"2,460",88,94.3,27.3,28,88,26,0,,0,1.61,51,30,21,0.77,1.97,Matches
115,Samuel Chambers,eng ENG,MF,Leeds United,18-203,2007,0,,,,,0,,0,0,,1,,,,,,,Matches
116,Rayan Cherki,fr FRA,MF,Manchester City,22-204,2003,24,"1,277",53,48.9,14.2,14,76,3,10,21,1,2.08,28,14,14,0.99,-0.23,Matches
117,Youssef Chermiti,pt POR,FW,Everton,21-289,2004,0,,,,,0,,0,0,,2,,,,,,,Matches
118,Federico Chiesa,it ITA,MF,Liverpool,28-135,1997,21,281,13,10.8,3.1,1,60,0,20,11,6,1.62,14,7,7,2.24,2.16,Matches
119,Tawanda Chirewa,zw ZIM,MF,Wolves,22-149,2003,2,27,14,1,0.3,0,,0,2,14,5,1.5,0,0,0,0,1.01,Matches
120,Ryan Christie,sct SCO,MF,Bournemouth,31-015,1995,19,595,31,22.8,6.6,3,70,0,16,24,1,1.63,11,10,1,0.15,0.29,Matches
121,Samuel Chukwueze,ng NGA,MF,Fulham,26-291,1999,15,750,50,28.7,8.3,7,78,2,8,26,1,1.2,14,17,-3,-0.36,-0.36,Matches
122,Dennis Cirkin,eng ENG,DF,Sunderland,23-337,2002,6,298,50,11.4,3.3,3,79,2,3,20,4,1,2,2,0,0,0.16,Matches
123,Nathaniel Clyne,eng ENG,MF,Crystal Palace,34-338,1991,8,495,62,19,5.5,6,69,0,2,41,17,1.25,5,9,-4,-0.73,-0.81,Matches
124,Séamus Coleman,ie IRL,DF,Everton,37-149,1988,3,11,4,0.4,0.1,1,9,0,2,1,13,3,0,0,0,0,-0.03,Matches
125,Nathan Collins,ie IRL,DF,Brentford,24-313,2001,26,"2,165",83,83,24.1,23,90,23,3,32,3,1.42,35,32,3,0.12,-0.08,Matches
Rk,Player,Nation,Pos,Squad,Age,Born,MP,Min,Mn/MP,Min%,90s,Starts,Mn/Start,Compl,Subs,Mn/Sub,unSub,PPM,onG,onGA,#ERROR!,#ERROR!,On-Off,Matches
126,Lewis Cook,eng ENG,"MF,DF",Bournemouth,29-034,1997,16,872,55,33.4,9.7,8,90,8,8,19,1,1.44,15,17,-2,-0.21,-0.21,Matches
127,Diego Coppola,it ITA,DF,Brighton,22-071,2003,5,194,39,7.4,2.2,2,88,1,3,6,17,1.6,1,3,-2,-0.93,-1.08,Matches
128,Marc Cucurella,es ESP,DF,Chelsea,27-230,1998,25,"1,897",76,72.7,21.1,22,82,17,3,34,0,1.8,41,19,22,1.04,1.42,Matches
129,Jorge Cuenca,es ESP,DF,Fulham,26-112,1999,14,933,67,35.7,10.4,11,84,7,3,3,13,1.71,9,11,-2,-0.19,-0.14,Matches
130,Josh Cullen,ie IRL,MF,Burnley,29-336,1996,18,"1,514",84,58,16.8,18,84,12,0,,0,0.67,18,29,-11,-0.65,0.58,Matches
131,Jair Cunha,br BRA,DF,Nottingham Forest,21-002,2005,3,215,72,8.2,2.4,2,90,2,1,35,14,0.33,2,4,-2,-0.84,-0.35,Matches
132,Matheus Cunha,br BRA,"MF,FW",Manchester Utd,26-286,1999,26,"1,898",73,72.7,21.1,22,82,13,4,24,0,1.85,35,26,9,0.43,0.17,Matches
133,Malcom Dacosta,ec ECU,MF,Bournemouth,17-326,2008,0,,,,,0,,0,0,,6,,,,,,,Matches
134,Diogo Dalot,pt POR,"MF,DF",Manchester Utd,26-356,1999,27,"2,053",76,78.7,22.8,23,84,16,4,28,0,1.78,44,32,12,0.53,0.69,Matches
135,Mikkel Damsgaard,dk DEN,MF,Brentford,25-249,2000,25,"1,504",60,57.6,16.7,17,78,6,8,22,2,1.56,28,25,3,0.18,0.1,Matches
136,Kevin Danso,at AUT,DF,Tottenham Hotspur,27-171,1998,15,753,50,28.9,8.4,9,80,6,6,5,10,1.4,11,16,-5,-0.6,-0.5,Matches
137,Karl Darlow,wls WAL,GK,Leeds United,35-152,1990,13,"1,170",90,44.8,13,13,90,13,0,,15,1,14,19,-5,-0.38,-0.01,Matches
138,Ben Davies,wls WAL,DF,Tottenham Hotspur,32-319,1993,3,137,46,5.2,1.5,2,53,0,1,32,11,0.33,1,3,-2,-1.31,-1.13,Matches
139,Maxim De Cuyper,be BEL,"DF,MF",Brighton,25-077,2000,23,"1,137",49,43.6,12.6,14,69,4,9,19,4,1.39,16,18,-2,-0.16,-0.4,Matches
140,Liam Delap,eng ENG,FW,Chelsea,23-029,2003,20,738,37,28.3,8.2,9,62,2,11,16,0,1.7,16,13,3,0.37,-0.4,Matches
141,Sepp van den Berg,nl NED,DF,Brentford,24-079,2001,24,"2,124",89,81.4,23.6,23,90,23,1,54,4,1.42,33,34,-1,-0.04,-0.97,Matches
142,Will Dennis,eng ENG,GK,Bournemouth,25-242,2000,0,,,,,0,,0,0,,19,,,,,,,Matches
143,Justin Devenny,nir NIR,"MF,FW",Crystal Palace,22-149,2003,18,603,34,23.1,6.7,5,82,1,13,15,9,1.44,6,10,-4,-0.6,-0.69,Matches
144,Kiernan Dewsbury-Hall,eng ENG,MF,Everton,27-184,1998,22,"1,827",83,70,20.3,21,85,13,1,45,0,1.45,25,23,2,0.1,0.21,Matches
145,Bafodé Diakité,fr FRA,DF,Bournemouth,25-062,2001,18,"1,277",71,48.9,14.2,15,84,13,3,6,10,1.28,21,27,-6,-0.42,-0.69,Matches
146,Amad Diallo,ci CIV,MF,Manchester Utd,23-241,2002,23,"1,738",76,66.6,19.3,20,84,14,3,22,0,1.96,37,24,13,0.67,0.88,Matches
147,Habib Diarra,sn SEN,MF,Sunderland,22-065,2004,12,924,77,35.4,10.3,10,85,5,2,36,0,1.25,10,9,1,0.1,0.36,Matches
148,Rúben Dias,pt POR,DF,Manchester City,28-299,1997,25,"2,051",82,78.6,22.8,23,88,21,2,18,0,2.2,53,20,33,1.45,1.61,Matches
149,Tyler Dibling,eng ENG,MF,Everton,19-362,2006,14,358,26,13.7,4,4,67,1,10,9,13,1.14,4,2,2,0.5,0.54,Matches
150,Lucas Digne,fr FRA,DF,Aston Villa,32-232,1993,24,"1,386",58,53.1,15.4,16,79,7,8,16,5,1.83,20,14,6,0.39,0.46,Matches
Rk,Player,Nation,Pos,Squad,Age,Born,MP,Min,Mn/MP,Min%,90s,Starts,Mn/Start,Compl,Subs,Mn/Sub,unSub,PPM,onG,onGA,#ERROR!,#ERROR!,On-Off,Matches
151,Issa Diop,fr FRA,DF,Fulham,29-059,1997,10,596,60,22.8,6.6,6,89,5,4,15,6,1.3,8,11,-3,-0.45,-0.45,Matches
152,El Hadji Malick Diouf,sn SEN,"DF,MF",West Ham United,21-071,2004,23,"1,914",83,73.3,21.3,21,88,16,2,33,0,1.04,27,37,-10,-0.47,0.69,Matches
153,Axel Disasi,fr FRA,DF,West Ham United,27-363,1998,5,450,90,17.2,5,5,90,5,0,,0,1.6,6,6,0,0,0.79,Matches
154,Matt Doherty,ie IRL,"DF,MF",Wolves,34-052,1992,10,702,70,26,7.8,10,70,3,0,,12,0.5,2,14,-12,-1.54,-0.73,Matches
155,Jeremy Doku,be BEL,"MF,FW",Manchester City,23-286,2002,21,"1,200",57,46,13.3,13,77,3,8,24,1,1.81,31,13,18,1.35,0.46,Matches
156,Nicolás Domínguez,ar ARG,MF,Nottingham Forest,27-254,1998,18,889,49,34.1,9.9,13,63,1,5,14,4,1,10,17,-7,-0.71,-0.29,Matches
157,Gianluigi Donnarumma,it ITA,GK,Manchester City,27-012,1999,26,"2,340",90,89.7,26,26,90,26,0,,0,2.19,54,23,31,1.19,0.86,Matches
158,Romelle Donovan,eng ENG,FW,Brentford,19-099,2006,4,41,10,1.6,0.5,0,,0,4,10,12,1.5,2,0,2,4.39,4.32,Matches
159,Patrick Dorgu,dk DEN,MF,Manchester Utd,21-134,2004,22,"1,335",61,51.1,14.8,14,86,10,8,17,1,1.59,18,20,-2,-0.13,-1.05,Matches
160,Max Dowman,eng ENG,MF,Arsenal,16-068,2009,2,29,15,1.1,0.3,0,,0,2,15,7,1.5,1,0,1,3.1,1.89,Matches
161,Radu Drăgușin,ro ROU,DF,Tottenham Hotspur,24-034,2002,7,425,61,16.3,4.7,4,90,3,3,22,5,0.71,5,12,-7,-1.48,-1.48,Matches
162,Joél Drakes-Thomas,eng ENG,MF,Crystal Palace,16-273,2009,2,9,5,0.3,0.1,0,,0,2,5,4,0,1,1,0,0,0.07,Matches
163,Martin Dúbravka,sk SVK,GK,Burnley,37-053,1989,29,"2,610",90,100,29,29,90,29,0,,0,0.66,32,58,-26,-0.9,,Matches
164,Lewis Dunk,eng ENG,DF,Brighton,34-108,1991,27,"2,385",88,91.4,26.5,26,90,26,1,45,0,1.33,38,34,4,0.15,0.95,Matches
165,George Earthy,eng ENG,MF,West Ham United,21-185,2004,1,9,9,0.3,0.1,0,,0,1,9,5,0,0,1,-1,-10,-9.38,Matches
166,Ederson,br BRA,GK,Manchester City,32-204,1993,0,,,,,0,,0,0,,2,,,,,,,Matches
167,Odsonne Édouard,fr FRA,FW,Crystal Palace,28-052,1998,1,3,3,0.1,0,0,,0,1,3,1,1,0,0,0,0,0.07,Matches
168,Tom Edozie,eng ENG,MF,Wolves,19-295,2006,1,7,7,0.3,0.1,0,,0,1,7,4,1,1,0,1,12.86,13.89,Matches
169,Alysson Edward,br BRA,MF,Aston Villa,19-308,2006,3,49,16,1.9,0.5,0,,0,3,16,0,1,1,2,-1,-1.84,-2.05,Matches
170,Marcus Edwards,eng ENG,"MF,FW",Burnley,27-096,1998,17,872,51,33.4,9.7,9,82,2,8,17,10,0.53,13,15,-2,-0.21,1.04,Matches
171,Hjalmar Ekdal,se SWE,DF,Burnley,27-139,1998,15,"1,179",79,45.2,13.1,13,89,11,2,9,12,0.67,11,24,-13,-0.99,-0.17,Matches
172,Hugo Ekitike,fr FRA,FW,Liverpool,23-262,2002,26,"1,769",68,67.8,19.7,20,81,6,6,26,0,1.77,35,24,11,0.56,0.77,Matches
173,Anthony Elanga,se SWE,FW,Newcastle United,23-316,2002,25,"1,143",46,43.8,12.7,12,72,2,13,22,0,1.2,19,25,-6,-0.47,-0.78,Matches
174,Melker Ellborg,se SWE,GK,Sunderland,22-291,2003,1,90,90,3.4,1,1,90,1,0,,4,3,1,0,1,1,1.18,Matches
175,Harvey Elliott,eng ENG,"FW,MF",Liverpool,22-339,2003,1,1,1,0,0,0,,0,1,1,2,3,1,0,1,90,89.72,Matches
Rk,Player,Nation,Pos,Squad,Age,Born,MP,Min,Mn/MP,Min%,90s,Starts,Mn/Start,Compl,Subs,Mn/Sub,unSub,PPM,onG,onGA,#ERROR!,#ERROR!,On-Off,Matches
176,Harvey Elliott,eng ENG,MF,Aston Villa,22-339,2003,4,112,28,4.3,1.2,1,45,0,3,22,3,1.25,2,2,0,0,-0.18,Matches
177,Landon Emenalo,eng ENG,MF,Chelsea,18-050,2008,0,,,,,0,,0,0,,1,,,,,,,Matches
178,Yunus Emre Konak,tr TUR,MF,Brentford,20-058,2006,0,,,,,0,,0,0,,3,,,,,,,Matches
179,Wataru Endo,jp JPN,DF,Liverpool,33-028,1993,8,175,22,6.7,1.9,1,68,0,7,15,11,2,6,5,1,0.51,0.22,Matches
180,Romain Esse,eng ENG,MF,Crystal Palace,20-300,2005,4,44,11,1.7,0.5,0,,0,4,11,11,0.5,0,0,0,0,0.07,Matches
181,Dario Essugo,pt POR,MF,Chelsea,20-360,2005,0,,,,,0,,0,0,,3,,,,,,,Matches
182,Maxime Estève,fr FRA,DF,Burnley,23-287,2002,26,"2,238",86,85.7,24.9,26,86,22,0,,0,0.65,29,54,-25,-1.01,-0.76,Matches
183,Evanilson,br BRA,FW,Bournemouth,26-154,1999,27,"2,014",75,77.2,22.4,23,81,6,4,36,0,1.33,30,33,-3,-0.13,-0.29,Matches
184,Eberechi Eze,eng ENG,"MF,FW",Arsenal,27-253,1998,24,"1,329",55,49.2,14.8,15,74,4,9,24,4,2.04,29,10,19,1.29,0.11,Matches
185,Eberechi Eze,eng ENG,MF,Crystal Palace,27-253,1998,1,83,83,3.2,0.9,1,83,0,0,,0,1,0,0,0,0,0.07,Matches
186,Łukasz Fabiański,pl POL,GK,West Ham United,40-325,1985,0,,,,,0,,0,0,,1,,,,,,,Matches
187,Romain Faivre,fr FRA,MF,Bournemouth,27-238,1998,0,,,,,0,,0,0,,1,,,,,,,Matches
188,Bruno Fernandes,pt POR,MF,Manchester Utd,31-182,1994,26,"2,254",87,86.4,25,26,87,21,0,,0,1.77,48,36,12,0.48,0.73,Matches
189,Mateus Fernandes,pt POR,MF,West Ham United,21-242,2004,27,"2,212",82,84.8,24.6,26,84,15,1,26,0,1.04,29,39,-10,-0.41,1.63,Matches
190,Enzo Fernández,ar ARG,MF,Chelsea,25-051,2001,28,"2,398",86,91.9,26.6,27,87,21,1,37,0,1.61,48,31,17,0.64,-0.21,Matches
191,Zian Flemming,nl NED,FW,Burnley,27-220,1998,20,"1,012",51,38.8,11.2,12,76,3,8,13,3,0.8,17,19,-2,-0.18,1.17,Matches
192,Jack Fletcher,eng ENG,MF,Manchester Utd,18-355,2007,3,108,36,4.1,1.2,0,,0,3,36,4,1.33,0,0,0,0,-0.4,Matches
193,Tyler Fletcher,sct SCO,MF,Manchester Utd,18-355,2007,1,1,1,0,0,0,,0,1,1,7,3,0,0,0,0,-0.38,Matches
194,Phil Foden,eng ENG,MF,Manchester City,25-285,2000,25,"1,795",72,68.8,19.9,21,83,12,4,13,2,2.04,45,16,29,1.45,1.12,Matches
195,Wesley Fofana,fr FRA,DF,Chelsea,25-082,2000,17,"1,105",65,42.3,12.3,12,81,7,5,26,5,2,23,11,12,0.98,0.56,Matches
196,Fraser Forster,eng ENG,GK,Bournemouth,37-357,1988,0,,,,,0,,0,0,,4,,,,,,,Matches
197,Lyle Foster,za RSA,FW,Burnley,25-187,2000,21,"1,161",55,44.5,12.9,13,76,3,8,22,1,0.62,10,25,-15,-1.16,-0.48,Matches
198,Tyler Fredricson,eng ENG,DF,Manchester Utd,21-014,2005,1,3,3,0.1,0,0,,0,1,3,9,3,0,0,0,0,-0.38,Matches
199,Jeremie Frimpong,nl NED,"DF,MF",Liverpool,25-089,2000,13,627,48,24,7,7,77,3,6,14,2,1.46,11,7,4,0.57,0.35,Matches
200,Leo Fuhr Hjelde,no NOR,DF,Sunderland,22-195,2003,0,,,,,0,,0,0,,5,,,,,,,Matches
Rk,Player,Nation,Pos,Squad,Age,Born,MP,Min,Mn/MP,Min%,90s,Starts,Mn/Start,Compl,Subs,Mn/Sub,unSub,PPM,onG,onGA,#ERROR!,#ERROR!,On-Off,Matches
201,Niclas Füllkrug,de GER,FW,West Ham United,33-028,1993,8,409,51,15.7,4.5,5,69,1,3,21,2,0.63,2,11,-9,-1.98,-1.57,Matches
202,Kaye Furo,be BEL,FW,Brentford,19-031,2007,0,,,,,0,,0,0,,6,,,,,,,Matches
203,Cody Gakpo,nl NED,"MF,FW",Liverpool,26-306,1999,27,"1,973",73,75.6,21.9,23,81,11,4,28,0,1.56,35,27,8,0.36,0.22,Matches
204,Conor Gallagher,eng ENG,MF,Tottenham Hotspur,26-031,2000,8,578,72,22.1,6.4,7,76,2,1,48,0,0.25,6,16,-10,-1.56,-1.69,Matches
205,Idrissa Gana Gueye,sn SEN,MF,Everton,36-164,1989,20,"1,666",83,63.8,18.5,20,83,14,0,,0,1.45,21,21,0,0,-0.1,Matches
206,Ben Gannon-Doak,sct SCO,MF,Bournemouth,20-118,2005,4,57,14,2.2,0.6,0,,0,4,14,6,1.25,4,1,3,4.74,4.91,Matches
207,Andrés García,es ESP,DF,Aston Villa,23-030,2003,3,35,12,1.3,0.4,0,,0,3,12,7,1.33,2,2,0,0,-0.17,Matches
208,Alejandro Garnacho,ar ARG,MF,Chelsea,21-251,2004,18,987,55,37.8,11,13,67,3,5,24,8,1.78,20,13,7,0.64,-0.03,Matches
209,James Garner,eng ENG,"MF,DF",Everton,24-361,2001,29,"2,603",90,99.7,28.9,29,90,28,0,,0,1.48,34,33,1,0.03,0.03,Matches
210,Lutsharel Geertruida,nl NED,"DF,MF",Sunderland,25-234,2000,23,"1,243",54,47.6,13.8,12,86,9,11,20,3,1.22,9,19,-10,-0.72,-1.12,Matches
211,Tyrique George,eng ENG,FW,Chelsea,20-033,2006,4,145,36,5.6,1.6,0,,0,4,36,4,1,5,2,3,1.86,1.28,Matches
212,Tyrique George,eng ENG,MF,Everton,20-033,2006,4,105,26,4,1.2,1,61,0,3,15,1,1.5,3,1,2,1.71,1.75,Matches
213,Morgan Gibbs-White,eng ENG,"MF,FW",Nottingham Forest,26-041,2000,29,"2,475",85,94.8,27.5,28,87,17,1,45,0,0.97,26,39,-13,-0.47,0.86,Matches
214,Jamie Gittens,eng ENG,MF,Chelsea,21-213,2004,16,495,31,19,5.5,5,57,1,11,19,6,2.06,7,7,0,0,-0.81,Matches
215,Wilfried Gnonto,it ITA,FW,Leeds United,22-124,2003,16,387,24,14.8,4.3,4,59,0,12,13,6,0.88,6,11,-5,-1.16,-0.92,Matches
216,Airidas Golambeckis,eng ENG,DF,West Ham United,18-125,2007,0,,,,,0,,0,0,,4,,,,,,,Matches
217,Angel Gomes,eng ENG,"MF,FW",Wolves,25-190,2000,6,239,40,8.9,2.7,4,59,0,2,2,0,1.33,2,4,-2,-0.75,0.27,Matches
218,João Gomes,br BRA,MF,Wolves,25-025,2001,28,"2,207",79,81.7,24.5,25,85,18,3,24,1,0.54,17,41,-24,-0.98,0.12,Matches
219,Rodrigo Gomes,pt POR,"MF,FW",Wolves,22-245,2003,14,598,43,22.1,6.6,6,69,1,8,23,4,0.64,9,11,-2,-0.3,0.9,Matches
220,Toti Gomes,pt POR,DF,Wolves,27-052,1999,14,"1,039",74,38.5,11.5,13,80,8,1,1,4,0.29,6,25,-19,-1.65,-1.05,Matches
221,Diego Gómez,py PAR,"MF,FW",Brighton,22-347,2003,26,"1,752",67,67.1,19.5,21,77,2,5,28,0,1.35,22,24,-2,-0.1,-0.52,Matches
222,Joe Gomez,eng ENG,DF,Liverpool,28-290,1997,15,410,27,15.7,4.6,5,58,1,10,12,9,1.67,14,11,3,0.66,0.41,Matches
223,Enso Gonzalez,py PAR,FW,Wolves,21-048,2005,0,,,,,0,,0,0,,4,,,,,,,Matches
224,Nicolás González,es ESP,MF,Manchester City,24-065,2002,21,"1,376",66,52.7,15.3,15,80,9,6,28,5,2.19,37,13,24,1.57,0.99,Matches
225,Anthony Gordon,eng ENG,FW,Newcastle United,25-013,2001,23,"1,547",67,59.3,17.2,21,72,3,2,13,0,1.35,21,27,-6,-0.35,-0.77,Matches
Rk,Player,Nation,Pos,Squad,Age,Born,MP,Min,Mn/MP,Min%,90s,Starts,Mn/Start,Compl,Subs,Mn/Sub,unSub,PPM,onG,onGA,#ERROR!,#ERROR!,On-Off,Matches
226,Braiden Graham,nir NIR,FW,Everton,18-122,2007,0,,,,,0,,0,0,,1,,,,,,,Matches
227,Ryan Gravenberch,nl NED,MF,Liverpool,23-297,2002,27,"2,338",87,89.6,26,27,87,23,0,,0,1.67,40,31,9,0.35,0.35,Matches
228,Archie Gray,eng ENG,"MF,DF",Tottenham Hotspur,19-362,2006,19,"1,201",63,46,13.3,15,78,8,4,6,7,0.79,16,23,-7,-0.52,-0.52,Matches
229,Charlie Gray,eng ENG,MF,Manchester City,20-015,2006,0,,,,,0,,0,0,,1,,,,,,,Matches
230,Harry Gray,eng ENG,FW,Leeds United,17-152,2008,0,,,,,0,,0,0,,1,,,,,,,Matches
231,Jack Grealish,eng ENG,MF,Everton,30-180,1995,20,"1,627",81,62.3,18.1,18,88,11,2,20,0,1.55,23,23,0,0,-0.09,Matches
232,Pascal Groß,de GER,MF,Brighton,34-267,1991,10,826,83,31.6,9.2,9,90,7,1,20,0,1.2,8,7,1,0.11,0.06,Matches
233,Brajan Gruda,de GER,MF,Brighton,21-282,2004,18,719,40,27.5,8,8,69,0,10,17,1,1.28,14,11,3,0.38,0.42,Matches
234,Ilia Gruev,bg BUL,MF,Leeds United,25-307,2000,20,"1,248",62,47.8,13.9,15,79,6,5,12,9,1.4,16,22,-6,-0.43,-0.1,Matches
235,Gabriel Gudmundsson,se SWE,"DF,MF",Leeds United,26-314,1999,28,"2,318",83,88.8,25.8,27,85,19,1,22,0,1.07,34,42,-8,-0.31,0.61,Matches
236,Marc Guéhi,eng ENG,DF,Crystal Palace,25-239,2000,20,"1,800",90,69,20,20,90,20,0,,0,1.35,22,23,-1,-0.05,0.06,Matches
237,Marc Guéhi,eng ENG,DF,Manchester City,25-239,2000,7,630,90,24.1,7,7,90,7,0,,0,2.43,14,6,8,1.14,0.05,Matches
238,Evann Guessand,ci CIV,MF,Crystal Palace,24-251,2001,5,210,42,8,2.3,2,62,0,3,29,0,1.8,7,5,2,0.86,1.01,Matches
239,Evann Guessand,ci CIV,MF,Aston Villa,24-251,2001,13,588,45,22.5,6.5,6,67,0,7,27,5,1.77,9,10,-1,-0.15,-0.42,Matches
240,Luis Guilherme,br BRA,FW,West Ham United,20-028,2006,5,125,25,4.8,1.4,1,45,0,4,20,3,0.4,2,2,0,0,0.69,Matches
241,Bruno Guimarães,br BRA,MF,Newcastle United,28-113,1997,23,"2,017",88,77.3,22.4,22,90,18,1,45,1,1.52,36,30,6,0.27,1.33,Matches
242,Marc Guiu,es ESP,FW,Sunderland,20-064,2006,2,15,8,0.6,0.2,0,,0,2,8,1,1.5,1,1,0,0,0.14,Matches
243,Marc Guiu,es ESP,FW,Chelsea,20-064,2006,7,238,34,9.1,2.6,1,75,0,6,27,14,1.86,6,1,5,1.89,1.36,Matches
244,İlkay Gündoğan,de GER,MF,Manchester City,35-136,1990,0,,,,,0,,0,0,,2,,,,,,,Matches
245,Angus Gunn,sct SCO,GK,Nottingham Forest,30-046,1996,1,45,45,1.7,0.5,0,,0,1,45,12,1,0,0,0,0,0.53,Matches
246,Malo Gusto,fr FRA,"DF,MF",Chelsea,22-294,2003,26,"1,651",64,63.3,18.3,18,81,8,8,24,1,1.69,39,21,18,0.98,0.89,Matches
247,Joško Gvardiol,hr CRO,DF,Manchester City,24-045,2002,16,"1,302",81,49.9,14.5,15,85,12,1,34,1,2.25,35,13,22,1.52,0.83,Matches
248,Viktor Gyökeres,se SWE,FW,Arsenal,27-278,1998,28,"1,862",67,69,20.7,23,75,8,5,27,0,2.25,44,11,33,1.6,1.17,Matches
249,Erling Haaland,no NOR,FW,Manchester City,25-231,2000,28,"2,323",83,89,25.8,27,85,19,1,18,0,2.04,55,26,29,1.12,0.18,Matches
250,Lewis Hall,eng ENG,DF,Newcastle United,21-182,2004,22,"1,573",72,60.3,17.5,17,87,13,5,18,3,1.32,26,30,-4,-0.23,-0.49,Matches
Rk,Player,Nation,Pos,Squad,Age,Born,MP,Min,Mn/MP,Min%,90s,Starts,Mn/Start,Compl,Subs,Mn/Sub,unSub,PPM,onG,onGA,#ERROR!,#ERROR!,On-Off,Matches
251,Jack Harrison,eng ENG,FW,Leeds United,29-109,1996,11,269,24,10.3,3,1,65,0,10,20,9,1.09,1,5,-4,-1.34,-1.07,Matches
252,Quilindschy Hartman,nl NED,DF,Burnley,24-115,2001,15,"1,337",89,51.2,14.9,15,89,13,0,,7,0.67,16,28,-12,-0.81,0.18,Matches
253,Jorrel Hato,nl NED,DF,Chelsea,20-002,2006,14,548,39,21,6.1,5,66,1,9,24,12,1.79,10,13,-3,-0.49,-1.45,Matches
254,Kai Havertz,de GER,MF,Arsenal,26-271,1999,5,204,41,7.6,2.3,2,63,0,3,26,2,3,4,0,4,1.76,0.57,Matches
255,Tom Heaton,eng ENG,GK,Manchester Utd,39-328,1986,0,,,,,0,,0,0,,4,,,,,,,Matches
256,Ayden Heaven,eng ENG,DF,Manchester Utd,19-168,2006,13,645,50,24.7,7.2,8,76,4,5,8,16,1.85,14,12,2,0.28,-0.13,Matches
257,Jan Paul van Hecke,nl NED,DF,Brighton,25-274,2000,27,"2,400",89,92,26.7,27,89,26,0,,0,1.33,38,34,4,0.15,1.01,Matches
258,Hwang Hee-chan,kr KOR,"FW,MF",Wolves,30-042,1996,20,"1,149",57,42.6,12.8,15,70,0,5,19,5,0.4,8,22,-14,-1.1,-0.17,Matches
259,George Hemmings,eng ENG,MF,Aston Villa,19-005,2007,2,27,14,1,0.3,0,,0,2,14,9,0,1,0,1,3.33,3.19,Matches
260,Dean Henderson,eng ENG,GK,Crystal Palace,28-362,1997,29,"2,610",90,100,29,29,90,29,0,,0,1.31,33,35,-2,-0.07,,Matches
261,Jordan Henderson,eng ENG,MF,Brentford,35-265,1990,27,"1,640",61,62.8,18.2,19,79,8,8,18,1,1.52,25,24,1,0.05,-0.22,Matches
262,Rico Henry,jm JAM,DF,Brentford,28-244,1997,25,"1,328",53,50.9,14.8,14,80,6,11,19,4,1.64,28,22,6,0.41,0.55,Matches
263,Mads Hermansen,dk DEN,GK,West Ham United,25-241,2000,9,810,90,31,9,9,90,9,0,,20,1.22,10,17,-7,-0.78,-0.18,Matches
264,Reigan Heskey,eng ENG,FW,Manchester City,18-050,2008,0,,,,,0,,0,0,,5,,,,,,,Matches
265,Aaron Hickey,sct SCO,DF,Brentford,23-272,2002,18,599,33,23,6.7,7,69,1,11,10,5,1.5,8,8,0,0,-0.18,Matches
266,James Hill,eng ENG,DF,Bournemouth,24-058,2002,20,"1,296",65,49.7,14.4,13,87,11,7,23,5,1.7,20,16,4,0.28,0.69,Matches
267,Piero Hincapié,ec ECU,DF,Arsenal,24-059,2002,20,"1,486",74,55,16.5,17,84,12,3,17,2,2.3,35,16,19,1.15,-0.18,Matches
268,Jack Hinshelwood,eng ENG,MF,Brighton,20-332,2005,18,"1,007",56,38.6,11.2,11,71,4,7,32,2,1.11,12,16,-4,-0.36,-0.69,Matches
269,Ki-Jana Hoever,nl NED,"MF,DF",Wolves,24-050,2002,8,425,53,15.7,4.7,6,65,0,2,17,9,0,3,13,-10,-2.12,-1.33,Matches
270,Ronnie Hollingshead,wls WAL,GK,Aston Villa,21-181,2004,0,,,,,0,,0,0,,1,,,,,,,Matches
271,Harry Howell,eng ENG,MF,Brighton,17-161,2008,3,94,31,3.6,1,1,70,0,2,12,3,0,0,2,-2,-1.91,-2.06,Matches
272,Callum Hudson-Odoi,eng ENG,MF,Nottingham Forest,25-122,2000,27,"1,637",61,62.7,18.2,18,76,3,9,31,0,0.93,18,25,-7,-0.38,0.36,Matches
273,Will Hughes,eng ENG,MF,Crystal Palace,30-326,1995,26,"1,242",48,47.6,13.8,14,75,7,12,16,3,1.31,10,13,-3,-0.22,-0.28,Matches
274,Trai Hume,nir NIR,"DF,MF",Sunderland,23-356,2002,29,"2,401",83,92,26.7,27,87,21,2,25,0,1.38,26,31,-5,-0.19,-0.62,Matches
275,Bashir Humphreys,eng ENG,"DF,MF",Burnley,22-359,2003,13,"1,062",82,40.7,11.8,11,89,10,2,40,4,0.62,12,24,-12,-1.02,-0.2,Matches
Rk,Player,Nation,Pos,Squad,Age,Born,MP,Min,Mn/MP,Min%,90s,Starts,Mn/Start,Compl,Subs,Mn/Sub,unSub,PPM,onG,onGA,#ERROR!,#ERROR!,On-Off,Matches
276,Omari Hutchinson,eng ENG,MF,Nottingham Forest,22-130,2003,22,"1,163",53,44.6,12.9,11,80,8,11,25,5,0.95,12,17,-5,-0.39,0.24,Matches
277,Igor,br BRA,DF,West Ham United,28-030,1998,4,105,26,4,1.2,1,90,1,3,5,9,2,4,3,1,0.86,1.58,Matches
278,Igor,br BRA,DF,Brighton,28-030,1998,0,,,,,0,,0,0,,2,,,,,,,Matches
279,Samuel Iling-Junior,eng ENG,MF,Aston Villa,22-156,2003,0,,,,,0,,0,0,,1,,,,,,,Matches
280,Danny Imray,eng ENG,"DF,MF",Crystal Palace,22-225,2003,0,,,,,0,,0,0,,2,,,,,,,Matches
281,Tim Iroegbunam,eng ENG,MF,Everton,22-252,2003,21,"1,023",49,39.2,11.4,12,77,5,9,11,5,1.52,11,10,1,0.09,0.09,Matches
282,Andy Irving,sct SCO,MF,West Ham United,25-300,2000,7,158,23,6.1,1.8,2,62,0,5,7,8,0.71,3,4,-1,-0.57,0.09,Matches
283,Alexander Isak,se SWE,FW,Liverpool,26-169,1999,10,504,50,19.3,5.6,6,74,0,4,15,1,1.4,4,7,-3,-0.54,-1.05,Matches
284,Wilson Isidor,fr FRA,FW,Sunderland,25-194,2000,26,"1,068",41,40.9,11.9,11,71,0,15,19,1,1.38,14,15,-1,-0.08,0.09,Matches
285,Alex Iwobi,ng NGA,MF,Fulham,29-310,1996,23,"1,951",85,74.8,21.7,23,85,8,0,,0,1.26,30,36,-6,-0.28,-0.69,Matches
286,Daniel James,wls WAL,FW,Leeds United,28-119,1997,14,408,29,15.6,4.5,4,62,0,10,16,2,0.79,0,13,-13,-2.87,-2.95,Matches
287,Reece James,eng ENG,"DF,MF",Chelsea,26-091,1999,26,"1,806",69,69.2,20.1,19,86,14,7,25,1,1.69,32,19,13,0.65,-0.02,Matches
288,Vitaly Janelt,de GER,MF,Brentford,27-303,1998,22,"1,261",57,48.3,14,13,83,10,9,20,2,1.5,24,16,8,0.57,0.84,Matches
289,Mathias Jensen,dk DEN,MF,Brentford,30-067,1996,27,"1,473",55,56.4,16.4,17,79,6,10,13,2,1.63,25,21,4,0.24,0.24,Matches
290,Gabriel Jesus,br BRA,FW,Arsenal,28-340,1997,11,313,28,11.6,3.5,2,58,0,9,22,6,2.18,6,6,0,0,-1.4,Matches
291,Igor Jesus,br BRA,FW,Nottingham Forest,25-012,2001,28,"1,668",60,63.9,18.5,20,75,4,8,21,0,1,19,31,-12,-0.65,-0.36,Matches
292,Álex Jiménez,es ESP,"DF,MF",Bournemouth,20-305,2005,25,"1,856",74,71.1,20.6,21,83,9,4,29,1,1.36,31,32,-1,-0.05,0.07,Matches
293,Raúl Jiménez,mx MEX,FW,Fulham,34-308,1991,28,"1,904",68,73,21.2,24,76,10,4,17,0,1.43,31,26,5,0.24,1.26,Matches
294,Jamaldeen Jimoh,eng ENG,MF,Aston Villa,19-158,2006,1,9,9,0.3,0.1,0,,0,1,9,8,0,1,0,1,10,9.86,Matches
295,João Pedro,br BRA,"FW,MF",Chelsea,24-164,2001,29,"2,144",74,82.1,23.8,25,81,10,4,31,0,1.66,45,23,22,0.92,1.5,Matches
296,Joelinton,br BRA,MF,Newcastle United,29-207,1996,22,"1,574",72,60.3,17.5,19,79,10,3,24,3,1.5,28,22,6,0.34,0.95,Matches
297,John,br BRA,GK,Nottingham Forest,30-024,1996,5,437,87,16.7,4.9,5,87,4,0,,12,0.6,5,8,-3,-0.62,-0.12,Matches
298,Brennan Johnson,wls WAL,"MF,FW",Tottenham Hotspur,24-290,2001,16,610,38,23.4,6.8,6,77,1,10,15,2,1.38,13,5,8,1.18,1.86,Matches
299,Brennan Johnson,wls WAL,MF,Crystal Palace,24-290,2001,10,547,55,21,6.1,6,79,3,4,19,0,1.1,4,8,-4,-0.66,-0.75,Matches
300,Sam Johnstone,eng ENG,GK,Wolves,32-349,1993,12,"1,080",90,40,12,12,90,12,0,,18,0.17,6,24,-18,-1.5,-0.83,Matches
Rk,Player,Nation,Pos,Squad,Age,Born,MP,Min,Mn/MP,Min%,90s,Starts,Mn/Start,Compl,Subs,Mn/Sub,unSub,PPM,onG,onGA,#ERROR!,#ERROR!,On-Off,Matches
301,Curtis Jones,eng ENG,MF,Liverpool,25-038,2001,25,"1,246",50,47.7,13.8,11,83,4,14,24,2,1.52,25,24,1,0.07,-0.46,Matches
302,Harrison Jones,eng ENG,MF,Sunderland,21-074,2004,0,,,,,0,,0,0,,10,,,,,,,Matches
303,Jenson Jones,eng ENG,DF,Sunderland,25-130,2000,0,,,,,0,,0,0,,4,,,,,,,Matches
304,Eli Junior Kroupi,fr FRA,"MF,FW",Bournemouth,19-259,2006,24,"1,061",44,40.7,11.8,13,69,0,11,15,5,1.29,21,18,3,0.25,0.54,Matches
305,Hamed Junior Traorè,ci CIV,MF,Bournemouth,26-021,2000,1,17,17,0.7,0.2,0,,0,1,17,0,0,1,2,-1,-5.29,-5.26,Matches
306,James Justin,eng ENG,"DF,MF",Leeds United,28-014,1998,20,"1,091",55,41.8,12.1,12,83,8,8,12,7,1.25,15,18,-3,-0.25,0.23,Matches
307,Filip Jørgensen,dk DEN,GK,Chelsea,23-327,2002,3,264,88,10.1,2.9,2,90,2,1,84,21,1.33,6,4,2,0.68,0.03,Matches
308,Ferdi Kadioglu,tr TUR,"DF,MF",Brighton,26-153,1999,28,"2,323",83,89,25.8,25,88,21,3,38,1,1.21,32,31,1,0.04,-0.27,Matches
309,Sasa Kalajdzic,at AUT,"FW,MF",Wolves,28-245,1997,1,15,15,0.6,0.2,0,,0,1,15,1,0,1,0,1,6,7.04,Matches
310,Arnaud Kalimuendo,fr FRA,FW,Nottingham Forest,24-048,2002,9,96,11,3.7,1.1,0,,0,9,11,9,0.22,0,3,-3,-2.81,-2.38,Matches
311,Daichi Kamada,jp JPN,MF,Crystal Palace,29-216,1996,19,"1,468",77,56.2,16.3,17,83,5,2,30,0,1.74,25,17,8,0.49,1.28,Matches
312,Boubacar Kamara,fr FRA,MF,Aston Villa,26-106,1999,18,"1,411",78,54.1,15.7,17,82,9,1,19,0,2.33,26,15,11,0.7,1.15,Matches
313,Mohamadou Kanté,fr FRA,MF,West Ham United,20-170,2005,6,28,5,1.1,0.3,0,,0,6,5,9,1,0,0,0,0,0.66,Matches
314,Michael Kayode,it ITA,DF,Brentford,21-242,2004,28,"2,448",87,93.8,27.2,28,87,22,0,,0,1.57,43,37,6,0.22,1.33,Matches
315,Michael Keane,eng ENG,DF,Everton,33-057,1993,25,"1,957",78,75,21.7,22,88,20,3,4,0,1.32,21,28,-7,-0.32,-1.42,Matches
316,Caoimhín Kelleher,ie IRL,GK,Brentford,27-106,1998,28,"2,520",90,96.6,28,28,90,28,0,,0,1.46,40,37,3,0.11,-0.89,Matches
317,Milos Kerkez,hu HUN,DF,Liverpool,22-122,2003,27,"1,953",72,74.8,21.7,24,79,13,3,22,2,1.56,35,28,7,0.32,0.05,Matches
318,Kevin,br BRA,MF,Fulham,23-064,2003,23,908,39,34.8,10.1,8,69,0,15,24,1,1.39,12,14,-2,-0.2,-0.15,Matches
319,Abdukodir Khusanov,uz UZB,DF,Manchester City,22-008,2004,14,802,57,30.7,8.9,8,80,5,6,27,9,1.86,11,7,4,0.45,-0.94,Matches
320,Max Kilman,eng ENG,DF,West Ham United,28-290,1997,21,"1,561",74,59.8,17.3,17,90,17,4,8,8,0.95,18,37,-19,-1.1,-1.1,Matches
321,George King,eng ENG,DF,Crystal Palace,18-354,2007,0,,,,,0,,0,0,,1,,,,,,,Matches
322,Joshua King,eng ENG,MF,Fulham,19-065,2007,23,997,43,38.2,11.1,12,66,0,11,19,3,1.39,11,15,-4,-0.36,-0.42,Matches
323,Tom King,wls WAL,GK,Everton,31-000,1995,0,,,,,0,,0,0,,13,,,,,,,Matches
324,Antonín Kinský,cz CZE,GK,Tottenham Hotspur,22-361,2003,0,,,,,0,,0,0,,28,,,,,,,Matches
325,Jakub Kiwior,pl POL,"DF,MF",Arsenal,26-022,2000,0,,,,,0,,0,0,,1,,,,,,,Matches
Rk,Player,Nation,Pos,Squad,Age,Born,MP,Min,Mn/MP,Min%,90s,Starts,Mn/Start,Compl,Subs,Mn/Sub,unSub,PPM,onG,onGA,#ERROR!,#ERROR!,On-Off,Matches
326,Justin Kluivert,nl NED,MF,Bournemouth,26-308,1999,18,919,51,35.2,10.2,10,72,0,8,25,0,1.22,16,18,-2,-0.2,-0.2,Matches
327,Joe Knight,eng ENG,MF,Brighton,20-169,2005,1,1,1,0,0,0,,0,1,1,4,3,0,0,0,0,-0.07,Matches
328,Randal Kolo Muani,fr FRA,"FW,MF",Tottenham Hotspur,27-094,1998,21,"1,191",57,45.6,13.2,15,68,2,6,28,2,0.67,12,25,-13,-0.98,-1.36,Matches
329,Ibrahima Konaté,fr FRA,DF,Liverpool,26-288,1999,28,"2,404",86,92.1,26.7,28,86,22,0,,0,1.71,41,32,9,0.34,0.34,Matches
330,Ezri Konsa,eng ENG,DF,Aston Villa,28-137,1997,28,"2,495",89,95.6,27.7,28,89,27,0,,0,1.82,39,33,6,0.22,1,Matches
331,Charalampos Kostoulas,gr GRE,FW,Brighton,18-283,2007,16,305,19,11.7,3.4,2,76,0,14,11,5,0.94,7,7,0,0,-0.08,Matches
332,Mateo Kovačić,hr CRO,MF,Manchester City,31-307,1994,1,5,5,0.2,0.1,0,,0,1,5,3,3,0,0,0,0,-1.11,Matches
333,Emil Krafth,se SWE,DF,Newcastle United,31-219,1994,1,45,45,1.7,0.5,1,45,0,0,,9,0,1,2,-1,-2,-2,Matches
334,Ladislav Krejčí,cz CZE,"DF,MF",Wolves,26-323,1999,23,"1,947",85,72.1,21.6,22,86,18,1,48,1,0.57,16,35,-19,-0.88,0.44,Matches
335,Mohammed Kudus,gh GHA,"MF,FW",Tottenham Hotspur,25-219,2000,19,"1,535",81,58.8,17.1,19,81,8,0,,0,1.37,22,20,2,0.12,0.87,Matches
336,Godwill Kukonki,eng ENG,DF,Manchester Utd,18-031,2008,0,,,,,0,,0,0,,2,,,,,,,Matches
337,Jonah Kusi-Asare,se SWE,FW,Fulham,18-248,2007,5,34,7,1.3,0.4,0,,0,5,7,10,0.8,2,2,0,0,0.1,Matches
338,Rio Kyerematen,eng ENG,MF,Tottenham Hotspur,20-273,2005,0,,,,,0,,0,0,,2,,,,,,,Matches
339,Shea Lacey,eng ENG,FW,Manchester Utd,18-329,2007,2,14,7,0.5,0.2,0,,0,2,7,8,0.5,0,0,0,0,-0.38,Matches
340,Maxence Lacroix,fr FRA,DF,Crystal Palace,25-337,2000,27,"2,395",89,91.8,26.6,27,89,26,0,,0,1.19,29,32,-3,-0.11,-0.53,Matches
341,Keiber Lamadrid,ve VEN,MF,West Ham United,22-111,2003,0,,,,,0,,0,0,,1,,,,,,,Matches
342,Senne Lammens,be BEL,GK,Manchester Utd,23-245,2002,23,"2,070",90,79.3,23,23,90,23,0,,3,1.91,44,29,15,0.65,1.32,Matches
343,Jamaal Lascelles,eng ENG,DF,Newcastle United,32-118,1993,2,21,11,0.8,0.2,0,,0,2,11,3,0.5,0,2,-2,-8.57,-8.61,Matches
344,Josh Laurent,eng ENG,"DF,MF",Burnley,30-307,1995,26,"1,409",54,54,15.7,14,82,9,12,22,3,0.73,16,34,-18,-1.15,-0.55,Matches
345,Roméo Lavia,be BEL,MF,Chelsea,22-062,2004,6,140,23,5.4,1.6,1,45,0,5,19,2,2,1,3,-2,-1.29,-2.05,Matches
346,Enzo Le Fée,fr FRA,"MF,FW",Sunderland,26-034,2000,28,"2,295",82,87.9,25.5,26,87,19,2,22,0,1.39,26,31,-5,-0.2,-0.48,Matches
347,Benjamin Lecomte,fr FRA,GK,Fulham,34-317,1991,0,,,,,0,,0,0,,29,,,,,,,Matches
348,Bernd Leno,de GER,GK,Fulham,34-005,1992,29,"2,610",90,100,29,29,90,29,0,,0,1.38,40,43,-3,-0.1,,Matches
349,Diego León,py PAR,DF,Manchester Utd,18-340,2007,0,,,,,0,,0,0,,3,,,,,,,Matches
350,Giovanni Leoni,it ITA,DF,Liverpool,19-078,2006,0,,,,,0,,0,0,,1,,,,,,,Matches
Rk,Player,Nation,Pos,Squad,Age,Born,MP,Min,Mn/MP,Min%,90s,Starts,Mn/Start,Compl,Subs,Mn/Sub,unSub,PPM,onG,onGA,#ERROR!,#ERROR!,On-Off,Matches
351,Jefferson Lerma,co COL,"MF,DF",Crystal Palace,31-135,1994,23,"1,165",51,44.6,12.9,12,80,9,11,19,3,1.3,16,15,1,0.08,0.26,Matches
352,Rico Lewis,eng ENG,DF,Manchester City,21-108,2004,10,317,32,12.1,3.5,3,82,2,7,10,16,1.9,6,5,1,0.28,-0.93,Matches
353,Keane Lewis-Potter,eng ENG,"MF,DF",Brentford,25-015,2001,27,"1,165",43,44.6,12.9,13,74,3,14,14,2,1.52,17,20,-3,-0.23,-0.67,Matches
354,Myles Lewis-Skelly,eng ENG,DF,Arsenal,19-164,2006,14,321,23,11.9,3.6,1,70,0,13,19,15,2.5,9,5,4,1.12,-0.13,Matches
355,Matthijs de Ligt,nl NED,DF,Manchester Utd,26-209,1999,13,"1,170",90,44.8,13,13,90,13,0,,0,1.62,21,20,1,0.08,-0.55,Matches
356,Pedro Lima,br BRA,DF,Wolves,19-251,2006,3,4,1,0.1,0,0,,0,3,1,7,0.33,0,1,-1,-22.5,-21.53,Matches
357,Victor Lindelöf,se SWE,DF,Aston Villa,31-235,1994,12,578,48,22.1,6.4,6,90,6,6,6,14,2.42,13,9,4,0.62,0.58,Matches
358,Valentino Livramento,eng ENG,DF,Newcastle United,23-117,2002,13,"1,049",81,40.2,11.7,11,89,10,2,37,0,1.69,19,10,9,0.77,1.35,Matches
359,Sean Longstaff,eng ENG,MF,Leeds United,28-130,1997,17,947,56,36.3,10.5,10,84,7,7,15,4,1,10,19,-9,-0.86,-0.75,Matches
360,Fer López,es ESP,MF,Wolves,21-289,2004,9,235,26,8.7,2.6,2,55,0,7,18,11,0.11,3,9,-6,-2.3,-1.42,Matches
361,Lucas,br BRA,"MF,DF",Burnley,24-350,2001,14,"1,087",78,41.6,12.1,12,86,11,2,28,12,0.43,12,24,-12,-0.99,-0.17,Matches
362,Lorenzo Lucca,it ITA,FW,Nottingham Forest,25-180,2000,3,121,40,4.6,1.3,1,70,0,2,26,1,0.33,1,1,0,0,0.54,Matches
363,Florentino Luís,pt POR,MF,Burnley,26-202,1999,24,"1,654",69,63.4,18.4,20,78,8,4,22,2,0.58,15,37,-22,-1.2,-0.82,Matches
364,Douglas Luiz,br BRA,MF,Aston Villa,27-304,1998,6,456,76,17.5,5.1,6,76,1,0,,0,0.83,2,6,-4,-0.79,-1.17,Matches
365,Douglas Luiz,br BRA,MF,Nottingham Forest,27-304,1998,8,315,39,12.1,3.5,5,51,0,3,19,6,0.63,1,7,-6,-1.71,-1.36,Matches
366,Saša Lukić,rs SRB,MF,Fulham,29-208,1996,19,"1,210",64,46.4,13.4,15,76,7,4,17,2,1.32,14,17,-3,-0.22,-0.22,Matches
367,Ian Maatsen,nl NED,DF,Aston Villa,23-364,2002,23,"1,255",55,48.1,13.9,13,82,6,10,19,6,1.74,20,20,0,0,-0.33,Matches
368,Alexis Mac Allister,ar ARG,MF,Liverpool,27-075,1998,28,"2,000",71,76.6,22.2,24,80,14,4,23,0,1.61,33,28,5,0.23,-0.37,Matches
369,Noni Madueke,eng ENG,"FW,MF",Arsenal,23-364,2002,19,835,44,30.9,9.3,11,64,0,8,16,5,1.89,18,7,11,1.19,-0.07,Matches
370,Gabriel Magalhães,br BRA,DF,Arsenal,28-080,1997,24,"2,076",87,76.9,23.1,23,89,22,1,20,0,2.25,45,15,30,1.3,0.29,Matches
371,Soungoutou Magassa,fr FRA,MF,West Ham United,22-152,2003,18,937,52,35.9,10.4,11,74,2,7,18,7,0.67,11,23,-12,-1.15,-0.78,Matches
372,Harry Maguire,eng ENG,DF,Manchester Utd,33-004,1993,16,"1,036",65,39.7,11.5,12,82,7,4,13,3,1.88,20,12,8,0.69,0.52,Matches
373,Kobbie Mainoo,eng ENG,MF,Manchester Utd,20-324,2005,20,942,47,36.1,10.5,8,88,6,12,20,4,2.1,21,14,7,0.67,0.45,Matches
374,Tyrell Malacia,nl NED,DF,Manchester Utd,26-204,1999,2,9,5,0.3,0.1,0,,0,2,5,17,1.5,0,1,-1,-10,-10.42,Matches
375,Donyell Malen,nl NED,"FW,MF",Aston Villa,27-059,1999,21,656,31,25.1,7.3,5,71,0,16,19,0,2.05,11,10,1,0.14,-0.05,Matches
Rk,Player,Nation,Pos,Squad,Age,Born,MP,Min,Mn/MP,Min%,90s,Starts,Mn/Start,Compl,Subs,Mn/Sub,unSub,PPM,onG,onGA,#ERROR!,#ERROR!,On-Off,Matches
376,Giorgi Mamardashvili,ge GEO,GK,Liverpool,25-161,2000,5,450,90,17.2,5,5,90,5,0,,24,0.6,6,10,-4,-0.8,-1.34,Matches
377,Christos Mandas,gr GRE,GK,Bournemouth,24-173,2001,0,,,,,0,,0,0,,6,,,,,,,Matches
378,Reinildo Mandava,mz MOZ,DF,Sunderland,32-047,1994,17,"1,427",84,54.7,15.9,17,84,15,0,,0,1.53,20,19,1,0.06,0.44,Matches
379,Mateus Mane,pt POR,MF,Wolves,18-174,2007,19,"1,241",65,46,13.8,13,88,11,6,16,0,0.74,12,18,-6,-0.44,1.05,Matches
380,Bendito Mantato,eng ENG,MF,Manchester Utd,18-043,2008,1,16,16,0.6,0.2,0,,0,1,16,3,1,0,0,0,0,-0.38,Matches
381,Solly March,eng ENG,MF,Brighton,31-232,1994,1,5,5,0.2,0.1,0,,0,1,5,0,3,0,0,0,0,-0.07,Matches
382,Omar Marmoush,eg EGY,"FW,MF",Manchester City,27-030,1999,16,513,32,19.7,5.7,6,63,0,10,13,3,2.13,8,4,4,0.7,-0.5,Matches
383,Zachariah Marsh,eng ENG,FW,Crystal Palace,20-154,2005,0,,,,,0,,0,0,,1,,,,,,,Matches
384,Callum Marshall,nir NIR,FW,West Ham United,21-101,2004,2,60,30,2.3,0.7,0,,0,2,30,4,0,0,2,-2,-3,-2.4,Matches
385,Gabriel Martinelli,br BRA,"FW,MF",Arsenal,24-264,2001,24,824,34,30.5,9.2,9,62,1,15,18,4,2.25,17,5,12,1.31,0.11,Matches
386,Emiliano Martínez,ar ARG,GK,Aston Villa,33-188,1992,25,"2,205",88,84.5,24.5,25,88,24,0,,0,1.76,32,26,6,0.24,0.47,Matches
387,Lisandro Martínez,ar ARG,DF,Manchester Utd,28-050,1998,14,908,65,34.8,10.1,9,90,8,5,20,1,1.93,19,11,8,0.79,0.63,Matches
388,Arthur Masuaku,cd COD,DF,Sunderland,32-122,1993,3,126,42,4.8,1.4,2,58,0,1,11,8,1.33,1,2,-1,-0.71,-0.61,Matches
389,Pape Matar Sarr,sn SEN,MF,Tottenham Hotspur,23-176,2002,20,"1,147",57,43.9,12.7,11,88,9,9,20,2,1.1,19,18,1,0.08,0.57,Matches
390,Jean-Philippe Mateta,fr FRA,FW,Crystal Palace,28-254,1997,23,"1,904",83,73,21.2,23,83,12,0,,0,1.22,19,23,-4,-0.19,-0.44,Matches
391,Remi Matthews,eng ENG,GK,Crystal Palace,32-027,1994,0,,,,,0,,0,0,,8,,,,,,,Matches
392,Konstantinos Mavropanos,gr GRE,DF,West Ham United,28-088,1997,22,"1,724",78,66.1,19.2,18,90,18,4,26,3,0.95,23,33,-10,-0.52,0.39,Matches
393,Eliezer Mayenda,es ESP,"FW,MF",Sunderland,20-305,2005,17,744,44,28.5,8.3,8,74,1,9,17,12,1.24,8,9,-1,-0.12,0.02,Matches
394,Ezra Mayers,bb BRB,DF,West Ham United,19-052,2007,6,117,20,4.5,1.3,0,,0,6,20,7,0.33,0,3,-3,-2.31,-1.73,Matches
395,Noussair Mazraoui,ma MAR,"MF,DF",Manchester Utd,28-115,1997,15,618,41,23.7,6.9,7,67,1,8,19,3,2,14,7,7,1.02,0.84,Matches
396,Bryan Mbeumo,cm CMR,"MF,FW",Manchester Utd,26-214,1999,24,"2,043",85,78.3,22.7,24,85,13,0,,0,1.88,42,30,12,0.53,0.69,Matches
397,Ryan Mcaidoo,eng ENG,FW,Manchester City,17-258,2008,0,,,,,0,,0,0,,6,,,,,,,Matches
398,James Mcatee,eng ENG,MF,Nottingham Forest,23-142,2002,8,176,22,6.7,2,1,59,0,7,17,18,0.13,0,8,-8,-4.09,-3.83,Matches
399,John McGinn,sct SCO,MF,Aston Villa,31-142,1994,22,"1,591",72,61,17.7,21,74,5,1,45,0,1.95,26,21,5,0.28,0.28,Matches
400,Kian McMahon-Brown,ie IRL,MF,Burnley,17-218,2008,0,,,,,0,,0,0,,1,,,,,,,Matches
Rk,Player,Nation,Pos,Squad,Age,Born,MP,Min,Mn/MP,Min%,90s,Starts,Mn/Start,Compl,Subs,Mn/Sub,unSub,PPM,onG,onGA,#ERROR!,#ERROR!,On-Off,Matches
401,Alfie McNally,eng ENG,GK,Fulham,21-077,2004,0,,,,,0,,0,0,,1,,,,,,,Matches
402,Dwight McNeil,eng ENG,"MF,FW",Everton,26-107,1999,16,787,49,30.2,8.7,9,77,3,7,14,11,1.75,9,5,4,0.46,0.61,Matches
403,Hannibal Mejbri,tn TUN,MF,Burnley,23-047,2003,21,883,42,33.8,9.8,10,74,2,11,13,2,0.81,12,22,-10,-1.02,-0.19,Matches
404,Mikel Merino,es ESP,"MF,FW",Arsenal,29-260,1996,21,"1,007",48,37.3,11.2,10,77,5,11,22,2,2.19,22,9,13,1.16,-0.11,Matches
405,Max Merrick,eng ENG,GK,Chelsea,20-119,2005,0,,,,,0,,0,0,,1,,,,,,,Matches
406,Illan Meslier,fr FRA,GK,Leeds United,26-007,2000,0,,,,,0,,0,0,,5,,,,,,,Matches
407,Stephen Mfuni,eng ENG,DF,Manchester City,18-025,2008,0,,,,,0,,0,0,,5,,,,,,,Matches
408,Antoni Milambo,nl NED,MF,Brentford,20-340,2005,1,45,45,1.7,0.5,1,45,0,0,,3,0,0,3,-3,-6,-6.25,Matches
409,Nikola Milenković,rs SRB,DF,Nottingham Forest,28-148,1997,29,"2,610",90,100,29,29,90,29,0,,0,0.97,28,43,-15,-0.52,,Matches
410,Lewis Miley,eng ENG,"MF,DF",Newcastle United,19-312,2006,19,"1,136",60,43.5,12.6,11,87,9,8,22,5,1.42,20,16,4,0.32,0.62,Matches
411,James Milner,eng ENG,MF,Brighton,40-064,1986,17,561,33,21.5,6.2,4,78,0,13,19,6,1.29,13,13,0,0,-0.09,Matches
412,Veljko Milosavljević,rs SRB,DF,Bournemouth,18-254,2007,7,368,53,14.1,4.1,4,90,4,3,3,13,1.86,5,6,-1,-0.24,-0.2,Matches
413,Tyrone Mings,eng ENG,DF,Aston Villa,32-361,1993,12,874,73,33.5,9.7,10,84,9,2,17,4,1.17,6,12,-6,-0.62,-1.19,Matches
414,Yankuba Minteh,gm GAM,MF,Brighton,21-230,2004,25,"1,682",67,64.4,18.7,18,83,8,7,27,2,1.08,27,26,1,0.05,-0.04,Matches
415,Tyrick Mitchell,eng ENG,MF,Crystal Palace,26-189,1999,29,"2,577",89,98.7,28.6,29,89,26,0,,0,1.31,32,35,-3,-0.1,-2.83,Matches
416,Kaoru Mitoma,jp JPN,"MF,FW",Brighton,28-293,1997,19,"1,411",74,54.1,15.7,16,83,9,3,29,0,1.16,17,16,1,0.06,-0.01,Matches
417,Simon Moore,eng ENG,GK,Sunderland,35-294,1990,0,,,,,0,,0,0,,2,,,,,,,Matches
418,Jack Moorhouse,ie IRL,MF,Manchester Utd,20-100,2005,0,,,,,0,,0,0,,2,,,,,,,Matches
419,Morato,br BRA,DF,Nottingham Forest,24-252,2001,15,941,63,36.1,10.5,10,89,9,5,11,13,1.07,4,17,-13,-1.24,-1.14,Matches
420,Kieran Morrison,nir NIR,MF,Liverpool,19-120,2006,0,,,,,0,,0,0,,4,,,,,,,Matches
421,Cristhian Mosquera,es ESP,DF,Arsenal,21-255,2004,13,620,48,23,6.9,6,70,3,7,28,10,2.15,10,5,5,0.73,-0.66,Matches
422,Yerson Mosquera,co COL,DF,Wolves,24-311,2001,21,"1,616",77,59.9,18,18,86,12,3,26,6,0.71,16,29,-13,-0.72,0.69,Matches
423,Mason Mount,eng ENG,MF,Manchester Utd,27-058,1999,17,816,48,31.3,9.1,10,68,2,7,20,3,1.71,16,14,2,0.22,-0.23,Matches
424,Divine Mukasa,eng ENG,MF,Manchester City,18-199,2007,2,27,14,1,0.3,0,,0,2,14,9,1.5,0,0,0,0,-1.11,Matches
425,Nordi Mukiele,fr FRA,DF,Sunderland,28-128,1997,25,"2,163",87,82.9,24,25,87,23,0,,0,1.32,24,28,-4,-0.17,-0.17,Matches
Rk,Player,Nation,Pos,Squad,Age,Born,MP,Min,Mn/MP,Min%,90s,Starts,Mn/Start,Compl,Subs,Mn/Sub,unSub,PPM,onG,onGA,#ERROR!,#ERROR!,On-Off,Matches
426,Romaine Mundle,eng ENG,MF,Sunderland,22-319,2003,14,411,29,15.7,4.6,2,66,0,12,23,1,1.14,5,11,-6,-1.31,-1.4,Matches
427,Marshall Munetsi,zw ZIM,"MF,FW",Wolves,29-260,1996,13,875,67,32.4,9.7,9,86,6,4,24,1,0.15,6,19,-13,-1.34,-0.5,Matches
428,Rodrigo Muniz,br BRA,FW,Fulham,24-309,2001,12,475,40,18.2,5.3,4,73,0,8,23,0,1.42,6,7,-1,-0.19,-0.11,Matches
429,Daniel Muñoz,co COL,MF,Crystal Palace,29-287,1996,21,"1,778",85,68.1,19.8,21,85,17,0,,0,1.57,24,20,4,0.2,0.85,Matches
430,Murillo,br BRA,DF,Nottingham Forest,23-248,2002,21,"1,819",87,69.7,20.2,21,87,19,0,,1,1.1,25,28,-3,-0.15,1.22,Matches
431,Alex Murphy,ie IRL,DF,Newcastle United,21-257,2004,1,2,2,0.1,0,0,,0,1,2,17,0,0,1,-1,-45,-45,Matches
432,Jacob Murphy,eng ENG,"FW,MF",Newcastle United,31-013,1995,24,"1,144",48,43.8,12.7,13,70,1,11,21,3,1.33,19,13,6,0.47,0.9,Matches
433,Vitaliy Mykolenko,ua UKR,DF,Everton,26-284,1999,24,"2,148",90,82.3,23.9,24,90,21,0,,1,1.58,31,30,1,0.04,0.04,Matches
434,David Møller Wolfe,no NOR,"MF,DF",Wolves,23-320,2002,18,846,47,31.3,9.4,9,80,4,9,14,11,0.5,4,20,-16,-1.7,-1.02,Matches
435,Amara Nallo,eng ENG,DF,Liverpool,19-111,2006,0,,,,,0,,0,0,,1,,,,,,,Matches
436,Iliman Ndiaye,sn SEN,MF,Everton,26-003,2000,23,"1,970",86,75.5,21.9,23,86,13,0,,0,1.52,27,27,0,0,-0.14,Matches
437,Dan Ndoye,ch SUI,MF,Nottingham Forest,25-135,2000,21,"1,115",53,42.7,12.4,14,71,3,7,17,3,1,14,17,-3,-0.24,0.48,Matches
438,Sean Neave,eng ENG,FW,Newcastle United,18-286,2007,0,,,,,0,,0,0,,10,,,,,,,Matches
439,Dan Neil,eng ENG,MF,Sunderland,24-086,2001,3,14,5,0.5,0.2,0,,0,3,5,19,1.33,0,0,0,0,0.14,Matches
440,Reiss Nelson,eng ENG,"FW,MF",Brentford,26-089,1999,6,55,9,2.1,0.6,0,,0,6,9,9,2.17,5,1,4,6.55,6.55,Matches
441,Pedro Neto,pt POR,MF,Chelsea,26-000,2000,28,"2,140",76,82,23.8,24,82,13,4,46,0,1.61,42,21,21,0.88,1.27,Matches
442,Luca Netz,de GER,"DF,MF",Nottingham Forest,22-298,2003,2,50,25,1.9,0.6,0,,0,2,25,2,0,1,0,1,1.8,2.36,Matches
443,Rio Ngumoha,eng ENG,FW,Liverpool,17-192,2008,11,138,13,5.3,1.5,0,,0,11,13,17,1.27,8,4,4,2.61,2.43,Matches
444,Eddie Nketiah,eng ENG,MF,Crystal Palace,26-283,1999,12,424,35,16.2,4.7,2,70,0,10,28,0,1.33,6,12,-6,-1.27,-1.44,Matches
445,Lukas Nmecha,de GER,FW,Leeds United,27-085,1998,23,767,33,29.4,8.5,7,73,0,16,16,2,0.96,10,18,-8,-0.94,-0.79,Matches
446,Gustavo Nunes,br BRA,MF,Brentford,20-109,2005,0,,,,,0,,0,0,,2,,,,,,,Matches
447,Matheus Nunes,pt POR,DF,Manchester City,27-194,1998,26,"2,175",84,83.3,24.2,24,88,21,2,35,2,2.19,52,22,30,1.24,0.83,Matches
448,Ethan Nwaneri,eng ENG,MF,Arsenal,18-353,2007,6,171,29,6.3,1.9,0,,0,6,29,11,2.67,8,0,8,4.21,3.18,Matches
449,Trey Nyoni,eng ENG,MF,Liverpool,18-252,2007,3,7,2,0.3,0.1,0,,0,3,2,17,3,0,0,0,0,-0.31,Matches
450,Christian Nørgaard,dk DEN,MF,Arsenal,31-364,1994,6,61,10,2.3,0.7,0,,0,6,10,18,3,2,1,1,1.48,0.25,Matches
Rk,Player,Nation,Pos,Squad,Age,Born,MP,Min,Mn/MP,Min%,90s,Starts,Mn/Start,Compl,Subs,Mn/Sub,unSub,PPM,onG,onGA,#ERROR!,#ERROR!,On-Off,Matches
451,Jake O'Brien,ie IRL,DF,Everton,24-298,2001,28,"2,368",85,90.7,26.3,26,88,23,2,42,0,1.54,32,31,1,0.04,0.04,Matches
452,Luke O'Nien,eng ENG,DF,Sunderland,31-108,1994,6,114,19,4.4,1.3,1,90,1,5,5,14,1.17,1,0,1,0.79,0.97,Matches
453,Matt O'Riley,dk DEN,MF,Brighton,25-108,2000,3,186,62,7.1,2.1,2,89,1,1,9,3,0.33,1,2,-1,-0.48,-0.6,Matches
454,Chidozie Obi-Martin,dk DEN,FW,Manchester Utd,18-100,2007,0,,,,,0,,0,0,,1,,,,,,,Matches
455,Wilson Odobert,fr FRA,"MF,FW",Tottenham Hotspur,21-101,2004,24,985,41,37.7,10.9,10,68,1,14,22,2,1.08,16,13,3,0.27,0.83,Matches
456,Temple Ojinnaka,it ITA,MF,Wolves,20-344,2005,0,,,,,0,,0,0,,2,,,,,,,Matches
457,Noah Okafor,ch SUI,"FW,MF",Leeds United,25-289,2000,23,"1,273",55,48.8,14.1,15,73,1,8,22,1,1.13,22,24,-2,-0.14,0.46,Matches
458,Saheed Olagunju,ng NGA,DF,Wolves,19-061,2007,0,,,,,0,,0,0,,3,,,,,,,Matches
459,Callum Olusesi,eng ENG,MF,Tottenham Hotspur,19-051,2007,0,,,,,0,,0,0,,7,,,,,,,Matches
460,Wellity Omoruyi,es ESP,DF,Liverpool,20-056,2006,0,,,,,0,,0,0,,4,,,,,,,Matches
461,Amadou Onana,be BEL,MF,Aston Villa,24-205,2001,20,"1,380",69,52.9,15.3,17,78,7,3,16,1,1.95,20,19,1,0.07,-0.23,Matches
462,André Onana,cm CMR,GK,Manchester Utd,29-341,1996,0,,,,,0,,0,0,,2,,,,,,,Matches
463,Tyler Onyango,eng ENG,MF,Everton,23-005,2003,0,,,,,0,,0,0,,3,,,,,,,Matches
464,Frank Onyeka,ng NGA,MF,Brentford,28-067,1998,6,92,15,3.5,1,0,,0,6,15,10,1.5,3,2,1,0.98,0.87,Matches
465,Nehemiah Oriola,eng ENG,MF,Brighton,18-271,2007,1,1,1,0,0,0,,0,1,1,6,3,0,0,0,0,-0.07,Matches
466,Stefan Ortega,de GER,GK,Manchester City,33-123,1992,0,,,,,0,,0,0,,1,,,,,,,Matches
467,Stefan Ortega,de GER,GK,Nottingham Forest,33-123,1992,3,270,90,10.3,3,3,90,3,0,,0,0.33,1,4,-3,-1,-0.54,Matches
468,William Osula,dk DEN,FW,Newcastle United,22-217,2003,16,280,18,10.7,3.1,1,90,1,15,13,1,1.13,4,6,-2,-0.64,-0.68,Matches
469,Dango Ouattara,bf BFA,MF,Brentford,24-026,2002,23,"1,616",70,61.9,18,18,82,7,5,27,0,1.35,24,24,0,0,-0.36,Matches
470,Nico O’Reilly,eng ENG,"DF,MF",Manchester City,20-353,2005,27,"2,043",76,78.3,22.7,22,87,16,5,27,1,2.19,50,19,31,1.37,1.21,Matches
471,Pablo,br BRA,MF,West Ham United,22-066,2004,5,252,50,9.7,2.8,3,71,0,2,20,1,1.8,6,4,2,0.71,1.52,Matches
472,João Palhinha,pt POR,"MF,DF",Tottenham Hotspur,30-243,1995,26,"1,779",68,68.2,19.8,19,84,12,7,26,1,1.04,25,32,-7,-0.35,-0.35,Matches
473,Cole Palmer,eng ENG,"MF,FW",Chelsea,23-307,2002,18,"1,237",69,47.4,13.7,16,73,5,2,33,1,1.28,27,18,9,0.65,0,Matches
474,Lucas Paquetá,br BRA,"MF,FW",West Ham United,28-194,1997,18,"1,511",84,57.9,16.8,18,84,8,0,,0,0.67,18,32,-14,-0.83,-0.42,Matches
475,Anthony Patterson,eng ENG,GK,Sunderland,25-303,2000,0,,,,,0,,0,0,,23,,,,,,,Matches
Rk,Player,Nation,Pos,Squad,Age,Born,MP,Min,Mn/MP,Min%,90s,Starts,Mn/Start,Compl,Subs,Mn/Sub,unSub,PPM,onG,onGA,#ERROR!,#ERROR!,On-Off,Matches
476,Nathan Patterson,sct SCO,DF,Everton,24-144,2001,6,240,40,9.2,2.7,3,77,1,3,3,14,1.67,3,1,2,0.75,0.79,Matches
477,Travis Patterson,eng ENG,DF,Aston Villa,20-154,2005,0,,,,,0,,0,0,,1,,,,,,,Matches
478,Myles Peart-Harris,eng ENG,MF,Brentford,23-172,2002,1,1,1,0,0,0,,0,1,1,4,3,0,0,0,0,-0.14,Matches
479,Ármin Pécsi,hu HUN,GK,Liverpool,21-013,2005,0,,,,,0,,0,0,,1,,,,,,,Matches
480,Andreas Pereira,br BRA,MF,Fulham,30-067,1996,0,,,,,0,,0,0,,1,,,,,,,Matches
481,Lucas Perri,br BRA,GK,Leeds United,28-089,1997,16,"1,440",90,55.2,16,16,90,16,0,,9,1.13,23,29,-6,-0.37,0.01,Matches
482,Đorđe Petrović,rs SRB,GK,Bournemouth,26-152,1999,29,"2,610",90,100,29,29,90,29,0,,0,1.38,44,46,-2,-0.07,,Matches
483,Jordan Pickford,eng ENG,GK,Everton,32-002,1994,29,"2,610",90,100,29,29,90,29,0,,0,1.48,34,33,1,0.03,,Matches
484,Oliver Pimlott,eng ENG,MF,Burnley,18-336,2007,0,,,,,0,,0,0,,2,,,,,,,Matches
485,Ethan Pinnock,jm JAM,DF,Brentford,32-284,1993,3,228,76,8.7,2.5,3,76,0,0,,24,0.33,2,5,-3,-1.18,-1.45,Matches
486,Yeremi Pino,es ESP,MF,Crystal Palace,23-140,2002,26,"1,710",66,65.5,19,21,77,4,5,19,1,1.27,17,20,-3,-0.16,-0.26,Matches
487,Joël Piroe,nl NED,FW,Leeds United,26-219,1999,13,226,17,8.7,2.5,2,67,0,11,8,15,0.85,2,7,-5,-1.99,-1.76,Matches
488,Alfie Pond,eng ENG,DF,Wolves,22-008,2004,0,,,,,0,,0,0,,1,,,,,,,Matches
489,Nick Pope,eng ENG,GK,Newcastle United,33-324,1992,22,"1,966",89,75.3,21.8,22,89,21,0,,2,1.27,30,32,-2,-0.09,-0.23,Matches
490,Pedro Porro,es ESP,DF,Tottenham Hotspur,26-177,1999,25,"1,986",79,76.1,22.1,23,85,17,2,21,0,1.12,31,29,2,0.09,1.39,Matches
491,Freddie Potts,eng ENG,MF,West Ham United,22-178,2003,19,"1,101",58,42.2,12.2,11,80,4,8,28,6,0.95,15,23,-8,-0.65,0,Matches
492,Sam Proctor,eng ENG,GK,Aston Villa,19-078,2006,0,,,,,0,,0,0,,4,,,,,,,Matches
493,Jesurun Rak Sakyi,eng ENG,"FW,MF",Crystal Palace,23-155,2002,0,,,,,0,,0,0,,1,,,,,,,Matches
494,Largie Ramazani,be BEL,"FW,MF",Leeds United,25-010,2001,0,,,,,0,,0,0,,1,,,,,,,Matches
495,Calvin Ramsay,sct SCO,DF,Liverpool,22-221,2003,0,,,,,0,,0,0,,15,,,,,,,Matches
496,Aaron Ramsdale,eng ENG,GK,Newcastle United,27-299,1998,8,644,81,24.7,7.2,7,90,7,1,14,21,1.38,12,11,1,0.14,0.23,Matches
497,Aaron Ramsey,eng ENG,MF,Burnley,23-047,2003,0,,,,,0,,0,0,,3,,,,,,,Matches
498,Jacob Ramsey,eng ENG,MF,Newcastle United,24-285,2001,19,901,47,34.5,10,9,70,2,10,27,5,1.21,17,20,-3,-0.3,-0.4,Matches
499,Luke Rawlings,eng ENG,MF,Wolves,17-339,2008,0,,,,,0,,0,0,,5,,,,,,,Matches
500,David Raya,es ESP,GK,Arsenal,30-175,1995,30,"2,700",90,100,30,30,90,30,0,,0,2.23,59,22,37,1.23,,Matches
Rk,Player,Nation,Pos,Squad,Age,Born,MP,Min,Mn/MP,Min%,90s,Starts,Mn/Start,Compl,Subs,Mn/Sub,unSub,PPM,onG,onGA,#ERROR!,#ERROR!,On-Off,Matches
501,Harrison Reed,eng ENG,MF,Fulham,31-041,1995,5,27,5,1,0.3,0,,0,5,5,17,1.6,1,1,0,0,0.1,Matches
502,Remy Rees-Dottin,eng ENG,FW,Bournemouth,20-003,2006,0,,,,,0,,0,0,,7,,,,,,,Matches
503,Tijjani Reijnders,nl NED,MF,Manchester City,27-223,1998,25,"1,480",59,56.7,16.4,17,79,6,8,18,4,2,30,15,15,0.91,-0.44,Matches
504,Chadi Riad,ma MAR,DF,Crystal Palace,22-265,2003,6,314,52,12,3.5,3,74,1,3,31,2,1.17,5,3,2,0.57,0.73,Matches
505,Declan Rice,eng ENG,MF,Arsenal,27-054,1999,29,"2,491",86,92.3,27.7,28,88,23,1,23,0,2.21,52,21,31,1.12,-1.46,Matches
506,Chris Richards,us USA,DF,Crystal Palace,25-346,2000,25,"2,242",90,85.9,24.9,25,90,24,0,,1,1.44,32,31,1,0.04,0.77,Matches
507,Richarlison,br BRA,FW,Tottenham Hotspur,28-303,1997,24,"1,356",57,52,15.1,13,85,10,11,23,0,1.13,22,20,2,0.13,0.78,Matches
508,Seth Ridgeon,eng ENG,MF,Fulham,17-178,2008,0,,,,,0,,0,0,,5,,,,,,,Matches
509,Chris Rigg,eng ENG,MF,Sunderland,18-264,2007,11,378,34,14.5,4.2,6,58,0,5,6,16,1.82,4,2,2,0.48,0.72,Matches
510,Patrick Roberts,eng ENG,"FW,MF",Sunderland,29-032,1997,1,28,28,1.1,0.3,0,,0,1,28,2,0,0,1,-1,-3.21,-3.11,Matches
511,Andrew Robertson,sct SCO,DF,Liverpool,31-363,1994,17,670,39,25.7,7.4,5,77,2,12,24,12,1.59,13,10,3,0.4,0.12,Matches
512,Antonee Robinson,us USA,"DF,MF",Fulham,28-213,1997,13,894,69,34.3,9.9,10,83,7,3,21,5,1.38,10,11,-1,-0.1,0,Matches
513,Kaden Rodney,eng ENG,"DF,MF",Crystal Palace,21-153,2004,1,4,4,0.2,0,0,,0,1,4,10,0,0,0,0,0,0.07,Matches
514,Joe Rodon,wls WAL,DF,Leeds United,28-138,1997,27,"2,365",88,90.6,26.3,27,88,24,0,,0,1.07,35,45,-10,-0.38,-0.01,Matches
515,Rodri,es ESP,MF,Manchester City,29-260,1996,17,"1,154",68,44.2,12.8,13,82,9,4,22,1,1.76,21,12,9,0.7,-0.72,Matches
516,Guido Rodríguez,ar ARG,MF,West Ham United,31-331,1994,6,180,30,6.9,2,2,67,0,4,12,15,0.67,1,2,-1,-0.5,0.17,Matches
517,Robin Roefs,nl NED,GK,Sunderland,23-051,2003,28,"2,520",90,96.6,28,28,90,28,0,,0,1.32,29,34,-5,-0.18,-1.18,Matches
518,Mads Roerslev,dk DEN,"DF,MF",Brentford,26-258,1999,0,,,,,0,,0,0,,1,,,,,,,Matches
519,Morgan Rogers,eng ENG,"MF,FW",Aston Villa,23-226,2002,29,"2,587",89,99.1,28.7,29,89,26,0,,0,1.76,38,34,4,0.14,-3.77,Matches
520,Merlin Röhl,de GER,MF,Everton,23-247,2002,10,359,36,13.8,4,2,90,2,8,22,8,1.2,6,4,2,0.5,0.54,Matches
521,Cristian Romero,ar ARG,DF,Tottenham Hotspur,27-316,1998,21,"1,709",81,65.5,19,20,84,14,1,31,0,1.1,26,27,-1,-0.05,0.55,Matches
522,Leon Routh,eng ENG,DF,Aston Villa,18-099,2007,0,,,,,0,,0,0,,2,,,,,,,Matches
523,Triston Rowe,eng ENG,DF,Aston Villa,19-295,2006,0,,,,,0,,0,0,,2,,,,,,,Matches
524,James Rowswell,eng ENG,DF,Tottenham Hotspur,19-239,2006,0,,,,,0,,0,0,,6,,,,,,,Matches
525,John Ruddy,eng ENG,GK,Newcastle United,39-136,1986,0,,,,,0,,0,0,,7,,,,,,,Matches
Rk,Player,Nation,Pos,Squad,Age,Born,MP,Min,Mn/MP,Min%,90s,Starts,Mn/Start,Compl,Subs,Mn/Sub,unSub,PPM,onG,onGA,#ERROR!,#ERROR!,On-Off,Matches
526,Georginio Rutter,fr FRA,"MF,FW",Brighton,23-323,2002,24,"1,595",66,61.1,17.7,19,78,4,5,24,3,1.29,22,17,5,0.28,0.55,Matches
527,José Sá,pt POR,GK,Wolves,33-051,1993,18,"1,620",90,60,18,18,90,18,0,,11,0.78,16,28,-12,-0.67,0.83,Matches
528,Dominic Sadi,eng ENG,MF,Bournemouth,22-188,2003,0,,,,,0,,0,0,,2,,,,,,,Matches
529,Noah Sadiki,cd COD,MF,Sunderland,21-082,2004,24,"2,112",88,80.9,23.5,24,88,19,0,,0,1.5,27,28,-1,-0.04,0.5,Matches
530,Bukayo Saka,eng ENG,"FW,MF",Arsenal,24-185,2001,26,"1,908",73,70.7,21.2,21,84,13,5,31,0,2.23,40,16,24,1.13,-0.35,Matches
531,Mohamed Salah,eg EGY,"MF,FW",Liverpool,33-267,1992,21,"1,792",85,68.7,19.9,19,89,15,2,55,2,1.62,32,31,1,0.05,-0.83,Matches
532,William Saliba,fr FRA,DF,Arsenal,24-350,2001,24,"1,984",83,73.5,22,23,84,21,1,45,0,2.33,50,16,34,1.54,1.17,Matches
533,Marli Salmon,eng ENG,DF,Arsenal,16-192,2009,0,,,,,0,,0,0,,2,,,,,,,Matches
534,Robert Sánchez,es ESP,GK,Chelsea,28-111,1997,27,"2,344",87,89.8,26,27,87,26,0,,1,1.63,47,30,17,0.65,-0.02,Matches
535,Jadon Sancho,eng ENG,MF,Aston Villa,25-349,2000,18,697,39,26.7,7.7,7,65,0,11,22,5,1.72,10,5,5,0.65,0.65,Matches
536,Ibrahim Sangaré,ci CIV,MF,Nottingham Forest,28-097,1997,21,"1,585",75,60.7,17.6,19,83,12,2,8,3,1.19,18,22,-4,-0.23,0.74,Matches
537,Andrey Santos,br BRA,MF,Chelsea,21-310,2004,22,975,44,37.4,10.8,10,71,3,12,22,6,1.64,17,12,5,0.46,-0.31,Matches
538,Ismaila Sarr,sn SEN,"MF,FW",Crystal Palace,28-012,1998,19,"1,635",86,62.6,18.2,19,86,15,0,,0,1.37,24,19,5,0.28,0.92,Matches
539,Mamadou Sarr,sn SEN,DF,Chelsea,20-192,2005,2,92,46,3.5,1,1,89,0,1,3,3,0.5,1,3,-2,-1.96,-2.71,Matches
540,Sávio,br BRA,MF,Manchester City,21-333,2004,17,573,34,22,6.4,5,74,1,12,17,2,2.29,9,5,4,0.63,-0.61,Matches
541,Nicolò Savona,it ITA,DF,Nottingham Forest,22-355,2003,14,"1,028",73,39.4,11.4,11,85,9,3,31,4,0.93,13,18,-5,-0.44,0.13,Matches
542,Oliver Scarles,eng ENG,"DF,MF",West Ham United,20-087,2005,12,656,55,25.1,7.3,9,69,4,3,11,10,0.92,8,16,-8,-1.1,-0.59,Matches
543,Dane Scarlett,eng ENG,FW,Tottenham Hotspur,21-350,2004,2,9,5,0.3,0.1,0,,0,2,5,9,1,1,0,1,10,10.28,Matches
544,Kevin Schade,de GER,"MF,FW",Brentford,24-102,2001,26,"2,063",79,79,22.9,24,82,14,2,45,0,1.5,33,25,8,0.35,1.01,Matches
545,Fabian Schär,ch SUI,DF,Newcastle United,34-079,1991,16,"1,091",68,41.8,12.1,11,88,9,5,25,3,1.75,16,13,3,0.25,0.48,Matches
546,Alex Scott,eng ENG,MF,Bournemouth,22-200,2003,29,"2,130",73,81.6,23.7,26,77,12,3,39,0,1.38,37,35,2,0.08,0.83,Matches
547,Jenson Seelt,nl NED,DF,Sunderland,22-290,2003,2,134,67,5.1,1.5,1,52,0,1,82,1,1.5,0,2,-2,-1.34,-1.27,Matches
548,Matz Sels,be BEL,GK,Nottingham Forest,34-011,1992,22,"1,858",84,71.2,20.6,21,88,20,1,13,3,1.09,22,31,-9,-0.44,0.28,Matches
549,Antoine Semenyo,gh GHA,MF,Bournemouth,26-061,2000,20,"1,798",90,68.9,20,20,90,18,0,,0,1.25,31,38,-7,-0.35,-0.9,Matches
550,Antoine Semenyo,gh GHA,"MF,FW",Manchester City,26-061,2000,8,715,89,27.4,7.9,8,89,6,0,,0,2.13,13,8,5,0.63,-0.65,Matches
Rk,Player,Nation,Pos,Squad,Age,Born,MP,Min,Mn/MP,Min%,90s,Starts,Mn/Start,Compl,Subs,Mn/Sub,unSub,PPM,onG,onGA,#ERROR!,#ERROR!,On-Off,Matches
551,Marcos Senesi,ar ARG,DF,Bournemouth,28-303,1997,28,"2,478",89,94.9,27.5,28,89,26,0,,0,1.43,42,45,-3,-0.11,-0.79,Matches
552,Benjamin Šeško,si SVN,FW,Manchester Utd,22-282,2003,24,"1,306",54,50,14.5,13,80,7,11,24,1,1.71,30,26,4,0.28,-0.21,Matches
553,Ryan Sessegnon,eng ENG,"DF,MF",Fulham,25-295,2000,22,"1,610",73,61.7,17.9,18,85,14,4,20,0,1.27,28,29,-1,-0.06,0.12,Matches
554,Park Seungsoo,kr KOR,MF,Newcastle United,18-357,2007,0,,,,,0,,0,0,,1,,,,,,,Matches
555,Leo Shahar,eng ENG,DF,Newcastle United,18-356,2007,0,,,,,0,,0,0,,11,,,,,,,Matches
556,Teddy Sharman,eng ENG,GK,Chelsea,23-049,2003,0,,,,,0,,0,0,,4,,,,,,,Matches
557,Luke Shaw,eng ENG,DF,Manchester Utd,30-240,1995,29,"2,435",84,93.3,27.1,29,84,16,0,,0,1.76,48,36,12,0.44,0.96,Matches
558,Ollie Shield,eng ENG,MF,Brentford,19-165,2006,0,,,,,0,,0,0,,2,,,,,,,Matches
559,Bernardo Silva,pt POR,MF,Manchester City,31-211,1994,29,"2,171",75,83.2,24.1,25,83,11,4,23,0,2.07,52,23,29,1.2,0.59,Matches
560,Jota Silva,pt POR,FW,Nottingham Forest,26-220,1999,1,12,12,0.5,0.1,0,,0,1,12,0,3,0,0,0,0,0.52,Matches
561,Freddie Simmonds,eng ENG,DF,Brighton,18-000,2008,0,,,,,0,,0,0,,1,,,,,,,Matches
562,Xavi Simons,nl NED,"MF,FW",Tottenham Hotspur,22-322,2003,23,"1,538",67,58.9,17.1,17,79,9,6,34,0,0.78,23,30,-7,-0.41,-0.41,Matches
563,Gaga Slonina,us USA,GK,Chelsea,21-298,2004,0,,,,,0,,0,0,,4,,,,,,,Matches
564,Adam Smith,eng ENG,DF,Bournemouth,34-314,1991,16,730,46,28,8.1,10,70,4,6,6,8,1.38,14,15,-1,-0.12,-0.08,Matches
565,Emile Smith Rowe,eng ENG,MF,Fulham,25-224,2000,29,"1,457",50,55.8,16.2,16,75,1,13,20,0,1.38,23,24,-1,-0.06,0.09,Matches
566,Dominic Solanke,eng ENG,FW,Tottenham Hotspur,28-176,1997,10,602,60,23.1,6.7,6,85,3,4,23,0,0.8,8,14,-6,-0.9,-0.85,Matches
567,Julio Soler,ar ARG,DF,Bournemouth,21-021,2005,3,35,12,1.3,0.4,0,,0,3,12,14,1,0,2,-2,-5.14,-5.14,Matches
568,Manor Solomon,il ISR,"FW,MF",Tottenham Hotspur,26-228,1999,0,,,,,0,,0,0,,1,,,,,,,Matches
569,Oliver Sonne,pe PER,DF,Burnley,25-119,2000,7,169,24,6.5,1.9,1,73,0,6,16,3,0.71,3,4,-1,-0.53,0.39,Matches
570,Borna Sosa,hr CRO,"DF,MF",Crystal Palace,28-047,1998,5,55,11,2.1,0.6,0,,0,5,11,21,0.4,2,1,1,1.64,1.74,Matches
571,Tomáš Souček,cz CZE,MF,West Ham United,31-010,1995,26,"1,426",55,54.6,15.8,15,81,8,11,19,0,1.04,22,31,-9,-0.57,0.19,Matches
572,Souza,br BRA,MF,Tottenham Hotspur,19-266,2006,3,89,30,3.4,1,1,42,0,2,24,3,0,1,2,-1,-1.01,-0.8,Matches
573,Djed Spence,eng ENG,"DF,MF",Tottenham Hotspur,25-212,2000,22,"1,688",77,64.7,18.8,19,85,14,3,26,3,1.09,26,27,-1,-0.05,0.53,Matches
574,Anton Stach,de GER,MF,Leeds United,27-114,1998,24,"1,956",82,74.9,21.7,23,84,16,1,31,1,0.88,27,34,-7,-0.32,0.23,Matches
575,Jason Steele,eng ENG,GK,Brighton,35-203,1990,0,,,,,0,,0,0,,29,,,,,,,Matches
Rk,Player,Nation,Pos,Squad,Age,Born,MP,Min,Mn/MP,Min%,90s,Starts,Mn/Start,Compl,Subs,Mn/Sub,unSub,PPM,onG,onGA,#ERROR!,#ERROR!,On-Off,Matches
576,Charlie Stevens,wls WAL,MF,Bournemouth,18-282,2007,0,,,,,0,,0,0,,1,,,,,,,Matches
577,John Stones,eng ENG,DF,Manchester City,31-285,1994,7,353,50,13.5,3.9,4,80,2,3,11,10,1.43,5,8,-3,-0.76,-2.16,Matches
578,Jørgen Strand Larsen,no NOR,FW,Crystal Palace,26-031,2000,5,407,81,15.6,4.5,5,81,3,0,,0,1.8,8,5,3,0.66,0.87,Matches
579,Jørgen Strand Larsen,no NOR,FW,Wolves,26-031,2000,22,"1,404",64,52,15.6,14,83,7,8,31,0,0.36,6,26,-20,-1.28,-0.59,Matches
580,Pascal Struijk,nl NED,DF,Leeds United,26-210,1999,26,"2,259",87,86.6,25.1,25,90,25,1,9,2,1.04,32,40,-8,-0.32,0.45,Matches
581,Crysencio Summerville,nl NED,"MF,FW",West Ham United,24-130,2001,24,"1,856",77,71.1,20.6,22,83,9,2,19,0,1.08,25,34,-9,-0.44,0.76,Matches
582,Ethan Sutherland,sct SCO,FW,Wolves,19-318,2006,0,,,,,0,,0,0,,2,,,,,,,Matches
583,Dominik Szoboszlai,hu HUN,"MF,DF",Liverpool,25-135,2000,27,"2,421",90,92.8,26.9,27,90,25,0,,0,1.56,45,37,8,0.3,-0.18,Matches
584,Jocelin Ta Bi,ci CIV,MF,Sunderland,21-028,2005,1,38,38,1.5,0.4,1,38,0,0,,0,0,0,0,0,0,0.14,Matches
585,Kōta Takai,jp JPN,DF,Tottenham Hotspur,21-186,2004,0,,,,,0,,0,0,,1,,,,,,,Matches
586,Chemsdine Talbi,ma MAR,"MF,FW",Sunderland,20-304,2005,21,"1,152",55,44.1,12.8,12,76,1,9,27,2,1.43,16,10,6,0.47,1.09,Matches
587,Ao Tanaka,jp JPN,MF,Leeds United,27-180,1998,20,746,37,28.6,8.3,7,72,0,13,19,8,1.25,13,15,-2,-0.24,0.19,Matches
588,James Tarkowski,eng ENG,DF,Everton,33-110,1992,29,"2,610",90,100,29,29,90,29,0,,0,1.48,34,33,1,0.03,,Matches
589,Charlie Tasker,eng ENG,DF,Brighton,20-013,2006,0,,,,,0,,0,0,,1,,,,,,,Matches
590,Marcus Tavernier,eng ENG,MF,Bournemouth,26-352,1999,25,"1,942",78,74.4,21.6,22,85,10,3,24,0,1.2,31,37,-6,-0.28,-0.82,Matches
591,Loum Tchaouna,fr FRA,"MF,FW",Burnley,22-182,2003,22,854,39,32.7,9.5,9,66,0,13,20,7,0.45,9,14,-5,-0.53,0.55,Matches
592,Jackson Tchatchoua,cm CMR,"MF,DF",Wolves,24-176,2001,27,"1,615",60,59.8,17.9,16,84,12,11,25,2,0.59,15,29,-14,-0.78,0.55,Matches
593,Mathys Tel,fr FRA,"MF,FW",Tottenham Hotspur,20-316,2005,22,766,35,29.3,8.5,7,77,2,15,15,7,0.86,19,16,3,0.35,0.84,Matches
594,Kenny Tete,nl NED,DF,Fulham,30-151,1995,21,"1,701",81,65.2,18.9,20,85,14,1,8,2,1.57,24,24,0,0,0.3,Matches
595,Thiago,br BRA,FW,Brentford,24-256,2001,29,"2,472",85,94.7,27.5,28,87,21,1,31,0,1.52,41,37,4,0.15,0.15,Matches
596,Malick Thiaw,de GER,DF,Newcastle United,24-213,2001,26,"2,208",85,84.6,24.5,25,88,23,1,10,3,1.31,37,40,-3,-0.12,-0.57,Matches
597,Youri Tielemans,be BEL,MF,Aston Villa,28-306,1997,17,"1,298",76,49.7,14.4,15,84,10,2,21,0,1.94,19,17,2,0.14,-0.07,Matches
598,Jurriën Timber,nl NED,DF,Arsenal,24-265,2001,29,"2,417",83,89.5,26.9,27,87,23,2,34,0,2.21,51,20,31,1.15,-0.75,Matches
599,Jean-Clair Todibo,fr FRA,DF,West Ham United,26-069,1999,19,"1,608",85,61.6,17.9,19,85,14,0,,4,1,24,32,-8,-0.45,0.54,Matches
600,Sandro Tonali,it ITA,MF,Newcastle United,25-305,2000,29,"2,038",70,78.1,22.6,25,80,13,4,12,0,1.34,24,31,-7,-0.31,-1.25,Matches
Rk,Player,Nation,Pos,Squad,Age,Born,MP,Min,Mn/MP,Min%,90s,Starts,Mn/Start,Compl,Subs,Mn/Sub,unSub,PPM,onG,onGA,#ERROR!,#ERROR!,On-Off,Matches
601,Pau Torres,es ESP,DF,Aston Villa,29-052,1997,16,"1,298",81,49.7,14.4,14,87,11,2,38,8,1.88,21,15,6,0.42,0.48,Matches
602,Alex Tóth,hu HUN,MF,Bournemouth,20-137,2005,4,74,19,2.8,0.8,1,57,0,3,6,3,2.5,2,1,1,1.22,1.32,Matches
603,James Trafford,eng ENG,GK,Manchester City,23-150,2002,3,270,90,10.3,3,3,90,3,0,,26,1,5,4,1,0.33,-0.86,Matches
604,Adama Traoré,es ESP,"FW,MF",West Ham United,30-043,1996,5,30,6,1.1,0.3,0,,0,5,6,1,1.4,0,3,-3,-9,-8.44,Matches
605,Adama Traoré,es ESP,MF,Fulham,30-043,1996,15,274,18,10.5,3,1,75,0,14,14,6,1.2,4,7,-3,-0.99,-0.99,Matches
606,Bertrand Traoré,bf BFA,"MF,FW",Sunderland,30-184,1995,12,632,53,24.2,7,9,64,0,3,19,3,1.75,7,9,-2,-0.28,-0.19,Matches
607,Mark Travers,ie IRL,GK,Everton,26-295,1999,0,,,,,0,,0,0,,28,,,,,,,Matches
608,Mike Trésor,be BEL,"FW,MF",Burnley,26-285,1999,4,23,6,0.9,0.3,0,,0,4,6,1,0.5,2,1,1,3.91,4.85,Matches
609,Kieran Trippier,eng ENG,DF,Newcastle United,35-171,1990,17,"1,392",82,53.3,15.5,16,86,11,1,24,3,1.06,17,24,-7,-0.45,-0.9,Matches
610,Leandro Trossard,be BEL,"FW,MF",Arsenal,31-095,1994,26,"1,677",65,62.1,18.6,18,80,3,8,30,2,2.31,37,14,23,1.23,0,Matches
611,Adrien Truffert,fr FRA,DF,Bournemouth,24-109,2001,29,"2,569",89,98.4,28.5,29,89,27,0,,0,1.38,44,43,1,0.04,6.62,Matches
612,Axel Tuanzebe,cd COD,DF,Burnley,28-115,1997,11,931,85,35.7,10.3,11,85,9,0,,0,0.73,13,22,-9,-0.87,0.04,Matches
613,Timur Tuterov,ua UKR,MF,Sunderland,20-271,2005,0,,,,,0,,0,0,,4,,,,,,,Matches
614,Harry Tyrer,eng ENG,GK,Everton,24-093,2001,0,,,,,0,,0,0,,1,,,,,,,Matches
615,Stefanos Tzimas,gr GRE,FW,Brighton,20-062,2006,9,139,15,5.3,1.5,1,23,0,8,15,2,1.56,7,2,5,3.24,3.35,Matches
616,Christantus Uche,ng NGA,FW,Crystal Palace,22-294,2003,14,173,12,6.6,1.9,0,,0,14,12,11,0.64,3,4,-1,-0.52,-0.48,Matches
617,Destiny Udogie,it ITA,"DF,MF",Tottenham Hotspur,23-101,2002,13,798,61,30.6,8.9,8,84,5,5,25,1,0.92,13,17,-4,-0.45,-0.3,Matches
618,Manuel Ugarte,uy URU,MF,Manchester Utd,24-332,2001,19,787,41,30.2,8.7,7,79,2,12,20,10,1.58,11,21,-10,-1.14,-2.18,Matches
619,Lesley Ugochukwu,fr FRA,MF,Burnley,21-348,2004,28,"1,897",68,72.7,21.1,22,79,5,6,26,0,0.64,23,40,-17,-0.81,0.33,Matches
620,Enes Ünal,tr TUR,FW,Bournemouth,28-303,1997,16,182,11,7,2,0,,0,16,11,2,1.44,8,2,6,2.97,3.26,Matches
621,Hákon Valdimarsson,is ISL,GK,Brentford,24-147,2001,1,90,90,3.4,1,1,90,1,0,,28,3,4,3,1,1,0.89,Matches
622,Virgil van Dijk,nl NED,DF,Liverpool,34-244,1991,29,"2,610",90,100,29,29,90,29,0,,0,1.66,48,39,9,0.31,,Matches
623,Joël Veltman,nl NED,DF,Brighton,34-053,1992,17,848,50,32.5,9.4,8,86,7,9,18,7,1.59,13,11,2,0.21,0.21,Matches
624,Micky van de Ven,nl NED,DF,Tottenham Hotspur,24-324,2001,27,"2,366",88,90.7,26.3,27,88,25,0,,1,1,35,39,-4,-0.15,0.95,Matches
625,Bart Verbruggen,nl NED,GK,Brighton,23-203,2002,29,"2,610",90,100,29,29,90,29,0,,0,1.28,38,36,2,0.07,,Matches
Rk,Player,Nation,Pos,Squad,Age,Born,MP,Min,Mn/MP,Min%,90s,Starts,Mn/Start,Compl,Subs,Mn/Sub,unSub,PPM,onG,onGA,#ERROR!,#ERROR!,On-Off,Matches
626,Guglielmo Vicario,it ITA,GK,Tottenham Hotspur,29-153,1996,29,"2,610",90,100,29,29,90,29,0,,0,1,39,46,-7,-0.24,,Matches
627,Rayan Vitor,br BRA,MF,Bournemouth,19-218,2006,6,451,75,17.3,5,5,86,2,1,23,0,1.67,5,3,2,0.4,0.57,Matches
628,Luka Vušković,hr CRO,DF,Tottenham Hotspur,19-013,2007,0,,,,,0,,0,0,,2,,,,,,,Matches
629,Kyle Walker,eng ENG,"DF,MF",Burnley,35-285,1990,27,"2,371",88,90.8,26.3,27,88,25,0,,1,0.7,25,51,-26,-0.99,-0.99,Matches
630,Kyle Walker-Peters,eng ENG,DF,West Ham United,28-330,1997,18,959,53,36.7,10.7,10,85,8,8,14,11,0.89,11,22,-11,-1.03,-0.6,Matches
631,Aaron Wan-Bissaka,cd COD,"DF,MF",West Ham United,28-103,1997,20,"1,731",87,66.3,19.2,19,89,17,1,45,1,1.15,26,36,-10,-0.52,0.4,Matches
632,James Ward-Prowse,eng ENG,MF,West Ham United,31-128,1994,5,413,83,15.8,4.6,5,83,2,0,,1,0.6,2,11,-9,-1.96,-1.55,Matches
633,James Ward-Prowse,eng ENG,MF,Burnley,31-128,1994,4,150,38,5.7,1.7,1,74,0,3,25,1,1,4,4,0,0,0.95,Matches
634,Ollie Watkins,eng ENG,FW,Aston Villa,30-069,1995,28,"2,148",77,82.3,23.9,25,82,10,3,33,0,1.82,33,29,4,0.17,-0.03,Matches
635,Tom Watson,eng ENG,MF,Brighton,19-335,2006,6,62,10,2.4,0.7,0,,0,6,10,5,1.33,2,2,0,0,-0.07,Matches
636,Max Weiß,de GER,GK,Burnley,21-267,2004,0,,,,,0,,0,0,,29,,,,,,,Matches
637,Danny Welbeck,eng ENG,FW,Brighton,35-103,1990,28,"1,655",59,63.4,18.4,18,82,7,10,19,0,1.29,24,21,3,0.16,0.26,Matches
638,Reece Welch,eng ENG,DF,Everton,22-171,2003,0,,,,,0,,0,0,,8,,,,,,,Matches
639,Adam Wharton,eng ENG,MF,Crystal Palace,22-031,2004,26,"2,132",82,81.7,23.7,26,82,12,0,,0,1.27,26,33,-7,-0.3,-1.24,Matches
640,Ben White,eng ENG,DF,Arsenal,28-152,1997,7,411,59,15.2,4.6,5,74,3,2,21,16,1.86,5,4,1,0.22,-1.2,Matches
641,Mats Wieffer,nl NED,DF,Brighton,26-113,1999,19,"1,391",73,53.3,15.5,16,82,9,3,29,0,1.42,23,19,4,0.26,0.41,Matches
642,Luca Williams Barnett,eng ENG,FW,Tottenham Hotspur,17-159,2008,0,,,,,0,,0,0,,6,,,,,,,Matches
643,Neco Williams,wls WAL,DF,Nottingham Forest,24-330,2001,28,"2,438",87,93.4,27.1,28,87,25,0,,0,1,27,39,-12,-0.44,1.13,Matches
644,Estêvão Willian,br BRA,"MF,FW",Chelsea,18-319,2007,19,746,39,28.6,8.3,10,57,0,9,19,3,1.58,19,8,11,1.33,0.94,Matches
645,Joe Willock,eng ENG,MF,Newcastle United,26-201,1999,18,601,33,23,6.7,6,64,0,12,18,10,1.44,9,12,-3,-0.45,-0.54,Matches
646,Callum Wilson,eng ENG,"FW,MF",West Ham United,34-010,1992,24,"1,004",42,38.5,11.2,10,67,1,14,24,4,1.13,17,18,-1,-0.09,0.92,Matches
647,Harry Wilson,wls WAL,MF,Fulham,28-352,1997,27,"2,084",77,79.8,23.2,25,81,6,2,30,0,1.48,36,31,5,0.22,1.58,Matches
648,James Wilson,sct SCO,FW,Tottenham Hotspur,19-003,2007,0,,,,,0,,0,0,,1,,,,,,,Matches
649,Ben Winterburn,eng ENG,MF,Bournemouth,21-186,2004,1,7,7,0.3,0.1,0,,0,1,7,0,0,0,2,-2,-25.71,-25.71,Matches
650,Florian Wirtz,de GER,MF,Liverpool,22-310,2003,25,"1,851",74,70.9,20.6,21,83,6,4,30,0,1.68,27,23,4,0.19,-0.4,Matches
Rk,Player,Nation,Pos,Squad,Age,Born,MP,Min,Mn/MP,Min%,90s,Starts,Mn/Start,Compl,Subs,Mn/Sub,unSub,PPM,onG,onGA,#ERROR!,#ERROR!,On-Off,Matches
651,Yoane Wissa,cd COD,FW,Newcastle United,29-187,1996,12,429,36,16.4,4.8,4,70,0,8,19,2,1.17,8,8,0,0,0.04,Matches
652,Nick Woltemade,de GER,FW,Newcastle United,24-023,2002,25,"1,534",61,58.8,17,19,74,3,6,20,0,1.36,26,25,1,0.06,0.23,Matches
653,Chris Wood,nz NZL,FW,Nottingham Forest,34-092,1991,8,540,68,20.7,6,7,75,0,1,17,0,0.63,5,8,-3,-0.5,0.02,Matches
654,Freddie Woodman,eng ENG,GK,Liverpool,29-005,1997,0,,,,,0,,0,0,,12,,,,,,,Matches
655,Joe Worrall,eng ENG,DF,Burnley,29-058,1997,10,483,48,18.5,5.4,5,83,4,5,13,7,0.8,10,11,-1,-0.19,0.87,Matches
656,James Wright,eng ENG,GK,Aston Villa,21-097,2004,0,,,,,0,,0,0,,6,,,,,,,Matches
657,Granit Xhaka,ch SUI,MF,Sunderland,33-163,1992,25,"2,094",84,80.2,23.3,23,89,21,2,29,0,1.48,26,25,1,0.04,0.92,Matches
658,Yehor Yarmoliuk,ua UKR,MF,Brentford,22-008,2004,29,"2,020",70,77.4,22.4,23,81,10,6,26,0,1.52,34,33,1,0.04,-0.41,Matches
659,Ryan Yates,eng ENG,MF,Nottingham Forest,28-108,1997,14,377,27,14.4,4.2,1,63,0,13,24,9,1.14,6,5,1,0.24,0.88,Matches
660,Leny Yoro,fr FRA,DF,Manchester Utd,20-116,2005,26,"1,435",55,55,15.9,15,80,6,11,22,3,1.62,22,27,-5,-0.31,-1.54,Matches
661,Oleksandr Zinchenko,ua UKR,DF,Nottingham Forest,29-084,1996,5,353,71,13.5,3.9,4,86,3,1,10,3,0.2,1,6,-5,-1.27,-0.88,Matches
662,Joshua Zirkzee,nl NED,"FW,MF",Manchester Utd,24-291,2001,18,523,29,20,5.8,4,76,2,14,16,9,1.5,9,8,1,0.17,-0.26,Matches
663,Martín Zubimendi,es ESP,MF,Arsenal,27-035,1999,30,"2,523",84,93.4,28,29,85,21,1,61,0,2.23,52,20,32,1.14,-1.4,Matches
664,Martin Ødegaard,no NOR,MF,Arsenal,27-082,1998,20,"1,076",54,39.9,12,13,68,5,7,27,0,2.15,25,11,14,1.17,-0.1,Matche