Rk,Player,Nation,Pos,Squad,Age,Born,90s,Gls,Sh,SoT,SoT%,Sh/90,SoT/90,G/Sh,G/SoT,PK,PKatt,Matches
1,Brenden Aaronson,us USA,"MF,FW",Leeds United,25-138,2000,20.7,4,38,15,39.5,1.84,0.72,0.11,0.27,0,0,Matches
2,Zach Abbott,eng ENG,DF,Nottingham Forest,19-300,2006,1.3,0,0,0,,0,0,,,0,0,Matches
3,Tammy Abraham,eng ENG,FW,Aston Villa,28-158,1997,1.9,1,6,2,33.3,3.23,1.08,0.17,0.5,0,0,Matches
4,Joshua Acheampong,eng ENG,DF,Chelsea,19-308,2006,6.4,1,3,2,66.7,0.47,0.31,0.33,0.5,0,0,Matches
5,Tyler Adams,us USA,MF,Bournemouth,27-023,1999,15.7,2,8,6,75,0.51,0.38,0.25,0.33,0,0,Matches
6,Tosin Adarabioyo,eng ENG,DF,Chelsea,28-166,1997,8.2,0,2,0,0,0.24,0,0,,0,0,Matches
7,Simon Adingra,ci CIV,"MF,FW",Sunderland,24-067,2002,7.3,1,6,2,33.3,0.83,0.28,0.17,0.5,0,0,Matches
8,Amine Adli,ma MAR,MF,Bournemouth,25-303,2000,10.4,3,18,9,50,1.73,0.86,0.17,0.33,0,0,Matches
9,Emmanuel Agbadou,ci CIV,DF,Wolves,28-265,1997,12.2,0,10,3,30,0.82,0.25,0,0,0,0,Matches
10,Nayef Aguerd,ma MAR,DF,West Ham United,29-344,1996,2,0,2,0,0,1,0,0,,0,0,Matches
11,Ola Aina,ng NGA,DF,Nottingham Forest,29-152,1996,12.7,0,10,1,10,0.79,0.08,0,0,0,0,Matches
12,Rayan Aït-Nouri,dz ALG,DF,Manchester City,24-276,2001,8,0,6,1,16.7,0.75,0.12,0,0,0,0,Matches
13,Kristoffer Ajer,no NOR,DF,Brentford,27-326,1998,17.9,0,10,3,30,0.56,0.17,0,0,0,0,Matches
14,Nathan Aké,nl NED,DF,Manchester City,31-019,1995,5.5,0,4,0,0,0.73,0,0,,0,0,Matches
15,Carlos Alcaraz,ar ARG,MF,Everton,23-099,2002,7.5,0,18,5,27.8,2.4,0.67,0,0,0,0,Matches
16,Omar Alderete,py PAR,DF,Sunderland,29-073,1996,24.2,1,17,6,35.3,0.7,0.25,0.06,0.17,0,0,Matches
17,Alisson,br BRA,GK,Liverpool,33-158,1992,24,0,0,0,,0,0,,,0,0,Matches
18,Max Alleyne,eng ENG,DF,Manchester City,20-231,2005,1.5,0,2,1,50,1.33,0.67,0,0,0,0,Matches
19,Jaydon Amauri Banel,nl NED,"FW,MF",Burnley,21-141,2004,0.1,0,0,0,,0,0,,,0,0,Matches
20,Ethan Ampadu,wls WAL,MF,Leeds United,25-176,2000,25.7,1,18,4,22.2,0.7,0.16,0.06,0.25,0,0,Matches
21,Joachim Andersen,dk DEN,DF,Fulham,29-282,1996,25.5,0,12,3,25,0.47,0.12,0,0,0,0,Matches
22,Elliot Anderson,eng ENG,MF,Nottingham Forest,23-123,2002,28.8,2,35,8,22.9,1.21,0.28,0.03,0.13,1,1,Matches
23,André,br BRA,MF,Wolves,24-236,2001,22.7,1,9,1,11.1,0.4,0.04,0.11,1,0,0,Matches
24,Nilson Angulo,ec ECU,MF,Sunderland,22-263,2003,2.8,0,3,2,66.7,1.05,0.7,0,0,0,0,Matches
25,Jaidon Anthony,eng ENG,MF,Burnley,26-098,1999,21.5,7,38,16,42.1,1.77,0.74,0.18,0.44,0,0,Matches
Rk,Player,Nation,Pos,Squad,Age,Born,90s,Gls,Sh,SoT,SoT%,Sh/90,SoT/90,G/Sh,G/SoT,PK,PKatt,Matches
26,Alphonse Areola,fr FRA,GK,West Ham United,33-010,1993,20,0,0,0,,0,0,,,0,0,Matches
27,Jhon Arias,co COL,"FW,MF",Wolves,28-169,1997,12.5,1,16,3,18.8,1.28,0.24,0.06,0.33,0,0,Matches
28,Adam Armstrong,eng ENG,"FW,MF",Wolves,29-027,1997,5.3,0,2,0,0,0.37,0,0,,0,0,Matches
29,Harrison Armstrong,eng ENG,MF,Everton,19-049,2007,5.5,0,5,2,40,0.91,0.36,0,0,0,0,Matches
30,Tolu Arokodare,ng NGA,FW,Wolves,25-106,2000,13.6,2,36,12,33.3,2.64,0.88,0.06,0.17,0,1,Matches
31,Taiwo Awoniyi,ng NGA,FW,Nottingham Forest,28-209,1997,2.6,1,7,4,57.1,2.74,1.57,0.14,0.25,0,0,Matches
32,Yasin Ayari,se SWE,MF,Brighton,22-154,2003,19.1,3,39,10,25.6,2.05,0.52,0.08,0.3,0,0,Matches
33,Benoît Badiashile,fr FRA,DF,Chelsea,24-348,2001,5.2,0,0,0,,0,0,,,0,0,Matches
34,Leon Bailey,jm JAM,MF,Aston Villa,28-212,1997,3.2,0,5,1,20,1.57,0.31,0,0,0,0,Matches
35,Dilane Bakwa,fr FRA,MF,Nottingham Forest,23-195,2002,3.8,0,8,3,37.5,2.09,0.78,0,0,0,0,Matches
36,Carlos Baleba,cm CMR,MF,Brighton,22-065,2004,14,0,15,1,6.7,1.07,0.07,0,0,0,0,Matches
37,Daniel Ballard,nir NIR,DF,Sunderland,26-168,1999,21.6,2,24,9,37.5,1.11,0.42,0.08,0.22,0,0,Matches
38,Ross Barkley,eng ENG,MF,Aston Villa,32-094,1993,2.8,1,8,2,25,2.82,0.71,0.13,0.5,0,0,Matches
39,Ashley Barnes,eng ENG,"FW,MF",Burnley,36-130,1989,0.3,0,1,0,0,3.33,0,0,,0,0,Matches
40,Harvey Barnes,eng ENG,FW,Newcastle United,28-090,1997,16.6,5,49,18,36.7,2.95,1.08,0.1,0.28,0,0,Matches
41,Thierno Barry,fr FRA,FW,Everton,23-139,2002,17.9,6,32,10,31.3,1.79,0.56,0.19,0.6,0,0,Matches
42,Calvin Bassey,ng NGA,DF,Fulham,26-068,1999,19.2,1,9,1,11.1,0.47,0.05,0.11,1,0,0,Matches
43,Altay Bayındır,tr TUR,GK,Manchester Utd,27-329,1998,6,0,0,0,,0,0,,,0,0,Matches
44,Jean-Ricner Bellegarde,ht HAI,"MF,FW",Wolves,27-255,1998,11.3,1,20,7,35,1.78,0.62,0.05,0.14,0,0,Matches
45,Rodrigo Bentancur,uy URU,MF,Tottenham Hotspur,28-257,1997,15.7,1,9,2,22.2,0.57,0.13,0.11,0.5,0,0,Matches
46,Sander Berge,no NOR,MF,Fulham,28-023,1998,26.9,0,9,3,33.3,0.33,0.11,0,0,0,0,Matches
47,Lucas Bergvall,se SWE,MF,Tottenham Hotspur,20-035,2006,8.9,1,10,5,50,1.12,0.56,0.1,0.2,0,0,Matches
48,Beto,gw GNB,FW,Everton,28-037,1998,11.8,4,28,9,32.1,2.37,0.76,0.14,0.44,0,0,Matches
49,Jaka Bijol,si SVN,DF,Leeds United,27-032,1999,12.5,1,10,6,60,0.8,0.48,0.1,0.17,0,0,Matches
50,Yves Bissouma,ml MLI,MF,Tottenham Hotspur,29-191,1996,5.1,0,5,2,40,0.97,0.39,0,0,0,0,Matches
Rk,Player,Nation,Pos,Squad,Age,Born,90s,Gls,Sh,SoT,SoT%,Sh/90,SoT/90,G/Sh,G/SoT,PK,PKatt,Matches
51,Marco Bizot,nl NED,GK,Aston Villa,34-364,1991,4.5,0,0,0,,0,0,,,0,0,Matches
52,Oscar Bobb,no NOR,"MF,FW",Manchester City,22-240,2003,5.2,0,4,0,0,0.77,0,0,,0,0,Matches
53,Oscar Bobb,no NOR,MF,Fulham,22-240,2003,1.9,0,2,0,0,1.03,0,0,,0,0,Matches
54,Lamare Bogarde,nl NED,"MF,DF",Aston Villa,22-063,2004,8,0,0,0,,0,0,,,0,0,Matches
55,Jayden Bogle,eng ENG,"DF,MF",Leeds United,25-225,2000,25.2,1,15,4,26.7,0.6,0.16,0.07,0.25,0,0,Matches
56,Sebastiaan Bornauw,be BEL,DF,Leeds United,26-352,1999,3.4,0,0,0,,0,0,,,0,0,Matches
57,Olivier Boscagli,fr FRA,DF,Brighton,28-111,1997,4.9,0,1,0,0,0.2,0,0,,0,0,Matches
58,Sven Botman,nl NED,DF,Newcastle United,26-056,2000,11.8,1,8,4,50,0.68,0.34,0.13,0.25,0,0,Matches
59,Jarrod Bowen,eng ENG,"MF,FW",West Ham United,29-079,1996,28.9,8,65,23,35.4,2.25,0.8,0.11,0.3,1,1,Matches
60,Conor Bradley,nir NIR,DF,Liverpool,22-243,2003,10.3,0,6,0,0,0.58,0,0,,0,0,Matches
61,Jarrad Branthwaite,eng ENG,DF,Everton,23-255,2002,5.5,1,5,2,40,0.92,0.37,0.2,0.5,0,0,Matches
62,Brian Brobbey,nl NED,FW,Sunderland,24-036,2002,13.4,5,20,10,50,1.5,0.75,0.25,0.5,0,0,Matches
63,Armando Broja,al ALB,FW,Burnley,24-180,2001,9.1,1,16,6,37.5,1.76,0.66,0.06,0.17,0,0,Matches
64,David Brooks,wls WAL,MF,Bournemouth,28-244,1997,11.4,1,41,12,29.3,3.61,1.06,0.02,0.08,0,0,Matches
65,Jacob Bruun Larsen,dk DEN,"MF,FW",Burnley,27-171,1998,10.8,0,16,4,25,1.48,0.37,0,0,0,0,Matches
66,Emi Buendía,ar ARG,MF,Aston Villa,29-074,1996,15,5,38,9,23.7,2.53,0.6,0.13,0.56,0,0,Matches
67,Hugo Bueno,es ESP,"MF,DF",Wolves,23-172,2002,20.7,1,10,5,50,0.48,0.24,0.1,0.2,0,0,Matches
68,Santiago Bueno,uy URU,DF,Wolves,27-120,1998,20.4,2,5,4,80,0.25,0.2,0.4,0.5,0,0,Matches
69,Facundo Buonanotte,ar ARG,MF,Leeds United,21-076,2004,0.3,0,1,0,0,3.46,0,0,,0,0,Matches
70,Facundo Buonanotte,ar ARG,MF,Chelsea,21-076,2004,0.5,0,0,0,,0,0,,,0,0,Matches
71,Dan Burn,eng ENG,DF,Newcastle United,33-304,1992,19,0,4,0,0,0.21,0,0,,0,0,Matches
72,Bradley Burrowes,eng ENG,MF,Aston Villa,18-005,2008,0.2,0,0,0,,0,0,,,0,0,Matches
73,Jun'ai Byfield,eng ENG,DF,Tottenham Hotspur,17-093,2008,0,0,0,0,,0,0,,,0,0,Matches
74,Sam Byram,eng ENG,"DF,MF",Leeds United,32-174,1993,0.1,0,0,0,,0,0,,,0,0,Matches
75,Moisés Caicedo,ec ECU,MF,Chelsea,24-127,2001,22.7,3,20,7,35,0.88,0.31,0.15,0.43,0,0,Matches
Rk,Player,Nation,Pos,Squad,Age,Born,90s,Gls,Sh,SoT,SoT%,Sh/90,SoT/90,G/Sh,G/SoT,PK,PKatt,Matches
76,Tom Cairney,sct SCO,MF,Fulham,35-048,1991,6.1,1,12,1,8.3,1.97,0.16,0.08,1,0,0,Matches
77,Riccardo Calafiori,it ITA,DF,Arsenal,23-294,2002,15.3,1,24,5,20.8,1.57,0.33,0.04,0.2,0,0,Matches
78,Dominic Calvert-Lewin,eng ENG,FW,Leeds United,28-358,1997,21.5,10,53,23,43.4,2.47,1.07,0.15,0.35,2,2,Matches
79,Jaydee Canvot,fr FRA,DF,Crystal Palace,19-223,2006,7,0,3,0,0,0.43,0,0,,0,0,Matches
80,Fabio Carvalho,pt POR,MF,Brentford,23-191,2002,1.1,1,2,1,50,1.76,0.88,0.5,1,0,0,Matches
81,Casemiro,br BRA,MF,Manchester Utd,34-014,1992,21.8,6,41,13,31.7,1.88,0.6,0.15,0.46,0,0,Matches
82,Matty Cash,pl POL,DF,Aston Villa,28-214,1997,26.1,3,25,9,36,0.96,0.34,0.12,0.33,0,0,Matches
83,Timothy Castagne,be BEL,"DF,MF",Fulham,30-094,1995,12.6,0,8,4,50,0.64,0.32,0,0,0,0,Matches
84,Valentín Castellanos,ar ARG,FW,West Ham United,27-157,1998,8.2,2,21,8,38.1,2.55,0.97,0.1,0.25,0,0,Matches
85,Trevoh Chalobah,eng ENG,DF,Chelsea,26-247,1999,27.3,3,13,5,38.5,0.48,0.18,0.23,0.6,0,0,Matches
86,Rayan Cherki,fr FRA,MF,Manchester City,22-204,2003,14.2,3,31,7,22.6,2.18,0.49,0.1,0.43,0,0,Matches
87,Federico Chiesa,it ITA,MF,Liverpool,28-135,1997,3.1,2,15,4,26.7,4.8,1.28,0.13,0.5,0,0,Matches
88,Tawanda Chirewa,zw ZIM,MF,Wolves,22-149,2003,0.3,0,0,0,,0,0,,,0,0,Matches
89,Ryan Christie,sct SCO,MF,Bournemouth,31-015,1995,6.6,1,17,5,29.4,2.57,0.76,0.06,0.2,0,0,Matches
90,Samuel Chukwueze,ng NGA,MF,Fulham,26-291,1999,8.3,3,18,6,33.3,2.16,0.72,0.17,0.5,0,0,Matches
91,Dennis Cirkin,eng ENG,DF,Sunderland,23-337,2002,3.3,0,0,0,,0,0,,,0,0,Matches
92,Nathaniel Clyne,eng ENG,MF,Crystal Palace,34-338,1991,5.5,0,3,0,0,0.55,0,0,,0,0,Matches
93,Séamus Coleman,ie IRL,DF,Everton,37-149,1988,0.1,0,0,0,,0,0,,,0,0,Matches
94,Nathan Collins,ie IRL,DF,Brentford,24-313,2001,24.1,1,13,5,38.5,0.54,0.21,0.08,0.2,0,0,Matches
95,Lewis Cook,eng ENG,"MF,DF",Bournemouth,29-034,1997,9.7,0,3,0,0,0.31,0,0,,0,0,Matches
96,Diego Coppola,it ITA,DF,Brighton,22-071,2003,2.2,0,0,0,,0,0,,,0,0,Matches
97,Marc Cucurella,es ESP,DF,Chelsea,27-230,1998,21.1,1,15,4,26.7,0.71,0.19,0.07,0.25,0,0,Matches
98,Jorge Cuenca,es ESP,DF,Fulham,26-112,1999,10.4,0,1,0,0,0.1,0,0,,0,0,Matches
99,Josh Cullen,ie IRL,MF,Burnley,29-336,1996,16.8,2,11,6,54.5,0.65,0.36,0.18,0.33,0,0,Matches
100,Jair Cunha,br BRA,DF,Nottingham Forest,21-002,2005,2.4,0,2,0,0,0.84,0,0,,0,0,Matches
Rk,Player,Nation,Pos,Squad,Age,Born,90s,Gls,Sh,SoT,SoT%,Sh/90,SoT/90,G/Sh,G/SoT,PK,PKatt,Matches
101,Matheus Cunha,br BRA,"MF,FW",Manchester Utd,26-286,1999,21.1,6,68,27,39.7,3.22,1.28,0.09,0.22,0,0,Matches
102,Diogo Dalot,pt POR,"MF,DF",Manchester Utd,26-356,1999,22.8,1,18,5,27.8,0.79,0.22,0.06,0.2,0,0,Matches
103,Mikkel Damsgaard,dk DEN,MF,Brentford,25-249,2000,16.7,3,19,9,47.4,1.14,0.54,0.16,0.33,0,0,Matches
104,Kevin Danso,at AUT,DF,Tottenham Hotspur,27-171,1998,8.4,0,3,1,33.3,0.36,0.12,0,0,0,0,Matches
105,Karl Darlow,wls WAL,GK,Leeds United,35-152,1990,13,0,0,0,,0,0,,,0,0,Matches
106,Ben Davies,wls WAL,DF,Tottenham Hotspur,32-319,1993,1.5,1,2,2,100,1.31,1.31,0.5,0.5,0,0,Matches
107,Maxim De Cuyper,be BEL,"DF,MF",Brighton,25-077,2000,12.6,2,11,6,54.5,0.87,0.47,0.18,0.33,0,0,Matches
108,Liam Delap,eng ENG,FW,Chelsea,23-029,2003,8.2,1,27,10,37,3.29,1.22,0.04,0.1,0,0,Matches
109,Sepp van den Berg,nl NED,DF,Brentford,24-079,2001,23.6,0,18,6,33.3,0.76,0.25,0,0,0,0,Matches
110,Justin Devenny,nir NIR,"MF,FW",Crystal Palace,22-149,2003,6.7,1,13,4,30.8,1.94,0.6,0,0,1,1,Matches
111,Kiernan Dewsbury-Hall,eng ENG,MF,Everton,27-184,1998,20.3,6,28,9,32.1,1.38,0.44,0.21,0.67,0,0,Matches
112,Bafodé Diakité,fr FRA,DF,Bournemouth,25-062,2001,14.2,0,1,0,0,0.07,0,0,,0,0,Matches
113,Amad Diallo,ci CIV,MF,Manchester Utd,23-241,2002,19.3,2,38,15,39.5,1.97,0.78,0.05,0.13,0,0,Matches
114,Habib Diarra,sn SEN,MF,Sunderland,22-065,2004,10.3,2,15,6,40,1.46,0.58,0.07,0.17,1,1,Matches
115,Rúben Dias,pt POR,DF,Manchester City,28-299,1997,22.8,2,10,4,40,0.44,0.18,0.2,0.5,0,0,Matches
116,Tyler Dibling,eng ENG,MF,Everton,19-362,2006,4,0,4,0,0,1.01,0,0,,0,0,Matches
117,Lucas Digne,fr FRA,DF,Aston Villa,32-232,1993,15.4,0,10,5,50,0.65,0.32,0,0,0,0,Matches
118,Issa Diop,fr FRA,DF,Fulham,29-059,1997,6.6,0,1,0,0,0.15,0,0,,0,0,Matches
119,El Hadji Malick Diouf,sn SEN,"DF,MF",West Ham United,21-071,2004,21.3,0,13,2,15.4,0.61,0.09,0,0,0,0,Matches
120,Axel Disasi,fr FRA,DF,West Ham United,27-363,1998,5,0,3,2,66.7,0.6,0.4,0,0,0,0,Matches
121,Matt Doherty,ie IRL,"DF,MF",Wolves,34-052,1992,7.8,0,3,0,0,0.38,0,0,,0,0,Matches
122,Jeremy Doku,be BEL,"MF,FW",Manchester City,23-286,2002,13.3,1,21,8,38.1,1.58,0.6,0.05,0.13,0,0,Matches
123,Nicolás Domínguez,ar ARG,MF,Nottingham Forest,27-254,1998,9.9,1,15,4,26.7,1.52,0.4,0.07,0.25,0,0,Matches
124,Gianluigi Donnarumma,it ITA,GK,Manchester City,27-012,1999,26,0,0,0,,0,0,,,0,0,Matches
125,Romelle Donovan,eng ENG,FW,Brentford,19-099,2006,0.5,0,3,1,33.3,6.59,2.2,0,0,0,0,Matches
Rk,Player,Nation,Pos,Squad,Age,Born,90s,Gls,Sh,SoT,SoT%,Sh/90,SoT/90,G/Sh,G/SoT,PK,PKatt,Matches
126,Patrick Dorgu,dk DEN,MF,Manchester Utd,21-134,2004,14.8,3,20,7,35,1.35,0.47,0.15,0.43,0,0,Matches
127,Max Dowman,eng ENG,MF,Arsenal,16-068,2009,0.3,0,3,0,0,9.31,0,0,,0,0,Matches
128,Radu Drăgușin,ro ROU,DF,Tottenham Hotspur,24-034,2002,4.7,0,4,0,0,0.85,0,0,,0,0,Matches
129,Joél Drakes-Thomas,eng ENG,MF,Crystal Palace,16-273,2009,0.1,0,0,0,,0,0,,,0,0,Matches
130,Martin Dúbravka,sk SVK,GK,Burnley,37-053,1989,29,0,0,0,,0,0,,,0,0,Matches
131,Lewis Dunk,eng ENG,DF,Brighton,34-108,1991,26.5,0,18,2,11.1,0.68,0.08,0,0,0,0,Matches
132,George Earthy,eng ENG,MF,West Ham United,21-185,2004,0.1,0,0,0,,0,0,,,0,0,Matches
133,Odsonne Édouard,fr FRA,FW,Crystal Palace,28-052,1998,0,0,0,0,,0,0,,,0,0,Matches
134,Tom Edozie,eng ENG,MF,Wolves,19-295,2006,0.1,1,1,1,100,12.86,12.86,1,1,0,0,Matches
135,Alysson Edward,br BRA,MF,Aston Villa,19-308,2006,0.5,0,1,0,0,1.84,0,0,,0,0,Matches
136,Marcus Edwards,eng ENG,"MF,FW",Burnley,27-096,1998,9.7,1,20,5,25,2.06,0.52,0.05,0.2,0,0,Matches
137,Hjalmar Ekdal,se SWE,DF,Burnley,27-139,1998,13.1,0,5,1,20,0.38,0.08,0,0,0,0,Matches
138,Hugo Ekitike,fr FRA,FW,Liverpool,23-262,2002,19.7,11,63,19,30.2,3.21,0.97,0.17,0.58,0,0,Matches
139,Anthony Elanga,se SWE,FW,Newcastle United,23-316,2002,12.7,0,14,4,28.6,1.1,0.31,0,0,0,0,Matches
140,Melker Ellborg,se SWE,GK,Sunderland,22-291,2003,1,0,0,0,,0,0,,,0,0,Matches
141,Harvey Elliott,eng ENG,"FW,MF",Liverpool,22-339,2003,0,0,0,0,,0,0,,,0,0,Matches
142,Harvey Elliott,eng ENG,MF,Aston Villa,22-339,2003,1.2,0,5,0,0,4.02,0,0,,0,0,Matches
143,Wataru Endo,jp JPN,DF,Liverpool,33-028,1993,1.9,0,1,0,0,0.51,0,0,,0,0,Matches
144,Romain Esse,eng ENG,MF,Crystal Palace,20-300,2005,0.5,0,0,0,,0,0,,,0,0,Matches
145,Maxime Estève,fr FRA,DF,Burnley,23-287,2002,24.9,0,9,1,11.1,0.36,0.04,0,0,0,0,Matches
146,Evanilson,br BRA,FW,Bournemouth,26-154,1999,22.4,6,53,20,37.7,2.37,0.89,0.11,0.3,0,0,Matches
147,Eberechi Eze,eng ENG,"MF,FW",Arsenal,27-253,1998,14.8,6,36,13,36.1,2.44,0.88,0.17,0.46,0,0,Matches
148,Eberechi Eze,eng ENG,MF,Crystal Palace,27-253,1998,0.9,0,6,2,33.3,6.51,2.17,0,0,0,0,Matches
149,Bruno Fernandes,pt POR,MF,Manchester Utd,31-182,1994,25,7,64,18,28.1,2.56,0.72,0.06,0.22,3,5,Matches
150,Mateus Fernandes,pt POR,MF,West Ham United,21-242,2004,24.6,3,21,5,23.8,0.85,0.2,0.14,0.6,0,0,Matches
Rk,Player,Nation,Pos,Squad,Age,Born,90s,Gls,Sh,SoT,SoT%,Sh/90,SoT/90,G/Sh,G/SoT,PK,PKatt,Matches
151,Enzo Fernández,ar ARG,MF,Chelsea,25-051,2001,26.6,8,55,24,43.6,2.06,0.9,0.11,0.25,2,2,Matches
152,Zian Flemming,nl NED,FW,Burnley,27-220,1998,11.2,7,30,13,43.3,2.67,1.16,0.17,0.38,2,2,Matches
153,Jack Fletcher,eng ENG,MF,Manchester Utd,18-355,2007,1.2,0,1,0,0,0.83,0,0,,0,0,Matches
154,Tyler Fletcher,sct SCO,MF,Manchester Utd,18-355,2007,0,0,0,0,,0,0,,,0,0,Matches
155,Phil Foden,eng ENG,MF,Manchester City,25-285,2000,19.9,7,51,17,33.3,2.56,0.85,0.14,0.41,0,0,Matches
156,Wesley Fofana,fr FRA,DF,Chelsea,25-082,2000,12.3,0,4,0,0,0.33,0,0,,0,0,Matches
157,Lyle Foster,za RSA,FW,Burnley,25-187,2000,12.9,3,17,5,29.4,1.32,0.39,0.18,0.6,0,0,Matches
158,Tyler Fredricson,eng ENG,DF,Manchester Utd,21-014,2005,0,0,0,0,,0,0,,,0,0,Matches
159,Jeremie Frimpong,nl NED,"DF,MF",Liverpool,25-089,2000,7,0,8,1,12.5,1.15,0.14,0,0,0,0,Matches
160,Niclas Füllkrug,de GER,FW,West Ham United,33-028,1993,4.5,0,9,3,33.3,1.98,0.66,0,0,0,0,Matches
161,Cody Gakpo,nl NED,"MF,FW",Liverpool,26-306,1999,21.9,6,64,14,21.9,2.92,0.64,0.09,0.43,0,0,Matches
162,Conor Gallagher,eng ENG,MF,Tottenham Hotspur,26-031,2000,6.4,0,5,2,40,0.78,0.31,0,0,0,0,Matches
163,Idrissa Gana Gueye,sn SEN,MF,Everton,36-164,1989,18.5,2,24,5,20.8,1.3,0.27,0.08,0.4,0,0,Matches
164,Ben Gannon-Doak,sct SCO,MF,Bournemouth,20-118,2005,0.6,0,1,0,0,1.58,0,0,,0,0,Matches
165,Andrés García,es ESP,DF,Aston Villa,23-030,2003,0.4,0,0,0,,0,0,,,0,0,Matches
166,Alejandro Garnacho,ar ARG,MF,Chelsea,21-251,2004,11,1,25,6,24,2.28,0.55,0.04,0.17,0,0,Matches
167,James Garner,eng ENG,"MF,DF",Everton,24-361,2001,28.9,2,40,11,27.5,1.38,0.38,0.05,0.18,0,0,Matches
168,Lutsharel Geertruida,nl NED,"DF,MF",Sunderland,25-234,2000,13.8,0,7,1,14.3,0.51,0.07,0,0,0,0,Matches
169,Tyrique George,eng ENG,FW,Chelsea,20-033,2006,1.6,0,3,2,66.7,1.86,1.24,0,0,0,0,Matches
170,Tyrique George,eng ENG,MF,Everton,20-033,2006,1.2,0,2,1,50,1.71,0.86,0,0,0,0,Matches
171,Morgan Gibbs-White,eng ENG,"MF,FW",Nottingham Forest,26-041,2000,27.5,8,63,21,33.3,2.29,0.76,0.11,0.33,1,1,Matches
172,Jamie Gittens,eng ENG,MF,Chelsea,21-213,2004,5.5,0,10,2,20,1.82,0.36,0,0,0,0,Matches
173,Wilfried Gnonto,it ITA,FW,Leeds United,22-124,2003,4.3,0,8,0,0,1.86,0,0,,0,0,Matches
174,Angel Gomes,eng ENG,"MF,FW",Wolves,25-190,2000,2.7,0,2,1,50,0.75,0.38,0,0,0,0,Matches
175,João Gomes,br BRA,MF,Wolves,25-025,2001,24.5,1,16,6,37.5,0.65,0.24,0.06,0.17,0,0,Matches
Rk,Player,Nation,Pos,Squad,Age,Born,90s,Gls,Sh,SoT,SoT%,Sh/90,SoT/90,G/Sh,G/SoT,PK,PKatt,Matches
176,Rodrigo Gomes,pt POR,"MF,FW",Wolves,22-245,2003,6.6,3,14,6,42.9,2.11,0.9,0.21,0.5,0,0,Matches
177,Toti Gomes,pt POR,DF,Wolves,27-052,1999,11.5,0,4,1,25,0.35,0.09,0,0,0,0,Matches
178,Diego Gómez,py PAR,"MF,FW",Brighton,22-347,2003,19.5,5,31,13,41.9,1.59,0.67,0.16,0.38,0,0,Matches
179,Joe Gomez,eng ENG,DF,Liverpool,28-290,1997,4.6,0,3,1,33.3,0.66,0.22,0,0,0,0,Matches
180,Nicolás González,es ESP,MF,Manchester City,24-065,2002,15.3,1,12,2,16.7,0.78,0.13,0.08,0.5,0,0,Matches
181,Anthony Gordon,eng ENG,FW,Newcastle United,25-013,2001,17.2,4,41,16,39,2.39,0.93,0.02,0.06,3,3,Matches
182,Ryan Gravenberch,nl NED,MF,Liverpool,23-297,2002,26,4,29,8,27.6,1.12,0.31,0.14,0.5,0,0,Matches
183,Archie Gray,eng ENG,"MF,DF",Tottenham Hotspur,19-362,2006,13.3,2,8,4,50,0.6,0.3,0.25,0.5,0,0,Matches
184,Jack Grealish,eng ENG,MF,Everton,30-180,1995,18.1,2,26,8,30.8,1.44,0.44,0.08,0.25,0,0,Matches
185,Pascal Groß,de GER,MF,Brighton,34-267,1991,9.2,1,9,4,44.4,0.98,0.44,0.11,0.25,0,0,Matches
186,Brajan Gruda,de GER,MF,Brighton,21-282,2004,8,1,16,6,37.5,2,0.75,0.06,0.17,0,0,Matches
187,Ilia Gruev,bg BUL,MF,Leeds United,25-307,2000,13.9,0,6,1,16.7,0.43,0.07,0,0,0,0,Matches
188,Gabriel Gudmundsson,se SWE,"DF,MF",Leeds United,26-314,1999,25.8,0,18,3,16.7,0.7,0.12,0,0,0,0,Matches
189,Marc Guéhi,eng ENG,DF,Crystal Palace,25-239,2000,20,2,15,4,26.7,0.75,0.2,0.13,0.5,0,0,Matches
190,Marc Guéhi,eng ENG,DF,Manchester City,25-239,2000,7,0,9,3,33.3,1.29,0.43,0,0,0,0,Matches
191,Evann Guessand,ci CIV,MF,Crystal Palace,24-251,2001,2.3,1,2,1,50,0.86,0.43,0.5,1,0,0,Matches
192,Evann Guessand,ci CIV,MF,Aston Villa,24-251,2001,6.5,0,8,5,62.5,1.22,0.77,0,0,0,0,Matches
193,Luis Guilherme,br BRA,FW,West Ham United,20-028,2006,1.4,0,1,0,0,0.72,0,0,,0,0,Matches
194,Bruno Guimarães,br BRA,MF,Newcastle United,28-113,1997,22.4,9,32,17,53.1,1.43,0.76,0.22,0.41,2,2,Matches
195,Marc Guiu,es ESP,FW,Sunderland,20-064,2006,0.2,0,1,0,0,6,0,0,,0,0,Matches
196,Marc Guiu,es ESP,FW,Chelsea,20-064,2006,2.6,0,11,2,18.2,4.16,0.76,0,0,0,0,Matches
197,Angus Gunn,sct SCO,GK,Nottingham Forest,30-046,1996,0.5,0,0,0,,0,0,,,0,0,Matches
198,Malo Gusto,fr FRA,"DF,MF",Chelsea,22-294,2003,18.3,2,11,5,45.5,0.6,0.27,0.18,0.4,0,0,Matches
199,Joško Gvardiol,hr CRO,DF,Manchester City,24-045,2002,14.5,2,16,5,31.3,1.11,0.35,0.13,0.4,0,0,Matches
200,Viktor Gyökeres,se SWE,FW,Arsenal,27-278,1998,20.7,10,42,16,38.1,2.03,0.77,0.19,0.5,2,2,Matches
Rk,Player,Nation,Pos,Squad,Age,Born,90s,Gls,Sh,SoT,SoT%,Sh/90,SoT/90,G/Sh,G/SoT,PK,PKatt,Matches
201,Erling Haaland,no NOR,FW,Manchester City,25-231,2000,25.8,22,98,48,49,3.8,1.86,0.19,0.4,3,4,Matches
202,Lewis Hall,eng ENG,DF,Newcastle United,21-182,2004,17.5,1,19,3,15.8,1.09,0.17,0.05,0.33,0,0,Matches
203,Jack Harrison,eng ENG,FW,Leeds United,29-109,1996,3,0,6,2,33.3,2.01,0.67,0,0,0,0,Matches
204,Quilindschy Hartman,nl NED,DF,Burnley,24-115,2001,14.9,0,6,2,33.3,0.4,0.13,0,0,0,0,Matches
205,Jorrel Hato,nl NED,DF,Chelsea,20-002,2006,6.1,0,4,0,0,0.66,0,0,,0,0,Matches
206,Kai Havertz,de GER,MF,Arsenal,26-271,1999,2.3,0,5,1,20,2.21,0.44,0,0,0,0,Matches
207,Ayden Heaven,eng ENG,DF,Manchester Utd,19-168,2006,7.2,0,3,0,0,0.42,0,0,,0,0,Matches
208,Jan Paul van Hecke,nl NED,DF,Brighton,25-274,2000,26.7,3,17,8,47.1,0.64,0.3,0.18,0.38,0,0,Matches
209,Hwang Hee-chan,kr KOR,"FW,MF",Wolves,30-042,1996,12.8,2,15,6,40,1.17,0.47,0.07,0.17,1,1,Matches
210,George Hemmings,eng ENG,MF,Aston Villa,19-005,2007,0.3,0,1,0,0,3.33,0,0,,0,0,Matches
211,Dean Henderson,eng ENG,GK,Crystal Palace,28-362,1997,29,0,0,0,,0,0,,,0,0,Matches
212,Jordan Henderson,eng ENG,MF,Brentford,35-265,1990,18.2,1,6,1,16.7,0.33,0.05,0.17,1,0,0,Matches
213,Rico Henry,jm JAM,DF,Brentford,28-244,1997,14.8,0,5,0,0,0.34,0,0,,0,0,Matches
214,Mads Hermansen,dk DEN,GK,West Ham United,25-241,2000,9,0,0,0,,0,0,,,0,0,Matches
215,Aaron Hickey,sct SCO,DF,Brentford,23-272,2002,6.7,0,5,1,20,0.75,0.15,0,0,0,0,Matches
216,James Hill,eng ENG,DF,Bournemouth,24-058,2002,14.4,0,6,1,16.7,0.42,0.07,0,0,0,0,Matches
217,Piero Hincapié,ec ECU,DF,Arsenal,24-059,2002,16.5,1,2,1,50,0.12,0.06,0.5,1,0,0,Matches
218,Jack Hinshelwood,eng ENG,MF,Brighton,20-332,2005,11.2,1,20,5,25,1.79,0.45,0.05,0.2,0,0,Matches
219,Ki-Jana Hoever,nl NED,"MF,DF",Wolves,24-050,2002,4.7,0,1,1,100,0.21,0.21,0,0,0,0,Matches
220,Harry Howell,eng ENG,MF,Brighton,17-161,2008,1,0,0,0,,0,0,,,0,0,Matches
221,Callum Hudson-Odoi,eng ENG,MF,Nottingham Forest,25-122,2000,18.2,3,28,10,35.7,1.54,0.55,0.11,0.3,0,0,Matches
222,Will Hughes,eng ENG,MF,Crystal Palace,30-326,1995,13.8,0,17,0,0,1.23,0,0,,0,0,Matches
223,Trai Hume,nir NIR,"DF,MF",Sunderland,23-356,2002,26.7,0,24,5,20.8,0.9,0.19,0,0,0,0,Matches
224,Bashir Humphreys,eng ENG,"DF,MF",Burnley,22-359,2003,11.8,0,5,1,20,0.42,0.08,0,0,0,0,Matches
225,Omari Hutchinson,eng ENG,MF,Nottingham Forest,22-130,2003,12.9,1,21,9,42.9,1.63,0.7,0.05,0.11,0,0,Matches
Rk,Player,Nation,Pos,Squad,Age,Born,90s,Gls,Sh,SoT,SoT%,Sh/90,SoT/90,G/Sh,G/SoT,PK,PKatt,Matches
226,Igor,br BRA,DF,West Ham United,28-030,1998,1.2,0,0,0,,0,0,,,0,0,Matches
227,Tim Iroegbunam,eng ENG,MF,Everton,22-252,2003,11.4,0,8,0,0,0.7,0,0,,0,0,Matches
228,Andy Irving,sct SCO,MF,West Ham United,25-300,2000,1.8,0,0,0,,0,0,,,0,0,Matches
229,Alexander Isak,se SWE,FW,Liverpool,26-169,1999,5.6,2,15,4,26.7,2.68,0.71,0.13,0.5,0,0,Matches
230,Wilson Isidor,fr FRA,FW,Sunderland,25-194,2000,11.9,4,38,14,36.8,3.2,1.18,0.11,0.29,0,0,Matches
231,Alex Iwobi,ng NGA,MF,Fulham,29-310,1996,21.7,4,27,11,40.7,1.25,0.51,0.15,0.36,0,0,Matches
232,Daniel James,wls WAL,FW,Leeds United,28-119,1997,4.5,0,10,2,20,2.21,0.44,0,0,0,0,Matches
233,Reece James,eng ENG,"DF,MF",Chelsea,26-091,1999,20.1,2,17,6,35.3,0.85,0.3,0.12,0.33,0,0,Matches
234,Vitaly Janelt,de GER,MF,Brentford,27-303,1998,14,1,12,3,25,0.86,0.21,0.08,0.33,0,0,Matches
235,Mathias Jensen,dk DEN,MF,Brentford,30-067,1996,16.4,2,22,6,27.3,1.34,0.37,0.09,0.33,0,0,Matches
236,Gabriel Jesus,br BRA,FW,Arsenal,28-340,1997,3.5,2,14,9,64.3,4.03,2.59,0.14,0.22,0,0,Matches
237,Igor Jesus,br BRA,FW,Nottingham Forest,25-012,2001,18.5,2,52,11,21.2,2.81,0.59,0.04,0.18,0,0,Matches
238,Álex Jiménez,es ESP,"DF,MF",Bournemouth,20-305,2005,20.6,1,19,4,21.1,0.92,0.19,0.05,0.25,0,0,Matches
239,Raúl Jiménez,mx MEX,FW,Fulham,34-308,1991,21.2,8,61,16,26.2,2.88,0.76,0.08,0.31,3,3,Matches
240,Jamaldeen Jimoh,eng ENG,MF,Aston Villa,19-158,2006,0.1,0,0,0,,0,0,,,0,0,Matches
241,João Pedro,br BRA,"FW,MF",Chelsea,24-164,2001,23.8,14,57,26,45.6,2.39,1.09,0.25,0.54,0,0,Matches
242,Joelinton,br BRA,MF,Newcastle United,29-207,1996,17.5,2,27,10,37,1.54,0.57,0.07,0.2,0,0,Matches
243,John,br BRA,GK,Nottingham Forest,30-024,1996,4.9,0,0,0,,0,0,,,0,0,Matches
244,Brennan Johnson,wls WAL,"MF,FW",Tottenham Hotspur,24-290,2001,6.8,2,6,2,33.3,0.89,0.3,0.33,1,0,0,Matches
245,Brennan Johnson,wls WAL,MF,Crystal Palace,24-290,2001,6.1,0,10,3,30,1.65,0.49,0,0,0,0,Matches
246,Sam Johnstone,eng ENG,GK,Wolves,32-349,1993,12,0,0,0,,0,0,,,0,0,Matches
247,Curtis Jones,eng ENG,MF,Liverpool,25-038,2001,13.8,0,18,5,27.8,1.3,0.36,0,0,0,0,Matches
248,Eli Junior Kroupi,fr FRA,"MF,FW",Bournemouth,19-259,2006,11.8,8,29,15,51.7,2.46,1.27,0.28,0.53,0,0,Matches
249,Hamed Junior Traorè,ci CIV,MF,Bournemouth,26-021,2000,0.2,0,0,0,,0,0,,,0,0,Matches
250,James Justin,eng ENG,"DF,MF",Leeds United,28-014,1998,12.1,1,13,4,30.8,1.07,0.33,0.08,0.25,0,0,Matches
Rk,Player,Nation,Pos,Squad,Age,Born,90s,Gls,Sh,SoT,SoT%,Sh/90,SoT/90,G/Sh,G/SoT,PK,PKatt,Matches
251,Filip Jørgensen,dk DEN,GK,Chelsea,23-327,2002,2.9,0,0,0,,0,0,,,0,0,Matches
252,Ferdi Kadioglu,tr TUR,"DF,MF",Brighton,26-153,1999,25.8,0,19,8,42.1,0.74,0.31,0,0,0,0,Matches
253,Sasa Kalajdzic,at AUT,"FW,MF",Wolves,28-245,1997,0.2,0,0,0,,0,0,,,0,0,Matches
254,Arnaud Kalimuendo,fr FRA,FW,Nottingham Forest,24-048,2002,1.1,0,4,1,25,3.75,0.94,0,0,0,0,Matches
255,Daichi Kamada,jp JPN,MF,Crystal Palace,29-216,1996,16.3,0,16,4,25,0.98,0.25,0,0,0,0,Matches
256,Boubacar Kamara,fr FRA,MF,Aston Villa,26-106,1999,15.7,1,7,4,57.1,0.45,0.26,0.14,0.25,0,0,Matches
257,Mohamadou Kanté,fr FRA,MF,West Ham United,20-170,2005,0.3,0,1,0,0,3.21,0,0,,0,0,Matches
258,Michael Kayode,it ITA,DF,Brentford,21-242,2004,27.2,0,6,1,16.7,0.22,0.04,0,0,0,0,Matches
259,Michael Keane,eng ENG,DF,Everton,33-057,1993,21.7,3,20,6,30,0.92,0.28,0.15,0.5,0,0,Matches
260,Caoimhín Kelleher,ie IRL,GK,Brentford,27-106,1998,28,0,0,0,,0,0,,,0,0,Matches
261,Milos Kerkez,hu HUN,DF,Liverpool,22-122,2003,21.7,1,7,1,14.3,0.32,0.05,0.14,1,0,0,Matches
262,Kevin,br BRA,MF,Fulham,23-064,2003,10.1,1,22,9,40.9,2.18,0.89,0.05,0.11,0,0,Matches
263,Abdukodir Khusanov,uz UZB,DF,Manchester City,22-008,2004,8.9,0,1,0,0,0.11,0,0,,0,0,Matches
264,Max Kilman,eng ENG,DF,West Ham United,28-290,1997,17.3,0,7,1,14.3,0.4,0.06,0,0,0,0,Matches
265,Joshua King,eng ENG,MF,Fulham,19-065,2007,11.1,0,20,8,40,1.81,0.72,0,0,0,0,Matches
266,Justin Kluivert,nl NED,MF,Bournemouth,26-308,1999,10.2,2,16,4,25,1.57,0.39,0.13,0.5,0,0,Matches
267,Joe Knight,eng ENG,MF,Brighton,20-169,2005,0,0,0,0,,0,0,,,0,0,Matches
268,Randal Kolo Muani,fr FRA,"FW,MF",Tottenham Hotspur,27-094,1998,13.2,1,14,3,21.4,1.06,0.23,0.07,0.33,0,0,Matches
269,Ibrahima Konaté,fr FRA,DF,Liverpool,26-288,1999,26.7,1,10,3,30,0.37,0.11,0.1,0.33,0,0,Matches
270,Ezri Konsa,eng ENG,DF,Aston Villa,28-137,1997,27.7,0,9,2,22.2,0.32,0.07,0,0,0,0,Matches
271,Charalampos Kostoulas,gr GRE,FW,Brighton,18-283,2007,3.4,2,15,6,40,4.43,1.77,0.13,0.33,0,0,Matches
272,Mateo Kovačić,hr CRO,MF,Manchester City,31-307,1994,0.1,0,0,0,,0,0,,,0,0,Matches
273,Emil Krafth,se SWE,DF,Newcastle United,31-219,1994,0.5,0,0,0,,0,0,,,0,0,Matches
274,Ladislav Krejčí,cz CZE,"DF,MF",Wolves,26-323,1999,21.6,2,14,8,57.1,0.65,0.37,0.14,0.25,0,0,Matches
275,Mohammed Kudus,gh GHA,"MF,FW",Tottenham Hotspur,25-219,2000,17.1,2,26,9,34.6,1.52,0.53,0.08,0.22,0,0,Matches
Rk,Player,Nation,Pos,Squad,Age,Born,90s,Gls,Sh,SoT,SoT%,Sh/90,SoT/90,G/Sh,G/SoT,PK,PKatt,Matches
276,Jonah Kusi-Asare,se SWE,FW,Fulham,18-248,2007,0.4,0,0,0,,0,0,,,0,0,Matches
277,Shea Lacey,eng ENG,FW,Manchester Utd,18-329,2007,0.2,0,3,1,33.3,19.29,6.43,0,0,0,0,Matches
278,Maxence Lacroix,fr FRA,DF,Crystal Palace,25-337,2000,26.6,1,17,4,23.5,0.64,0.15,0.06,0.25,0,0,Matches
279,Senne Lammens,be BEL,GK,Manchester Utd,23-245,2002,23,0,0,0,,0,0,,,0,0,Matches
280,Jamaal Lascelles,eng ENG,DF,Newcastle United,32-118,1993,0.2,0,1,0,0,4.29,0,0,,0,0,Matches
281,Josh Laurent,eng ENG,"DF,MF",Burnley,30-307,1995,15.7,1,13,4,30.8,0.83,0.26,0.08,0.25,0,0,Matches
282,Roméo Lavia,be BEL,MF,Chelsea,22-062,2004,1.6,0,0,0,,0,0,,,0,0,Matches
283,Enzo Le Fée,fr FRA,"MF,FW",Sunderland,26-034,2000,25.5,4,24,6,25,0.94,0.24,0.04,0.17,3,4,Matches
284,Bernd Leno,de GER,GK,Fulham,34-005,1992,29,0,0,0,,0,0,,,0,0,Matches
285,Jefferson Lerma,co COL,"MF,DF",Crystal Palace,31-135,1994,12.9,0,13,6,46.2,1,0.46,0,0,0,0,Matches
286,Rico Lewis,eng ENG,DF,Manchester City,21-108,2004,3.5,0,2,0,0,0.57,0,0,,0,0,Matches
287,Keane Lewis-Potter,eng ENG,"MF,DF",Brentford,25-015,2001,12.9,3,19,7,36.8,1.47,0.54,0.16,0.43,0,0,Matches
288,Myles Lewis-Skelly,eng ENG,DF,Arsenal,19-164,2006,3.6,0,1,0,0,0.28,0,0,,0,0,Matches
289,Matthijs de Ligt,nl NED,DF,Manchester Utd,26-209,1999,13,1,11,3,27.3,0.85,0.23,0.09,0.33,0,0,Matches
290,Pedro Lima,br BRA,DF,Wolves,19-251,2006,0,0,0,0,,0,0,,,0,0,Matches
291,Victor Lindelöf,se SWE,DF,Aston Villa,31-235,1994,6.4,0,1,0,0,0.16,0,0,,0,0,Matches
292,Valentino Livramento,eng ENG,DF,Newcastle United,23-117,2002,11.7,0,2,0,0,0.17,0,0,,0,0,Matches
293,Sean Longstaff,eng ENG,MF,Leeds United,28-130,1997,10.5,1,13,2,15.4,1.24,0.19,0.08,0.5,0,0,Matches
294,Fer López,es ESP,MF,Wolves,21-289,2004,2.6,0,5,1,20,1.91,0.38,0,0,0,0,Matches
295,Lucas,br BRA,"MF,DF",Burnley,24-350,2001,12.1,0,11,1,9.1,0.91,0.08,0,0,0,0,Matches
296,Lorenzo Lucca,it ITA,FW,Nottingham Forest,25-180,2000,1.3,1,3,1,33.3,2.23,0.74,0.33,1,0,0,Matches
297,Florentino Luís,pt POR,MF,Burnley,26-202,1999,18.4,0,9,1,11.1,0.49,0.05,0,0,0,0,Matches
298,Douglas Luiz,br BRA,MF,Aston Villa,27-304,1998,5.1,1,5,3,60,0.99,0.59,0.2,0.33,0,0,Matches
299,Douglas Luiz,br BRA,MF,Nottingham Forest,27-304,1998,3.5,0,5,1,20,1.43,0.29,0,0,0,0,Matches
300,Saša Lukić,rs SRB,MF,Fulham,29-208,1996,13.4,1,12,3,25,0.89,0.22,0.08,0.33,0,0,Matches
Rk,Player,Nation,Pos,Squad,Age,Born,90s,Gls,Sh,SoT,SoT%,Sh/90,SoT/90,G/Sh,G/SoT,PK,PKatt,Matches
301,Ian Maatsen,nl NED,DF,Aston Villa,23-364,2002,13.9,0,17,4,23.5,1.22,0.29,0,0,0,0,Matches
302,Alexis Mac Allister,ar ARG,MF,Liverpool,27-075,1998,22.2,2,41,10,24.4,1.85,0.45,0.05,0.2,0,0,Matches
303,Noni Madueke,eng ENG,"FW,MF",Arsenal,23-364,2002,9.3,2,17,5,29.4,1.83,0.54,0.12,0.4,0,0,Matches
304,Gabriel Magalhães,br BRA,DF,Arsenal,28-080,1997,23.1,3,17,5,29.4,0.74,0.22,0.18,0.6,0,0,Matches
305,Soungoutou Magassa,fr FRA,MF,West Ham United,22-152,2003,10.4,1,7,2,28.6,0.67,0.19,0.14,0.5,0,0,Matches
306,Harry Maguire,eng ENG,DF,Manchester Utd,33-004,1993,11.5,1,9,2,22.2,0.78,0.17,0.11,0.5,0,0,Matches
307,Kobbie Mainoo,eng ENG,MF,Manchester Utd,20-324,2005,10.5,0,8,2,25,0.76,0.19,0,0,0,0,Matches
308,Tyrell Malacia,nl NED,DF,Manchester Utd,26-204,1999,0.1,0,0,0,,0,0,,,0,0,Matches
309,Donyell Malen,nl NED,"FW,MF",Aston Villa,27-059,1999,7.3,4,27,9,33.3,3.7,1.23,0.15,0.44,0,0,Matches
310,Giorgi Mamardashvili,ge GEO,GK,Liverpool,25-161,2000,5,0,0,0,,0,0,,,0,0,Matches
311,Reinildo Mandava,mz MOZ,DF,Sunderland,32-047,1994,15.9,0,4,0,0,0.25,0,0,,0,0,Matches
312,Mateus Mane,pt POR,MF,Wolves,18-174,2007,13.8,2,28,12,42.9,2.03,0.87,0.07,0.17,0,0,Matches
313,Bendito Mantato,eng ENG,MF,Manchester Utd,18-043,2008,0.2,0,0,0,,0,0,,,0,0,Matches
314,Solly March,eng ENG,MF,Brighton,31-232,1994,0.1,0,0,0,,0,0,,,0,0,Matches
315,Omar Marmoush,eg EGY,"FW,MF",Manchester City,27-030,1999,5.7,1,22,7,31.8,3.86,1.23,0.05,0.14,0,0,Matches
316,Callum Marshall,nir NIR,FW,West Ham United,21-101,2004,0.7,0,1,0,0,1.5,0,0,,0,0,Matches
317,Gabriel Martinelli,br BRA,"FW,MF",Arsenal,24-264,2001,9.2,1,24,9,37.5,2.62,0.98,0.04,0.11,0,0,Matches
318,Emiliano Martínez,ar ARG,GK,Aston Villa,33-188,1992,24.5,0,0,0,,0,0,,,0,0,Matches
319,Lisandro Martínez,ar ARG,DF,Manchester Utd,28-050,1998,10.1,0,4,0,0,0.4,0,0,,0,0,Matches
320,Arthur Masuaku,cd COD,DF,Sunderland,32-122,1993,1.4,0,1,0,0,0.71,0,0,,0,0,Matches
321,Pape Matar Sarr,sn SEN,MF,Tottenham Hotspur,23-176,2002,12.7,2,13,6,46.2,1.02,0.47,0.15,0.33,0,0,Matches
322,Jean-Philippe Mateta,fr FRA,FW,Crystal Palace,28-254,1997,21.2,8,54,26,48.1,2.55,1.23,0.09,0.19,3,3,Matches
323,Konstantinos Mavropanos,gr GRE,DF,West Ham United,28-088,1997,19.2,0,15,3,20,0.78,0.16,0,0,0,0,Matches
324,Eliezer Mayenda,es ESP,"FW,MF",Sunderland,20-305,2005,8.3,2,13,6,46.2,1.57,0.73,0.15,0.33,0,0,Matches
325,Ezra Mayers,bb BRB,DF,West Ham United,19-052,2007,1.3,0,1,0,0,0.77,0,0,,0,0,Matches
Rk,Player,Nation,Pos,Squad,Age,Born,90s,Gls,Sh,SoT,SoT%,Sh/90,SoT/90,G/Sh,G/SoT,PK,PKatt,Matches
326,Noussair Mazraoui,ma MAR,"MF,DF",Manchester Utd,28-115,1997,6.9,0,4,0,0,0.58,0,0,,0,0,Matches
327,Bryan Mbeumo,cm CMR,"MF,FW",Manchester Utd,26-214,1999,22.7,9,57,29,50.9,2.51,1.28,0.16,0.31,0,0,Matches
328,James Mcatee,eng ENG,MF,Nottingham Forest,23-142,2002,2,0,1,0,0,0.51,0,0,,0,0,Matches
329,John McGinn,sct SCO,MF,Aston Villa,31-142,1994,17.7,3,18,7,38.9,1.02,0.4,0.17,0.43,0,0,Matches
330,Dwight McNeil,eng ENG,"MF,FW",Everton,26-107,1999,8.7,0,14,5,35.7,1.6,0.57,0,0,0,0,Matches
331,Hannibal Mejbri,tn TUN,MF,Burnley,23-047,2003,9.8,1,12,4,33.3,1.22,0.41,0.08,0.25,0,0,Matches
332,Mikel Merino,es ESP,"MF,FW",Arsenal,29-260,1996,11.2,4,21,8,38.1,1.88,0.71,0.19,0.5,0,0,Matches
333,Antoni Milambo,nl NED,MF,Brentford,20-340,2005,0.5,0,0,0,,0,0,,,0,0,Matches
334,Nikola Milenković,rs SRB,DF,Nottingham Forest,28-148,1997,29,0,15,1,6.7,0.52,0.03,0,0,0,0,Matches
335,Lewis Miley,eng ENG,"MF,DF",Newcastle United,19-312,2006,12.6,1,12,4,33.3,0.95,0.32,0.08,0.25,0,0,Matches
336,James Milner,eng ENG,MF,Brighton,40-064,1986,6.2,1,6,2,33.3,0.96,0.32,0,0,1,1,Matches
337,Veljko Milosavljević,rs SRB,DF,Bournemouth,18-254,2007,4.1,0,1,0,0,0.24,0,0,,0,0,Matches
338,Tyrone Mings,eng ENG,DF,Aston Villa,32-361,1993,9.7,0,6,0,0,0.62,0,0,,0,0,Matches
339,Yankuba Minteh,gm GAM,MF,Brighton,21-230,2004,18.7,1,33,8,24.2,1.77,0.43,0.03,0.13,0,0,Matches
340,Tyrick Mitchell,eng ENG,MF,Crystal Palace,26-189,1999,28.6,1,13,5,38.5,0.45,0.17,0.08,0.2,0,0,Matches
341,Kaoru Mitoma,jp JPN,"MF,FW",Brighton,28-293,1997,15.7,2,22,10,45.5,1.4,0.64,0.09,0.2,0,0,Matches
342,Morato,br BRA,DF,Nottingham Forest,24-252,2001,10.5,0,4,1,25,0.38,0.1,0,0,0,0,Matches
343,Cristhian Mosquera,es ESP,DF,Arsenal,21-255,2004,6.9,0,0,0,,0,0,,,0,0,Matches
344,Yerson Mosquera,co COL,DF,Wolves,24-311,2001,18,0,21,6,28.6,1.17,0.33,0,0,0,0,Matches
345,Mason Mount,eng ENG,MF,Manchester Utd,27-058,1999,9.1,3,18,5,27.8,1.99,0.55,0.17,0.6,0,0,Matches
346,Divine Mukasa,eng ENG,MF,Manchester City,18-199,2007,0.3,0,0,0,,0,0,,,0,0,Matches
347,Nordi Mukiele,fr FRA,DF,Sunderland,28-128,1997,24,1,16,2,12.5,0.67,0.08,0.06,0.5,0,0,Matches
348,Romaine Mundle,eng ENG,MF,Sunderland,22-319,2003,4.6,0,7,2,28.6,1.53,0.44,0,0,0,0,Matches
349,Marshall Munetsi,zw ZIM,"MF,FW",Wolves,29-260,1996,9.7,1,14,6,42.9,1.44,0.62,0.07,0.17,0,0,Matches
350,Rodrigo Muniz,br BRA,FW,Fulham,24-309,2001,5.3,1,16,4,25,3.03,0.76,0.06,0.25,0,0,Matches
Rk,Player,Nation,Pos,Squad,Age,Born,90s,Gls,Sh,SoT,SoT%,Sh/90,SoT/90,G/Sh,G/SoT,PK,PKatt,Matches
351,Daniel Muñoz,co COL,MF,Crystal Palace,29-287,1996,19.8,3,18,7,38.9,0.91,0.35,0.17,0.43,0,0,Matches
352,Murillo,br BRA,DF,Nottingham Forest,23-248,2002,20.2,1,9,4,44.4,0.45,0.2,0.11,0.25,0,0,Matches
353,Alex Murphy,ie IRL,DF,Newcastle United,21-257,2004,0,0,0,0,,0,0,,,0,0,Matches
354,Jacob Murphy,eng ENG,"FW,MF",Newcastle United,31-013,1995,12.7,3,36,11,30.6,2.83,0.87,0.08,0.27,0,0,Matches
355,Vitaliy Mykolenko,ua UKR,DF,Everton,26-284,1999,23.9,0,9,2,22.2,0.38,0.08,0,0,0,0,Matches
356,David Møller Wolfe,no NOR,"MF,DF",Wolves,23-320,2002,9.4,0,3,0,0,0.32,0,0,,0,0,Matches
357,Iliman Ndiaye,sn SEN,MF,Everton,26-003,2000,21.9,5,28,14,50,1.28,0.64,0.11,0.21,2,2,Matches
358,Dan Ndoye,ch SUI,MF,Nottingham Forest,25-135,2000,12.4,1,15,4,26.7,1.21,0.32,0.07,0.25,0,0,Matches
359,Dan Neil,eng ENG,MF,Sunderland,24-086,2001,0.2,0,0,0,,0,0,,,0,0,Matches
360,Reiss Nelson,eng ENG,"FW,MF",Brentford,26-089,1999,0.6,0,3,1,33.3,4.91,1.64,0,0,0,0,Matches
361,Pedro Neto,pt POR,MF,Chelsea,26-000,2000,23.8,5,39,11,28.2,1.64,0.46,0.13,0.45,0,0,Matches
362,Luca Netz,de GER,"DF,MF",Nottingham Forest,22-298,2003,0.6,0,0,0,,0,0,,,0,0,Matches
363,Rio Ngumoha,eng ENG,FW,Liverpool,17-192,2008,1.5,1,3,3,100,1.96,1.96,0.33,0.33,0,0,Matches
364,Eddie Nketiah,eng ENG,MF,Crystal Palace,26-283,1999,4.7,2,15,6,40,3.18,1.27,0.13,0.33,0,0,Matches
365,Lukas Nmecha,de GER,FW,Leeds United,27-085,1998,8.5,6,21,13,61.9,2.46,1.53,0.19,0.31,2,3,Matches
366,Matheus Nunes,pt POR,DF,Manchester City,27-194,1998,24.2,1,5,1,20,0.21,0.04,0.2,1,0,0,Matches
367,Ethan Nwaneri,eng ENG,MF,Arsenal,18-353,2007,1.9,0,6,0,0,3.16,0,0,,0,0,Matches
368,Trey Nyoni,eng ENG,MF,Liverpool,18-252,2007,0.1,0,1,0,0,12.86,0,0,,0,0,Matches
369,Christian Nørgaard,dk DEN,MF,Arsenal,31-364,1994,0.7,0,1,1,100,1.48,1.48,0,0,0,0,Matches
370,Jake O'Brien,ie IRL,DF,Everton,24-298,2001,26.3,0,9,3,33.3,0.34,0.11,0,0,0,0,Matches
371,Luke O'Nien,eng ENG,DF,Sunderland,31-108,1994,1.3,0,0,0,,0,0,,,0,0,Matches
372,Matt O'Riley,dk DEN,MF,Brighton,25-108,2000,2.1,1,4,2,50,1.94,0.97,0,0,1,1,Matches
373,Wilson Odobert,fr FRA,"MF,FW",Tottenham Hotspur,21-101,2004,10.9,0,21,8,38.1,1.92,0.73,0,0,0,0,Matches
374,Noah Okafor,ch SUI,"FW,MF",Leeds United,25-289,2000,14.1,4,26,9,34.6,1.84,0.64,0.15,0.44,0,0,Matches
375,Amadou Onana,be BEL,MF,Aston Villa,24-205,2001,15.3,2,12,5,41.7,0.78,0.33,0.17,0.4,0,0,Matches
Rk,Player,Nation,Pos,Squad,Age,Born,90s,Gls,Sh,SoT,SoT%,Sh/90,SoT/90,G/Sh,G/SoT,PK,PKatt,Matches
376,Frank Onyeka,ng NGA,MF,Brentford,28-067,1998,1,0,0,0,,0,0,,,0,0,Matches
377,Nehemiah Oriola,eng ENG,MF,Brighton,18-271,2007,0,0,0,0,,0,0,,,0,0,Matches
378,Stefan Ortega,de GER,GK,Nottingham Forest,33-123,1992,3,0,0,0,,0,0,,,0,0,Matches
379,William Osula,dk DEN,FW,Newcastle United,22-217,2003,3.1,2,8,4,50,2.57,1.29,0.25,0.5,0,0,Matches
380,Dango Ouattara,bf BFA,MF,Brentford,24-026,2002,18,5,35,11,31.4,1.95,0.61,0.14,0.45,0,0,Matches
381,Nico O’Reilly,eng ENG,"DF,MF",Manchester City,20-353,2005,22.7,4,27,9,33.3,1.19,0.4,0.15,0.44,0,0,Matches
382,Pablo,br BRA,MF,West Ham United,22-066,2004,2.8,0,4,0,0,1.43,0,0,,0,0,Matches
383,João Palhinha,pt POR,"MF,DF",Tottenham Hotspur,30-243,1995,19.8,3,23,5,21.7,1.16,0.25,0.13,0.6,0,0,Matches
384,Cole Palmer,eng ENG,"MF,FW",Chelsea,23-307,2002,13.7,9,41,18,43.9,2.98,1.31,0.1,0.22,5,5,Matches
385,Lucas Paquetá,br BRA,"MF,FW",West Ham United,28-194,1997,16.8,4,23,11,47.8,1.37,0.66,0.09,0.18,2,2,Matches
386,Nathan Patterson,sct SCO,DF,Everton,24-144,2001,2.7,0,1,1,100,0.37,0.37,0,0,0,0,Matches
387,Myles Peart-Harris,eng ENG,MF,Brentford,23-172,2002,0,0,0,0,,0,0,,,0,0,Matches
388,Lucas Perri,br BRA,GK,Leeds United,28-089,1997,16,0,0,0,,0,0,,,0,0,Matches
389,Đorđe Petrović,rs SRB,GK,Bournemouth,26-152,1999,29,0,0,0,,0,0,,,0,0,Matches
390,Jordan Pickford,eng ENG,GK,Everton,32-002,1994,29,0,0,0,,0,0,,,0,0,Matches
391,Ethan Pinnock,jm JAM,DF,Brentford,32-284,1993,2.5,0,0,0,,0,0,,,0,0,Matches
392,Yeremi Pino,es ESP,MF,Crystal Palace,23-140,2002,19,2,37,10,27,1.95,0.53,0.05,0.2,0,0,Matches
393,Joël Piroe,nl NED,FW,Leeds United,26-219,1999,2.5,0,11,2,18.2,4.38,0.8,0,0,0,0,Matches
394,Nick Pope,eng ENG,GK,Newcastle United,33-324,1992,21.8,0,1,1,100,0.05,0.05,0,0,0,0,Matches
395,Pedro Porro,es ESP,DF,Tottenham Hotspur,26-177,1999,22.1,0,19,2,10.5,0.86,0.09,0,0,0,0,Matches
396,Freddie Potts,eng ENG,MF,West Ham United,22-178,2003,12.2,0,3,1,33.3,0.25,0.08,0,0,0,0,Matches
397,Aaron Ramsdale,eng ENG,GK,Newcastle United,27-299,1998,7.2,0,0,0,,0,0,,,0,0,Matches
398,Jacob Ramsey,eng ENG,MF,Newcastle United,24-285,2001,10,2,11,3,27.3,1.1,0.3,0.18,0.67,0,0,Matches
399,David Raya,es ESP,GK,Arsenal,30-175,1995,30,0,0,0,,0,0,,,0,0,Matches
400,Harrison Reed,eng ENG,MF,Fulham,31-041,1995,0.3,1,1,1,100,3.33,3.33,1,1,0,0,Matches
Rk,Player,Nation,Pos,Squad,Age,Born,90s,Gls,Sh,SoT,SoT%,Sh/90,SoT/90,G/Sh,G/SoT,PK,PKatt,Matches
401,Tijjani Reijnders,nl NED,MF,Manchester City,27-223,1998,16.4,5,40,14,35,2.43,0.85,0.13,0.36,0,0,Matches
402,Chadi Riad,ma MAR,DF,Crystal Palace,22-265,2003,3.5,0,2,1,50,0.57,0.29,0,0,0,0,Matches
403,Declan Rice,eng ENG,MF,Arsenal,27-054,1999,27.7,4,35,12,34.3,1.26,0.43,0.11,0.33,0,0,Matches
404,Chris Richards,us USA,DF,Crystal Palace,25-346,2000,24.9,1,9,1,11.1,0.36,0.04,0.11,1,0,0,Matches
405,Richarlison,br BRA,FW,Tottenham Hotspur,28-303,1997,15.1,8,39,16,41,2.59,1.06,0.21,0.5,0,0,Matches
406,Chris Rigg,eng ENG,MF,Sunderland,18-264,2007,4.2,0,4,0,0,0.95,0,0,,0,0,Matches
407,Patrick Roberts,eng ENG,"FW,MF",Sunderland,29-032,1997,0.3,0,1,0,0,3.21,0,0,,0,0,Matches
408,Andrew Robertson,sct SCO,DF,Liverpool,31-363,1994,7.4,0,4,1,25,0.54,0.13,0,0,0,0,Matches
409,Antonee Robinson,us USA,"DF,MF",Fulham,28-213,1997,9.9,0,2,0,0,0.2,0,0,,0,0,Matches
410,Kaden Rodney,eng ENG,"DF,MF",Crystal Palace,21-153,2004,0,0,0,0,,0,0,,,0,0,Matches
411,Joe Rodon,wls WAL,DF,Leeds United,28-138,1997,26.3,2,15,4,26.7,0.57,0.15,0.13,0.5,0,0,Matches
412,Rodri,es ESP,MF,Manchester City,29-260,1996,12.8,1,11,2,18.2,0.86,0.16,0.09,0.5,0,0,Matches
413,Guido Rodríguez,ar ARG,MF,West Ham United,31-331,1994,2,0,1,0,0,0.5,0,0,,0,0,Matches
414,Robin Roefs,nl NED,GK,Sunderland,23-051,2003,28,0,0,0,,0,0,,,0,0,Matches
415,Morgan Rogers,eng ENG,"MF,FW",Aston Villa,23-226,2002,28.7,8,66,27,40.9,2.3,0.94,0.12,0.3,0,0,Matches
416,Merlin Röhl,de GER,MF,Everton,23-247,2002,4,0,7,0,0,1.75,0,0,,0,0,Matches
417,Cristian Romero,ar ARG,DF,Tottenham Hotspur,27-316,1998,19,4,15,6,40,0.79,0.32,0.27,0.67,0,0,Matches
418,Georginio Rutter,fr FRA,"MF,FW",Brighton,23-323,2002,17.7,2,35,12,34.3,1.97,0.68,0.06,0.17,0,0,Matches
419,José Sá,pt POR,GK,Wolves,33-051,1993,18,0,0,0,,0,0,,,0,0,Matches
420,Noah Sadiki,cd COD,MF,Sunderland,21-082,2004,23.5,0,10,3,30,0.43,0.13,0,0,0,0,Matches
421,Bukayo Saka,eng ENG,"FW,MF",Arsenal,24-185,2001,21.2,6,59,25,42.4,2.78,1.18,0.08,0.2,1,1,Matches
422,Mohamed Salah,eg EGY,"MF,FW",Liverpool,33-267,1992,19.9,5,54,14,25.9,2.71,0.7,0.07,0.29,1,1,Matches
423,William Saliba,fr FRA,DF,Arsenal,24-350,2001,22,1,5,1,20,0.23,0.05,0.2,1,0,0,Matches
424,Robert Sánchez,es ESP,GK,Chelsea,28-111,1997,26,0,0,0,,0,0,,,0,0,Matches
425,Jadon Sancho,eng ENG,MF,Aston Villa,25-349,2000,7.7,0,9,3,33.3,1.16,0.39,0,0,0,0,Matches
Rk,Player,Nation,Pos,Squad,Age,Born,90s,Gls,Sh,SoT,SoT%,Sh/90,SoT/90,G/Sh,G/SoT,PK,PKatt,Matches
426,Ibrahim Sangaré,ci CIV,MF,Nottingham Forest,28-097,1997,17.6,2,16,5,31.3,0.91,0.28,0.13,0.4,0,0,Matches
427,Andrey Santos,br BRA,MF,Chelsea,21-310,2004,10.8,0,8,1,12.5,0.74,0.09,0,0,0,0,Matches
428,Ismaila Sarr,sn SEN,"MF,FW",Crystal Palace,28-012,1998,18.2,7,34,14,41.2,1.87,0.77,0.15,0.36,2,2,Matches
429,Mamadou Sarr,sn SEN,DF,Chelsea,20-192,2005,1,0,1,0,0,0.98,0,0,,0,0,Matches
430,Sávio,br BRA,MF,Manchester City,21-333,2004,6.4,0,14,9,64.3,2.2,1.41,0,0,0,0,Matches
431,Nicolò Savona,it ITA,DF,Nottingham Forest,22-355,2003,11.4,2,5,3,60,0.44,0.26,0.4,0.67,0,0,Matches
432,Oliver Scarles,eng ENG,"DF,MF",West Ham United,20-087,2005,7.3,0,3,0,0,0.41,0,0,,0,0,Matches
433,Dane Scarlett,eng ENG,FW,Tottenham Hotspur,21-350,2004,0.1,0,0,0,,0,0,,,0,0,Matches
434,Kevin Schade,de GER,"MF,FW",Brentford,24-102,2001,22.9,7,44,21,47.7,1.92,0.92,0.16,0.33,0,1,Matches
435,Fabian Schär,ch SUI,DF,Newcastle United,34-079,1991,12.1,0,17,4,23.5,1.4,0.33,0,0,0,0,Matches
436,Alex Scott,eng ENG,MF,Bournemouth,22-200,2003,23.7,2,36,10,27.8,1.52,0.42,0.06,0.2,0,0,Matches
437,Jenson Seelt,nl NED,DF,Sunderland,22-290,2003,1.5,0,0,0,,0,0,,,0,0,Matches
438,Matz Sels,be BEL,GK,Nottingham Forest,34-011,1992,20.6,0,0,0,,0,0,,,0,0,Matches
439,Antoine Semenyo,gh GHA,MF,Bournemouth,26-061,2000,20,10,49,27,55.1,2.45,1.35,0.18,0.33,1,2,Matches
440,Antoine Semenyo,gh GHA,"MF,FW",Manchester City,26-061,2000,7.9,5,18,9,50,2.27,1.13,0.28,0.56,0,0,Matches
441,Marcos Senesi,ar ARG,DF,Bournemouth,28-303,1997,27.5,0,14,5,35.7,0.51,0.18,0,0,0,0,Matches
442,Benjamin Šeško,si SVN,FW,Manchester Utd,22-282,2003,14.5,8,51,27,52.9,3.51,1.86,0.16,0.3,0,0,Matches
443,Ryan Sessegnon,eng ENG,"DF,MF",Fulham,25-295,2000,17.9,2,13,3,23.1,0.73,0.17,0.15,0.67,0,0,Matches
444,Luke Shaw,eng ENG,DF,Manchester Utd,30-240,1995,27.1,0,5,2,40,0.18,0.07,0,0,0,0,Matches
445,Bernardo Silva,pt POR,MF,Manchester City,31-211,1994,24.1,1,15,4,26.7,0.62,0.17,0.07,0.25,0,0,Matches
446,Jota Silva,pt POR,FW,Nottingham Forest,26-220,1999,0.1,0,0,0,,0,0,,,0,0,Matches
447,Xavi Simons,nl NED,"MF,FW",Tottenham Hotspur,22-322,2003,17.1,1,33,8,24.2,1.93,0.47,0.03,0.13,0,0,Matches
448,Adam Smith,eng ENG,DF,Bournemouth,34-314,1991,8.1,0,0,0,,0,0,,,0,0,Matches
449,Emile Smith Rowe,eng ENG,MF,Fulham,25-224,2000,16.2,3,28,9,32.1,1.73,0.56,0.11,0.33,0,0,Matches
450,Dominic Solanke,eng ENG,FW,Tottenham Hotspur,28-176,1997,6.7,3,12,6,50,1.79,0.9,0.25,0.5,0,0,Matches
Rk,Player,Nation,Pos,Squad,Age,Born,90s,Gls,Sh,SoT,SoT%,Sh/90,SoT/90,G/Sh,G/SoT,PK,PKatt,Matches
451,Julio Soler,ar ARG,DF,Bournemouth,21-021,2005,0.4,0,0,0,,0,0,,,0,0,Matches
452,Oliver Sonne,pe PER,DF,Burnley,25-119,2000,1.9,1,3,1,33.3,1.6,0.53,0.33,1,0,0,Matches
453,Borna Sosa,hr CRO,"DF,MF",Crystal Palace,28-047,1998,0.6,0,0,0,,0,0,,,0,0,Matches
454,Tomáš Souček,cz CZE,MF,West Ham United,31-010,1995,15.8,4,18,11,61.1,1.14,0.69,0.22,0.36,0,0,Matches
455,Souza,br BRA,MF,Tottenham Hotspur,19-266,2006,1,0,0,0,,0,0,,,0,0,Matches
456,Djed Spence,eng ENG,"DF,MF",Tottenham Hotspur,25-212,2000,18.8,0,9,6,66.7,0.48,0.32,0,0,0,0,Matches
457,Anton Stach,de GER,MF,Leeds United,27-114,1998,21.7,4,45,12,26.7,2.07,0.55,0.09,0.33,0,0,Matches
458,John Stones,eng ENG,DF,Manchester City,31-285,1994,3.9,0,0,0,,0,0,,,0,0,Matches
459,Jørgen Strand Larsen,no NOR,FW,Crystal Palace,26-031,2000,4.5,3,11,5,45.5,2.43,1.11,0.27,0.6,0,0,Matches
460,Jørgen Strand Larsen,no NOR,FW,Wolves,26-031,2000,15.6,1,21,7,33.3,1.35,0.45,0,0,1,2,Matches
461,Pascal Struijk,nl NED,DF,Leeds United,26-210,1999,25.1,0,24,4,16.7,0.96,0.16,0,0,0,0,Matches
462,Crysencio Summerville,nl NED,"MF,FW",West Ham United,24-130,2001,20.6,5,43,15,34.9,2.09,0.73,0.12,0.33,0,0,Matches
463,Dominik Szoboszlai,hu HUN,"MF,DF",Liverpool,25-135,2000,26.9,4,52,18,34.6,1.93,0.67,0.08,0.22,0,1,Matches
464,Jocelin Ta Bi,ci CIV,MF,Sunderland,21-028,2005,0.4,0,0,0,,0,0,,,0,0,Matches
465,Chemsdine Talbi,ma MAR,"MF,FW",Sunderland,20-304,2005,12.8,3,17,6,35.3,1.33,0.47,0.18,0.5,0,0,Matches
466,Ao Tanaka,jp JPN,MF,Leeds United,27-180,1998,8.3,2,11,3,27.3,1.33,0.36,0.18,0.67,0,0,Matches
467,James Tarkowski,eng ENG,DF,Everton,33-110,1992,29,1,13,6,46.2,0.45,0.21,0.08,0.17,0,0,Matches
468,Marcus Tavernier,eng ENG,MF,Bournemouth,26-352,1999,21.6,5,52,17,32.7,2.41,0.79,0.06,0.18,2,2,Matches
469,Loum Tchaouna,fr FRA,"MF,FW",Burnley,22-182,2003,9.5,1,15,6,40,1.58,0.63,0.07,0.17,0,0,Matches
470,Jackson Tchatchoua,cm CMR,"MF,DF",Wolves,24-176,2001,17.9,0,2,0,0,0.11,0,0,,0,0,Matches
471,Mathys Tel,fr FRA,"MF,FW",Tottenham Hotspur,20-316,2005,8.5,3,24,6,25,2.82,0.7,0.13,0.5,0,0,Matches
472,Kenny Tete,nl NED,DF,Fulham,30-151,1995,18.9,1,16,3,18.8,0.85,0.16,0.06,0.33,0,0,Matches
473,Thiago,br BRA,FW,Brentford,24-256,2001,27.5,18,67,36,53.7,2.44,1.31,0.18,0.33,6,7,Matches
474,Malick Thiaw,de GER,DF,Newcastle United,24-213,2001,24.5,4,24,12,50,0.98,0.49,0.17,0.33,0,0,Matches
475,Youri Tielemans,be BEL,MF,Aston Villa,28-306,1997,14.4,0,17,4,23.5,1.18,0.28,0,0,0,0,Matches
Rk,Player,Nation,Pos,Squad,Age,Born,90s,Gls,Sh,SoT,SoT%,Sh/90,SoT/90,G/Sh,G/SoT,PK,PKatt,Matches
476,Jurriën Timber,nl NED,DF,Arsenal,24-265,2001,26.9,3,25,7,28,0.93,0.26,0.12,0.43,0,0,Matches
477,Jean-Clair Todibo,fr FRA,DF,West Ham United,26-069,1999,17.9,0,2,0,0,0.11,0,0,,0,0,Matches
478,Sandro Tonali,it ITA,MF,Newcastle United,25-305,2000,22.6,0,28,7,25,1.24,0.31,0,0,0,0,Matches
479,Pau Torres,es ESP,DF,Aston Villa,29-052,1997,14.4,0,7,0,0,0.49,0,0,,0,0,Matches
480,Alex Tóth,hu HUN,MF,Bournemouth,20-137,2005,0.8,0,1,0,0,1.22,0,0,,0,0,Matches
481,James Trafford,eng ENG,GK,Manchester City,23-150,2002,3,0,0,0,,0,0,,,0,0,Matches
482,Adama Traoré,es ESP,"FW,MF",West Ham United,30-043,1996,0.3,0,1,0,0,3,0,0,,0,0,Matches
483,Adama Traoré,es ESP,MF,Fulham,30-043,1996,3,0,5,1,20,1.64,0.33,0,0,0,0,Matches
484,Bertrand Traoré,bf BFA,"MF,FW",Sunderland,30-184,1995,7,1,12,6,50,1.71,0.85,0.08,0.17,0,0,Matches
485,Mike Trésor,be BEL,"FW,MF",Burnley,26-285,1999,0.3,0,0,0,,0,0,,,0,0,Matches
486,Kieran Trippier,eng ENG,DF,Newcastle United,35-171,1990,15.5,0,2,0,0,0.13,0,0,,0,0,Matches
487,Leandro Trossard,be BEL,"FW,MF",Arsenal,31-095,1994,18.6,5,44,11,25,2.36,0.59,0.11,0.45,0,0,Matches
488,Adrien Truffert,fr FRA,DF,Bournemouth,24-109,2001,28.5,0,11,1,9.1,0.39,0.04,0,0,0,0,Matches
489,Axel Tuanzebe,cd COD,DF,Burnley,28-115,1997,10.3,1,2,1,50,0.19,0.1,0.5,1,0,0,Matches
490,Stefanos Tzimas,gr GRE,FW,Brighton,20-062,2006,1.5,1,4,1,25,2.59,0.65,0.25,1,0,0,Matches
491,Christantus Uche,ng NGA,FW,Crystal Palace,22-294,2003,1.9,0,6,2,33.3,3.12,1.04,0,0,0,0,Matches
492,Destiny Udogie,it ITA,"DF,MF",Tottenham Hotspur,23-101,2002,8.9,0,3,1,33.3,0.34,0.11,0,0,0,0,Matches
493,Manuel Ugarte,uy URU,MF,Manchester Utd,24-332,2001,8.7,0,11,1,9.1,1.26,0.11,0,0,0,0,Matches
494,Lesley Ugochukwu,fr FRA,MF,Burnley,21-348,2004,21.1,3,20,7,35,0.95,0.33,0.15,0.43,0,0,Matches
495,Enes Ünal,tr TUR,FW,Bournemouth,28-303,1997,2,1,11,2,18.2,5.44,0.99,0.09,0.5,0,0,Matches
496,Hákon Valdimarsson,is ISL,GK,Brentford,24-147,2001,1,0,0,0,,0,0,,,0,0,Matches
497,Virgil van Dijk,nl NED,DF,Liverpool,34-244,1991,29,3,22,10,45.5,0.76,0.34,0.14,0.3,0,0,Matches
498,Joël Veltman,nl NED,DF,Brighton,34-053,1992,9.4,1,3,1,33.3,0.32,0.11,0.33,1,0,0,Matches
499,Micky van de Ven,nl NED,DF,Tottenham Hotspur,24-324,2001,26.3,4,15,6,40,0.57,0.23,0.27,0.67,0,0,Matches
500,Bart Verbruggen,nl NED,GK,Brighton,23-203,2002,29,0,0,0,,0,0,,,0,0,Matches
Rk,Player,Nation,Pos,Squad,Age,Born,90s,Gls,Sh,SoT,SoT%,Sh/90,SoT/90,G/Sh,G/SoT,PK,PKatt,Matches
501,Guglielmo Vicario,it ITA,GK,Tottenham Hotspur,29-153,1996,29,0,0,0,,0,0,,,0,0,Matches
502,Rayan Vitor,br BRA,MF,Bournemouth,19-218,2006,5,2,11,3,27.3,2.2,0.6,0.18,0.67,0,0,Matches
503,Kyle Walker,eng ENG,"DF,MF",Burnley,35-285,1990,26.3,0,3,0,0,0.11,0,0,,0,0,Matches
504,Kyle Walker-Peters,eng ENG,DF,West Ham United,28-330,1997,10.7,1,5,3,60,0.47,0.28,0.2,0.33,0,0,Matches
505,Aaron Wan-Bissaka,cd COD,"DF,MF",West Ham United,28-103,1997,19.2,0,0,0,,0,0,,,0,0,Matches
506,James Ward-Prowse,eng ENG,MF,West Ham United,31-128,1994,4.6,0,2,0,0,0.44,0,0,,0,0,Matches
507,James Ward-Prowse,eng ENG,MF,Burnley,31-128,1994,1.7,0,0,0,,0,0,,,0,0,Matches
508,Ollie Watkins,eng ENG,FW,Aston Villa,30-069,1995,23.9,8,57,25,43.9,2.39,1.05,0.14,0.32,0,0,Matches
509,Tom Watson,eng ENG,MF,Brighton,19-335,2006,0.7,0,1,1,100,1.45,1.45,0,0,0,0,Matches
510,Danny Welbeck,eng ENG,FW,Brighton,35-103,1990,18.4,10,38,17,44.7,2.07,0.92,0.24,0.53,1,3,Matches
511,Adam Wharton,eng ENG,MF,Crystal Palace,22-031,2004,23.7,0,24,4,16.7,1.01,0.17,0,0,0,0,Matches
512,Ben White,eng ENG,DF,Arsenal,28-152,1997,4.6,0,4,1,25,0.88,0.22,0,0,0,0,Matches
513,Mats Wieffer,nl NED,DF,Brighton,26-113,1999,15.5,0,13,4,30.8,0.84,0.26,0,0,0,0,Matches
514,Neco Williams,wls WAL,DF,Nottingham Forest,24-330,2001,27.1,1,31,13,41.9,1.14,0.48,0.03,0.08,0,0,Matches
515,Estêvão Willian,br BRA,"MF,FW",Chelsea,18-319,2007,8.3,2,26,7,26.9,3.14,0.84,0.08,0.29,0,0,Matches
516,Joe Willock,eng ENG,MF,Newcastle United,26-201,1999,6.7,0,9,2,22.2,1.35,0.3,0,0,0,0,Matches
517,Callum Wilson,eng ENG,"FW,MF",West Ham United,34-010,1992,11.2,5,32,12,37.5,2.87,1.08,0.16,0.42,0,0,Matches
518,Harry Wilson,wls WAL,MF,Fulham,28-352,1997,23.2,9,58,22,37.9,2.5,0.95,0.16,0.41,0,0,Matches
519,Ben Winterburn,eng ENG,MF,Bournemouth,21-186,2004,0.1,0,0,0,,0,0,,,0,0,Matches
520,Florian Wirtz,de GER,MF,Liverpool,22-310,2003,20.6,4,41,15,36.6,1.99,0.73,0.1,0.27,0,0,Matches
521,Yoane Wissa,cd COD,FW,Newcastle United,29-187,1996,4.8,1,11,5,45.5,2.31,1.05,0.09,0.2,0,0,Matches
522,Nick Woltemade,de GER,FW,Newcastle United,24-023,2002,17,7,30,12,40,1.76,0.7,0.2,0.5,1,1,Matches
523,Chris Wood,nz NZL,FW,Nottingham Forest,34-092,1991,6,2,16,6,37.5,2.67,1,0.13,0.33,0,0,Matches
524,Joe Worrall,eng ENG,DF,Burnley,29-058,1997,5.4,0,1,0,0,0.19,0,0,,0,0,Matches
525,Granit Xhaka,ch SUI,MF,Sunderland,33-163,1992,23.3,1,11,5,45.5,0.47,0.21,0.09,0.2,0,0,Matches
Rk,Player,Nation,Pos,Squad,Age,Born,90s,Gls,Sh,SoT,SoT%,Sh/90,SoT/90,G/Sh,G/SoT,PK,PKatt,Matches
526,Yehor Yarmoliuk,ua UKR,MF,Brentford,22-008,2004,22.4,1,15,4,26.7,0.67,0.18,0.07,0.25,0,0,Matches
527,Ryan Yates,eng ENG,MF,Nottingham Forest,28-108,1997,4.2,0,4,1,25,0.95,0.24,0,0,0,0,Matches
528,Leny Yoro,fr FRA,DF,Manchester Utd,20-116,2005,15.9,0,6,2,33.3,0.38,0.13,0,0,0,0,Matches
529,Oleksandr Zinchenko,ua UKR,DF,Nottingham Forest,29-084,1996,3.9,0,4,2,50,1.02,0.51,0,0,0,0,Matches
530,Joshua Zirkzee,nl NED,"FW,MF",Manchester Utd,24-291,2001,5.8,2,21,7,33.3,3.61,1.2,0.1,0.29,0,0,Matches
531,Martín Zubimendi,es ESP,MF,Arsenal,27-035,1999,28,5,24,9,37.5,0.86,0.32,0.21,0.56,0,0,Matches
532,Martin Ødegaard,no NOR,MF,Arsenal,27-082,1998,12,1,20,7,35,1.67,0.59,0.05,0.14,0,0,Matches