Rk,Player,Nation,Pos,Squad,Age,Born,MP,Starts,Min,90s,Gls,Ast,G+A,G-PK,PK,PKatt,CrdY,CrdR,Gls,Ast,G+A,G-PK,G+A-PK,Matches
1,Brenden Aaronson,us USA,"MF,FW",Leeds United,25-138,2000,28,22,"1,863",20.7,4,3,7,4,0,0,1,0,0.19,0.14,0.34,0.19,0.34,Matches
2,Zach Abbott,eng ENG,DF,Nottingham Forest,19-300,2006,2,1,120,1.3,0,0,0,0,0,0,0,0,0,0,0,0,0,Matches
3,Tammy Abraham,eng ENG,FW,Aston Villa,28-158,1997,6,1,167,1.9,1,0,1,1,0,0,0,0,0.54,0,0.54,0.54,0.54,Matches
4,Joshua Acheampong,eng ENG,DF,Chelsea,19-308,2006,12,7,573,6.4,1,0,1,1,0,0,1,0,0.16,0,0.16,0.16,0.16,Matches
5,Tyler Adams,us USA,MF,Bournemouth,27-023,1999,18,18,"1,411",15.7,2,1,3,2,0,0,7,0,0.13,0.06,0.19,0.13,0.19,Matches
6,Tosin Adarabioyo,eng ENG,DF,Chelsea,28-166,1997,14,7,737,8.2,0,0,0,0,0,0,2,0,0,0,0,0,0,Matches
7,Simon Adingra,ci CIV,"MF,FW",Sunderland,24-067,2002,14,9,653,7.3,1,0,1,1,0,0,2,0,0.14,0,0.14,0.14,0.14,Matches
8,Amine Adli,ma MAR,MF,Bournemouth,25-303,2000,25,9,938,10.4,3,1,4,3,0,0,2,0,0.29,0.1,0.38,0.29,0.38,Matches
9,Emmanuel Agbadou,ci CIV,DF,Wolves,28-265,1997,14,12,"1,101",12.2,0,0,0,0,0,0,1,1,0,0,0,0,0,Matches
10,Nayef Aguerd,ma MAR,DF,West Ham United,29-344,1996,2,2,180,2,0,0,0,0,0,0,0,0,0,0,0,0,0,Matches
11,Ola Aina,ng NGA,DF,Nottingham Forest,29-152,1996,13,13,"1,140",12.7,0,0,0,0,0,0,3,0,0,0,0,0,0,Matches
12,Rayan Aït-Nouri,dz ALG,DF,Manchester City,24-276,2001,12,9,720,8,0,2,2,0,0,0,2,0,0,0.25,0.25,0,0.25,Matches
13,Kristoffer Ajer,no NOR,DF,Brentford,27-326,1998,23,18,"1,609",17.9,0,1,1,0,0,0,2,0,0,0.06,0.06,0,0.06,Matches
14,Nathan Aké,nl NED,DF,Manchester City,31-019,1995,14,4,495,5.5,0,0,0,0,0,0,1,0,0,0,0,0,0,Matches
15,Carlos Alcaraz,ar ARG,MF,Everton,23-099,2002,16,6,675,7.5,0,1,1,0,0,0,3,0,0,0.13,0.13,0,0.13,Matches
16,Omar Alderete,py PAR,DF,Sunderland,29-073,1996,25,24,"2,174",24.2,1,1,2,1,0,0,5,0,0.04,0.04,0.08,0.04,0.08,Matches
17,Alisson,br BRA,GK,Liverpool,33-158,1992,24,24,"2,160",24,0,0,0,0,0,0,1,0,0,0,0,0,0,Matches
18,Max Alleyne,eng ENG,DF,Manchester City,20-231,2005,2,2,135,1.5,0,0,0,0,0,0,0,0,0,0,0,0,0,Matches
19,Jaydon Amauri Banel,nl NED,"FW,MF",Burnley,21-141,2004,1,0,10,0.1,0,0,0,0,0,0,0,0,0,0,0,0,0,Matches
20,Ethan Ampadu,wls WAL,MF,Leeds United,25-176,2000,26,26,"2,309",25.7,1,1,2,1,0,0,7,0,0.04,0.04,0.08,0.04,0.08,Matches
21,Joachim Andersen,dk DEN,DF,Fulham,29-282,1996,26,26,"2,291",25.5,0,1,1,0,0,0,6,0,0,0.04,0.04,0,0.04,Matches
22,Elliot Anderson,eng ENG,MF,Nottingham Forest,23-123,2002,29,29,"2,596",28.8,2,2,4,1,1,1,5,0,0.07,0.07,0.14,0.03,0.1,Matches
23,André,br BRA,MF,Wolves,24-236,2001,27,22,"2,042",22.7,1,0,1,1,0,0,9,0,0.04,0,0.04,0.04,0.04,Matches
24,Nilson Angulo,ec ECU,MF,Sunderland,22-263,2003,5,3,256,2.8,0,0,0,0,0,0,0,0,0,0,0,0,0,Matches
25,Jaidon Anthony,eng ENG,MF,Burnley,26-098,1999,28,23,"1,934",21.5,7,1,8,7,0,0,4,0,0.33,0.05,0.37,0.33,0.37,Matches
Rk,Player,Nation,Pos,Squad,Age,Born,MP,Starts,Min,90s,Gls,Ast,G+A,G-PK,PK,PKatt,CrdY,CrdR,Gls,Ast,G+A,G-PK,G+A-PK,Matches
26,Alphonse Areola,fr FRA,GK,West Ham United,33-010,1993,20,20,"1,800",20,0,1,1,0,0,0,0,0,0,0.05,0.05,0,0.05,Matches
27,Jhon Arias,co COL,"FW,MF",Wolves,28-169,1997,23,14,"1,124",12.5,1,0,1,1,0,0,1,0,0.08,0,0.08,0.08,0.08,Matches
28,Adam Armstrong,eng ENG,"FW,MF",Wolves,29-027,1997,6,6,480,5.3,0,2,2,0,0,0,2,0,0,0.37,0.37,0,0.37,Matches
29,Harrison Armstrong,eng ENG,MF,Everton,19-049,2007,10,6,494,5.5,0,0,0,0,0,0,0,0,0,0,0,0,0,Matches
30,Tolu Arokodare,ng NGA,FW,Wolves,25-106,2000,26,12,"1,227",13.6,2,1,3,2,0,1,1,0,0.15,0.07,0.22,0.15,0.22,Matches
31,Taiwo Awoniyi,ng NGA,FW,Nottingham Forest,28-209,1997,10,1,230,2.6,1,0,1,1,0,0,0,0,0.39,0,0.39,0.39,0.39,Matches
32,Yasin Ayari,se SWE,MF,Brighton,22-154,2003,22,18,"1,715",19.1,3,2,5,3,0,0,1,0,0.16,0.1,0.26,0.16,0.26,Matches
33,Benoît Badiashile,fr FRA,DF,Chelsea,24-348,2001,8,6,471,5.2,0,0,0,0,0,0,2,0,0,0,0,0,0,Matches
34,Leon Bailey,jm JAM,MF,Aston Villa,28-212,1997,7,2,286,3.2,0,1,1,0,0,0,1,0,0,0.31,0.31,0,0.31,Matches
35,Dilane Bakwa,fr FRA,MF,Nottingham Forest,23-195,2002,10,3,345,3.8,0,1,1,0,0,0,1,0,0,0.26,0.26,0,0.26,Matches
36,Carlos Baleba,cm CMR,MF,Brighton,22-065,2004,24,19,"1,264",14,0,0,0,0,0,0,5,0,0,0,0,0,0,Matches
37,Daniel Ballard,nir NIR,DF,Sunderland,26-168,1999,25,21,"1,945",21.6,2,0,2,2,0,0,3,0,0.09,0,0.09,0.09,0.09,Matches
38,Ross Barkley,eng ENG,MF,Aston Villa,32-094,1993,12,0,255,2.8,1,0,1,1,0,0,0,0,0.35,0,0.35,0.35,0.35,Matches
39,Ashley Barnes,eng ENG,"FW,MF",Burnley,36-130,1989,5,0,27,0.3,0,0,0,0,0,0,1,0,0,0,0,0,0,Matches
40,Harvey Barnes,eng ENG,FW,Newcastle United,28-090,1997,28,15,"1,494",16.6,5,0,5,5,0,0,1,0,0.3,0,0.3,0.3,0.3,Matches
41,Thierno Barry,fr FRA,FW,Everton,23-139,2002,29,19,"1,608",17.9,6,0,6,6,0,0,3,0,0.34,0,0.34,0.34,0.34,Matches
42,Calvin Bassey,ng NGA,DF,Fulham,26-068,1999,21,19,"1,724",19.2,1,0,1,1,0,0,5,0,0.05,0,0.05,0.05,0.05,Matches
43,Altay Bayındır,tr TUR,GK,Manchester Utd,27-329,1998,6,6,540,6,0,0,0,0,0,0,0,0,0,0,0,0,0,Matches
44,Jean-Ricner Bellegarde,ht HAI,"MF,FW",Wolves,27-255,1998,21,12,"1,013",11.3,1,0,1,1,0,0,4,0,0.09,0,0.09,0.09,0.09,Matches
45,Rodrigo Bentancur,uy URU,MF,Tottenham Hotspur,28-257,1997,20,17,"1,410",15.7,1,1,2,1,0,0,5,0,0.06,0.06,0.13,0.06,0.13,Matches
46,Sander Berge,no NOR,MF,Fulham,28-023,1998,29,28,"2,423",26.9,0,1,1,0,0,0,4,0,0,0.04,0.04,0,0.04,Matches
47,Lucas Bergvall,se SWE,MF,Tottenham Hotspur,20-035,2006,17,10,805,8.9,1,2,3,1,0,0,2,0,0.11,0.22,0.34,0.11,0.34,Matches
48,Beto,gw GNB,FW,Everton,28-037,1998,29,10,"1,064",11.8,4,0,4,4,0,0,2,0,0.34,0,0.34,0.34,0.34,Matches
49,Jaka Bijol,si SVN,DF,Leeds United,27-032,1999,16,12,"1,128",12.5,1,1,2,1,0,0,2,0,0.08,0.08,0.16,0.08,0.16,Matches
50,Yves Bissouma,ml MLI,MF,Tottenham Hotspur,29-191,1996,8,5,462,5.1,0,0,0,0,0,0,3,0,0,0,0,0,0,Matches
Rk,Player,Nation,Pos,Squad,Age,Born,MP,Starts,Min,90s,Gls,Ast,G+A,G-PK,PK,PKatt,CrdY,CrdR,Gls,Ast,G+A,G-PK,G+A-PK,Matches
51,Marco Bizot,nl NED,GK,Aston Villa,34-364,1991,5,4,405,4.5,0,0,0,0,0,0,2,0,0,0,0,0,0,Matches
52,Oscar Bobb,no NOR,"MF,FW",Manchester City,22-240,2003,9,5,468,5.2,0,1,1,0,0,0,1,0,0,0.19,0.19,0,0.19,Matches
53,Oscar Bobb,no NOR,MF,Fulham,22-240,2003,5,1,175,1.9,0,0,0,0,0,0,0,0,0,0,0,0,0,Matches
54,Lamare Bogarde,nl NED,"MF,DF",Aston Villa,22-063,2004,23,7,717,8,0,0,0,0,0,0,5,0,0,0,0,0,0,Matches
55,Jayden Bogle,eng ENG,"DF,MF",Leeds United,25-225,2000,27,26,"2,267",25.2,1,1,2,1,0,0,5,0,0.04,0.04,0.08,0.04,0.08,Matches
56,Sebastiaan Bornauw,be BEL,DF,Leeds United,26-352,1999,9,4,304,3.4,0,0,0,0,0,0,1,0,0,0,0,0,0,Matches
57,Olivier Boscagli,fr FRA,DF,Brighton,28-111,1997,8,5,442,4.9,0,1,1,0,0,0,2,0,0,0.2,0.2,0,0.2,Matches
58,Sven Botman,nl NED,DF,Newcastle United,26-056,2000,16,12,"1,062",11.8,1,1,2,1,0,0,1,0,0.08,0.08,0.17,0.08,0.17,Matches
59,Jarrod Bowen,eng ENG,"MF,FW",West Ham United,29-079,1996,29,29,"2,598",28.9,8,5,13,7,1,1,4,0,0.28,0.17,0.45,0.24,0.42,Matches
60,Conor Bradley,nir NIR,DF,Liverpool,22-243,2003,15,12,929,10.3,0,1,1,0,0,0,5,0,0,0.1,0.1,0,0.1,Matches
61,Jarrad Branthwaite,eng ENG,DF,Everton,23-255,2002,7,5,491,5.5,1,0,1,1,0,0,1,0,0.18,0,0.18,0.18,0.18,Matches
62,Brian Brobbey,nl NED,FW,Sunderland,24-036,2002,22,13,"1,202",13.4,5,1,6,5,0,0,3,0,0.37,0.07,0.45,0.37,0.45,Matches
63,Armando Broja,al ALB,FW,Burnley,24-180,2001,19,8,816,9.1,1,1,2,1,0,0,0,0,0.11,0.11,0.22,0.11,0.22,Matches
64,David Brooks,wls WAL,MF,Bournemouth,28-244,1997,23,12,"1,022",11.4,1,2,3,1,0,0,7,0,0.09,0.18,0.26,0.09,0.26,Matches
65,Jacob Bruun Larsen,dk DEN,"MF,FW",Burnley,27-171,1998,23,10,972,10.8,0,1,1,0,0,0,0,0,0,0.09,0.09,0,0.09,Matches
66,Emi Buendía,ar ARG,MF,Aston Villa,29-074,1996,27,17,"1,352",15,5,2,7,5,0,0,5,0,0.33,0.13,0.47,0.33,0.47,Matches
67,Hugo Bueno,es ESP,"MF,DF",Wolves,23-172,2002,27,20,"1,862",20.7,1,1,2,1,0,0,1,0,0.05,0.05,0.1,0.05,0.1,Matches
68,Santiago Bueno,uy URU,DF,Wolves,27-120,1998,21,20,"1,833",20.4,2,1,3,2,0,0,4,0,0.1,0.05,0.15,0.1,0.15,Matches
69,Facundo Buonanotte,ar ARG,MF,Leeds United,21-076,2004,2,0,26,0.3,0,0,0,0,0,0,1,0,0,0,0,0,0,Matches
70,Facundo Buonanotte,ar ARG,MF,Chelsea,21-076,2004,1,1,45,0.5,0,0,0,0,0,0,0,0,0,0,0,0,0,Matches
71,Dan Burn,eng ENG,DF,Newcastle United,33-304,1992,21,20,"1,709",19,0,2,2,0,0,0,9,1,0,0.11,0.11,0,0.11,Matches
72,Bradley Burrowes,eng ENG,MF,Aston Villa,18-005,2008,1,0,17,0.2,0,0,0,0,0,0,0,0,0,0,0,0,0,Matches
73,Jun'ai Byfield,eng ENG,DF,Tottenham Hotspur,17-093,2008,1,0,1,0,0,0,0,0,0,0,0,0,0,0,0,0,0,Matches
74,Sam Byram,eng ENG,"DF,MF",Leeds United,32-174,1993,1,0,8,0.1,0,0,0,0,0,0,0,0,0,0,0,0,0,Matches
75,Moisés Caicedo,ec ECU,MF,Chelsea,24-127,2001,24,23,"2,044",22.7,3,1,4,3,0,0,8,1,0.13,0.04,0.18,0.13,0.18,Matches
Rk,Player,Nation,Pos,Squad,Age,Born,MP,Starts,Min,90s,Gls,Ast,G+A,G-PK,PK,PKatt,CrdY,CrdR,Gls,Ast,G+A,G-PK,G+A-PK,Matches
76,Tom Cairney,sct SCO,MF,Fulham,35-048,1991,19,4,549,6.1,1,0,1,1,0,0,3,0,0.16,0,0.16,0.16,0.16,Matches
77,Riccardo Calafiori,it ITA,DF,Arsenal,23-294,2002,21,17,"1,375",15.3,1,2,3,1,0,0,5,0,0.07,0.13,0.2,0.07,0.2,Matches
78,Dominic Calvert-Lewin,eng ENG,FW,Leeds United,28-358,1997,26,21,"1,935",21.5,10,1,11,8,2,2,1,0,0.47,0.05,0.51,0.37,0.42,Matches
79,Jaydee Canvot,fr FRA,DF,Crystal Palace,19-223,2006,12,6,627,7,0,0,0,0,0,0,2,0,0,0,0,0,0,Matches
80,Fabio Carvalho,pt POR,MF,Brentford,23-191,2002,6,1,102,1.1,1,0,1,1,0,0,0,0,0.88,0,0.88,0.88,0.88,Matches
81,Casemiro,br BRA,MF,Manchester Utd,34-014,1992,27,26,"1,961",21.8,6,2,8,6,0,0,8,1,0.28,0.09,0.37,0.28,0.37,Matches
82,Matty Cash,pl POL,DF,Aston Villa,28-214,1997,27,27,"2,351",26.1,3,2,5,3,0,0,7,0,0.11,0.08,0.19,0.11,0.19,Matches
83,Timothy Castagne,be BEL,"DF,MF",Fulham,30-094,1995,22,12,"1,133",12.6,0,0,0,0,0,0,3,0,0,0,0,0,0,Matches
84,Valentín Castellanos,ar ARG,FW,West Ham United,27-157,1998,9,9,741,8.2,2,0,2,2,0,0,2,0,0.24,0,0.24,0.24,0.24,Matches
85,Trevoh Chalobah,eng ENG,DF,Chelsea,26-247,1999,28,28,"2,460",27.3,3,0,3,3,0,0,3,1,0.11,0,0.11,0.11,0.11,Matches
86,Rayan Cherki,fr FRA,MF,Manchester City,22-204,2003,24,14,"1,277",14.2,3,8,11,3,0,0,1,0,0.21,0.56,0.78,0.21,0.78,Matches
87,Federico Chiesa,it ITA,MF,Liverpool,28-135,1997,21,1,281,3.1,2,1,3,2,0,0,2,0,0.64,0.32,0.96,0.64,0.96,Matches
88,Tawanda Chirewa,zw ZIM,MF,Wolves,22-149,2003,2,0,27,0.3,0,0,0,0,0,0,0,0,0,0,0,0,0,Matches
89,Ryan Christie,sct SCO,MF,Bournemouth,31-015,1995,19,3,595,6.6,1,0,1,1,0,0,2,0,0.15,0,0.15,0.15,0.15,Matches
90,Samuel Chukwueze,ng NGA,MF,Fulham,26-291,1999,15,7,750,8.3,3,4,7,3,0,0,0,0,0.36,0.48,0.84,0.36,0.84,Matches
91,Dennis Cirkin,eng ENG,DF,Sunderland,23-337,2002,6,3,298,3.3,0,0,0,0,0,0,1,0,0,0,0,0,0,Matches
92,Nathaniel Clyne,eng ENG,MF,Crystal Palace,34-338,1991,8,6,495,5.5,0,1,1,0,0,0,1,0,0,0.18,0.18,0,0.18,Matches
93,Séamus Coleman,ie IRL,DF,Everton,37-149,1988,3,1,11,0.1,0,0,0,0,0,0,0,0,0,0,0,0,0,Matches
94,Nathan Collins,ie IRL,DF,Brentford,24-313,2001,26,23,"2,165",24.1,1,2,3,1,0,0,4,0,0.04,0.08,0.12,0.04,0.12,Matches
95,Lewis Cook,eng ENG,"MF,DF",Bournemouth,29-034,1997,16,8,872,9.7,0,1,1,0,0,0,1,1,0,0.1,0.1,0,0.1,Matches
96,Diego Coppola,it ITA,DF,Brighton,22-071,2003,5,2,194,2.2,0,0,0,0,0,0,2,0,0,0,0,0,0,Matches
97,Marc Cucurella,es ESP,DF,Chelsea,27-230,1998,25,22,"1,897",21.1,1,3,4,1,0,0,5,1,0.05,0.14,0.19,0.05,0.19,Matches
98,Jorge Cuenca,es ESP,DF,Fulham,26-112,1999,14,11,933,10.4,0,0,0,0,0,0,5,0,0,0,0,0,0,Matches
99,Josh Cullen,ie IRL,MF,Burnley,29-336,1996,18,18,"1,514",16.8,2,2,4,2,0,0,2,0,0.12,0.12,0.24,0.12,0.24,Matches
100,Jair Cunha,br BRA,DF,Nottingham Forest,21-002,2005,3,2,215,2.4,0,0,0,0,0,0,0,0,0,0,0,0,0,Matches
Rk,Player,Nation,Pos,Squad,Age,Born,MP,Starts,Min,90s,Gls,Ast,G+A,G-PK,PK,PKatt,CrdY,CrdR,Gls,Ast,G+A,G-PK,G+A-PK,Matches
101,Matheus Cunha,br BRA,"MF,FW",Manchester Utd,26-286,1999,26,22,"1,898",21.1,6,2,8,6,0,0,1,0,0.28,0.09,0.38,0.28,0.38,Matches
102,Diogo Dalot,pt POR,"MF,DF",Manchester Utd,26-356,1999,27,23,"2,053",22.8,1,3,4,1,0,0,5,0,0.04,0.13,0.18,0.04,0.18,Matches
103,Mikkel Damsgaard,dk DEN,MF,Brentford,25-249,2000,25,17,"1,504",16.7,3,4,7,3,0,0,0,0,0.18,0.24,0.42,0.18,0.42,Matches
104,Kevin Danso,at AUT,DF,Tottenham Hotspur,27-171,1998,15,9,753,8.4,0,0,0,0,0,0,4,0,0,0,0,0,0,Matches
105,Karl Darlow,wls WAL,GK,Leeds United,35-152,1990,13,13,"1,170",13,0,0,0,0,0,0,1,0,0,0,0,0,0,Matches
106,Ben Davies,wls WAL,DF,Tottenham Hotspur,32-319,1993,3,2,137,1.5,1,0,1,1,0,0,1,0,0.66,0,0.66,0.66,0.66,Matches
107,Maxim De Cuyper,be BEL,"DF,MF",Brighton,25-077,2000,23,14,"1,137",12.6,2,0,2,2,0,0,2,0,0.16,0,0.16,0.16,0.16,Matches
108,Liam Delap,eng ENG,FW,Chelsea,23-029,2003,20,9,738,8.2,1,0,1,1,0,0,2,0,0.12,0,0.12,0.12,0.12,Matches
109,Sepp van den Berg,nl NED,DF,Brentford,24-079,2001,24,23,"2,124",23.6,0,1,1,0,0,0,1,0,0,0.04,0.04,0,0.04,Matches
110,Justin Devenny,nir NIR,"MF,FW",Crystal Palace,22-149,2003,18,5,603,6.7,1,0,1,0,1,1,0,0,0.15,0,0.15,0,0,Matches
111,Kiernan Dewsbury-Hall,eng ENG,MF,Everton,27-184,1998,22,21,"1,827",20.3,6,3,9,6,0,0,6,0,0.3,0.15,0.44,0.3,0.44,Matches
112,Bafodé Diakité,fr FRA,DF,Bournemouth,25-062,2001,18,15,"1,277",14.2,0,0,0,0,0,0,1,0,0,0,0,0,0,Matches
113,Amad Diallo,ci CIV,MF,Manchester Utd,23-241,2002,23,20,"1,738",19.3,2,2,4,2,0,0,2,0,0.1,0.1,0.21,0.1,0.21,Matches
114,Habib Diarra,sn SEN,MF,Sunderland,22-065,2004,12,10,924,10.3,2,0,2,1,1,1,4,0,0.19,0,0.19,0.1,0.1,Matches
115,Rúben Dias,pt POR,DF,Manchester City,28-299,1997,25,23,"2,051",22.8,2,0,2,2,0,0,3,0,0.09,0,0.09,0.09,0.09,Matches
116,Tyler Dibling,eng ENG,MF,Everton,19-362,2006,14,4,358,4,0,0,0,0,0,0,2,0,0,0,0,0,0,Matches
117,Lucas Digne,fr FRA,DF,Aston Villa,32-232,1993,24,16,"1,386",15.4,0,4,4,0,0,0,3,0,0,0.26,0.26,0,0.26,Matches
118,Issa Diop,fr FRA,DF,Fulham,29-059,1997,10,6,596,6.6,0,0,0,0,0,0,2,0,0,0,0,0,0,Matches
119,El Hadji Malick Diouf,sn SEN,"DF,MF",West Ham United,21-071,2004,23,21,"1,914",21.3,0,5,5,0,0,0,4,0,0,0.24,0.24,0,0.24,Matches
120,Axel Disasi,fr FRA,DF,West Ham United,27-363,1998,5,5,450,5,0,0,0,0,0,0,0,0,0,0,0,0,0,Matches
121,Matt Doherty,ie IRL,"DF,MF",Wolves,34-052,1992,10,10,702,7.8,0,0,0,0,0,0,4,0,0,0,0,0,0,Matches
122,Jeremy Doku,be BEL,"MF,FW",Manchester City,23-286,2002,21,13,"1,200",13.3,1,4,5,1,0,0,0,0,0.07,0.3,0.37,0.07,0.37,Matches
123,Nicolás Domínguez,ar ARG,MF,Nottingham Forest,27-254,1998,18,13,889,9.9,1,0,1,1,0,0,2,0,0.1,0,0.1,0.1,0.1,Matches
124,Gianluigi Donnarumma,it ITA,GK,Manchester City,27-012,1999,26,26,"2,340",26,0,0,0,0,0,0,6,0,0,0,0,0,0,Matches
125,Romelle Donovan,eng ENG,FW,Brentford,19-099,2006,4,0,41,0.5,0,0,0,0,0,0,0,0,0,0,0,0,0,Matches
Rk,Player,Nation,Pos,Squad,Age,Born,MP,Starts,Min,90s,Gls,Ast,G+A,G-PK,PK,PKatt,CrdY,CrdR,Gls,Ast,G+A,G-PK,G+A-PK,Matches
126,Patrick Dorgu,dk DEN,MF,Manchester Utd,21-134,2004,22,14,"1,335",14.8,3,3,6,3,0,0,5,0,0.2,0.2,0.4,0.2,0.4,Matches
127,Max Dowman,eng ENG,MF,Arsenal,16-068,2009,2,0,29,0.3,0,0,0,0,0,0,0,0,0,0,0,0,0,Matches
128,Radu Drăgușin,ro ROU,DF,Tottenham Hotspur,24-034,2002,7,4,425,4.7,0,0,0,0,0,0,0,0,0,0,0,0,0,Matches
129,Joél Drakes-Thomas,eng ENG,MF,Crystal Palace,16-273,2009,2,0,9,0.1,0,0,0,0,0,0,0,0,0,0,0,0,0,Matches
130,Martin Dúbravka,sk SVK,GK,Burnley,37-053,1989,29,29,"2,610",29,0,0,0,0,0,0,1,0,0,0,0,0,0,Matches
131,Lewis Dunk,eng ENG,DF,Brighton,34-108,1991,27,26,"2,385",26.5,0,0,0,0,0,0,9,0,0,0,0,0,0,Matches
132,George Earthy,eng ENG,MF,West Ham United,21-185,2004,1,0,9,0.1,0,0,0,0,0,0,0,0,0,0,0,0,0,Matches
133,Odsonne Édouard,fr FRA,FW,Crystal Palace,28-052,1998,1,0,3,0,0,0,0,0,0,0,0,0,0,0,0,0,0,Matches
134,Tom Edozie,eng ENG,MF,Wolves,19-295,2006,1,0,7,0.1,1,0,1,1,0,0,0,0,12.86,0,12.86,12.86,12.86,Matches
135,Alysson Edward,br BRA,MF,Aston Villa,19-308,2006,3,0,49,0.5,0,0,0,0,0,0,0,0,0,0,0,0,0,Matches
136,Marcus Edwards,eng ENG,"MF,FW",Burnley,27-096,1998,17,9,872,9.7,1,3,4,1,0,0,0,0,0.1,0.31,0.41,0.1,0.41,Matches
137,Hjalmar Ekdal,se SWE,DF,Burnley,27-139,1998,15,13,"1,179",13.1,0,0,0,0,0,0,0,0,0,0,0,0,0,Matches
138,Hugo Ekitike,fr FRA,FW,Liverpool,23-262,2002,26,20,"1,769",19.7,11,4,15,11,0,0,0,0,0.56,0.2,0.76,0.56,0.76,Matches
139,Anthony Elanga,se SWE,FW,Newcastle United,23-316,2002,25,12,"1,143",12.7,0,1,1,0,0,0,0,0,0,0.08,0.08,0,0.08,Matches
140,Melker Ellborg,se SWE,GK,Sunderland,22-291,2003,1,1,90,1,0,0,0,0,0,0,0,0,0,0,0,0,0,Matches
141,Harvey Elliott,eng ENG,"FW,MF",Liverpool,22-339,2003,1,0,1,0,0,0,0,0,0,0,0,0,0,0,0,0,0,Matches
142,Harvey Elliott,eng ENG,MF,Aston Villa,22-339,2003,4,1,112,1.2,0,0,0,0,0,0,0,0,0,0,0,0,0,Matches
143,Wataru Endo,jp JPN,DF,Liverpool,33-028,1993,8,1,175,1.9,0,1,1,0,0,0,1,0,0,0.51,0.51,0,0.51,Matches
144,Romain Esse,eng ENG,MF,Crystal Palace,20-300,2005,4,0,44,0.5,0,0,0,0,0,0,0,0,0,0,0,0,0,Matches
145,Maxime Estève,fr FRA,DF,Burnley,23-287,2002,26,26,"2,238",24.9,0,0,0,0,0,0,0,0,0,0,0,0,0,Matches
146,Evanilson,br BRA,FW,Bournemouth,26-154,1999,27,23,"2,014",22.4,6,0,6,6,0,0,1,0,0.27,0,0.27,0.27,0.27,Matches
147,Eberechi Eze,eng ENG,"MF,FW",Arsenal,27-253,1998,24,15,"1,329",14.8,6,2,8,6,0,0,1,0,0.41,0.14,0.54,0.41,0.54,Matches
148,Eberechi Eze,eng ENG,MF,Crystal Palace,27-253,1998,1,1,83,0.9,0,0,0,0,0,0,0,0,0,0,0,0,0,Matches
149,Bruno Fernandes,pt POR,MF,Manchester Utd,31-182,1994,26,26,"2,254",25,7,14,21,4,3,5,3,0,0.28,0.56,0.84,0.16,0.72,Matches
150,Mateus Fernandes,pt POR,MF,West Ham United,21-242,2004,27,26,"2,212",24.6,3,3,6,3,0,0,5,0,0.12,0.12,0.24,0.12,0.24,Matches
Rk,Player,Nation,Pos,Squad,Age,Born,MP,Starts,Min,90s,Gls,Ast,G+A,G-PK,PK,PKatt,CrdY,CrdR,Gls,Ast,G+A,G-PK,G+A-PK,Matches
151,Enzo Fernández,ar ARG,MF,Chelsea,25-051,2001,28,27,"2,398",26.6,8,3,11,6,2,2,8,0,0.3,0.11,0.41,0.23,0.34,Matches
152,Zian Flemming,nl NED,FW,Burnley,27-220,1998,20,12,"1,012",11.2,7,0,7,5,2,2,3,0,0.62,0,0.62,0.44,0.44,Matches
153,Jack Fletcher,eng ENG,MF,Manchester Utd,18-355,2007,3,0,108,1.2,0,0,0,0,0,0,0,0,0,0,0,0,0,Matches
154,Tyler Fletcher,sct SCO,MF,Manchester Utd,18-355,2007,1,0,1,0,0,0,0,0,0,0,0,0,0,0,0,0,0,Matches
155,Phil Foden,eng ENG,MF,Manchester City,25-285,2000,25,21,"1,795",19.9,7,3,10,7,0,0,4,0,0.35,0.15,0.5,0.35,0.5,Matches
156,Wesley Fofana,fr FRA,DF,Chelsea,25-082,2000,17,12,"1,105",12.3,0,1,1,0,0,0,4,1,0,0.08,0.08,0,0.08,Matches
157,Lyle Foster,za RSA,FW,Burnley,25-187,2000,21,13,"1,161",12.9,3,1,4,3,0,0,4,0,0.23,0.08,0.31,0.23,0.31,Matches
158,Tyler Fredricson,eng ENG,DF,Manchester Utd,21-014,2005,1,0,3,0,0,0,0,0,0,0,0,0,0,0,0,0,0,Matches
159,Jeremie Frimpong,nl NED,"DF,MF",Liverpool,25-089,2000,13,7,627,7,0,1,1,0,0,0,0,0,0,0.14,0.14,0,0.14,Matches
160,Niclas Füllkrug,de GER,FW,West Ham United,33-028,1993,8,5,409,4.5,0,0,0,0,0,0,0,0,0,0,0,0,0,Matches
161,Cody Gakpo,nl NED,"MF,FW",Liverpool,26-306,1999,27,23,"1,973",21.9,6,3,9,6,0,0,2,0,0.27,0.14,0.41,0.27,0.41,Matches
162,Conor Gallagher,eng ENG,MF,Tottenham Hotspur,26-031,2000,8,7,578,6.4,0,1,1,0,0,0,0,0,0,0.16,0.16,0,0.16,Matches
163,Idrissa Gana Gueye,sn SEN,MF,Everton,36-164,1989,20,20,"1,666",18.5,2,1,3,2,0,0,1,1,0.11,0.05,0.16,0.11,0.16,Matches
164,Ben Gannon-Doak,sct SCO,MF,Bournemouth,20-118,2005,4,0,57,0.6,0,1,1,0,0,0,0,0,0,1.58,1.58,0,1.58,Matches
165,Andrés García,es ESP,DF,Aston Villa,23-030,2003,3,0,35,0.4,0,0,0,0,0,0,0,0,0,0,0,0,0,Matches
166,Alejandro Garnacho,ar ARG,MF,Chelsea,21-251,2004,18,13,987,11,1,4,5,1,0,0,1,0,0.09,0.36,0.46,0.09,0.46,Matches
167,James Garner,eng ENG,"MF,DF",Everton,24-361,2001,29,29,"2,603",28.9,2,5,7,2,0,0,7,0,0.07,0.17,0.24,0.07,0.24,Matches
168,Lutsharel Geertruida,nl NED,"DF,MF",Sunderland,25-234,2000,23,12,"1,243",13.8,0,0,0,0,0,0,0,0,0,0,0,0,0,Matches
169,Tyrique George,eng ENG,FW,Chelsea,20-033,2006,4,0,145,1.6,0,0,0,0,0,0,2,0,0,0,0,0,0,Matches
170,Tyrique George,eng ENG,MF,Everton,20-033,2006,4,1,105,1.2,0,0,0,0,0,0,0,0,0,0,0,0,0,Matches
171,Morgan Gibbs-White,eng ENG,"MF,FW",Nottingham Forest,26-041,2000,29,28,"2,475",27.5,8,2,10,7,1,1,1,0,0.29,0.07,0.36,0.25,0.33,Matches
172,Jamie Gittens,eng ENG,MF,Chelsea,21-213,2004,16,5,495,5.5,0,2,2,0,0,0,0,0,0,0.36,0.36,0,0.36,Matches
173,Wilfried Gnonto,it ITA,FW,Leeds United,22-124,2003,16,4,387,4.3,0,1,1,0,0,0,3,0,0,0.23,0.23,0,0.23,Matches
174,Angel Gomes,eng ENG,"MF,FW",Wolves,25-190,2000,6,4,239,2.7,0,0,0,0,0,0,0,0,0,0,0,0,0,Matches
175,João Gomes,br BRA,MF,Wolves,25-025,2001,28,25,"2,207",24.5,1,0,1,1,0,0,9,0,0.04,0,0.04,0.04,0.04,Matches
Rk,Player,Nation,Pos,Squad,Age,Born,MP,Starts,Min,90s,Gls,Ast,G+A,G-PK,PK,PKatt,CrdY,CrdR,Gls,Ast,G+A,G-PK,G+A-PK,Matches
176,Rodrigo Gomes,pt POR,"MF,FW",Wolves,22-245,2003,14,6,598,6.6,3,0,3,3,0,0,0,0,0.45,0,0.45,0.45,0.45,Matches
177,Toti Gomes,pt POR,DF,Wolves,27-052,1999,14,13,"1,039",11.5,0,0,0,0,0,0,2,1,0,0,0,0,0,Matches
178,Diego Gómez,py PAR,"MF,FW",Brighton,22-347,2003,26,21,"1,752",19.5,5,0,5,5,0,0,7,0,0.26,0,0.26,0.26,0.26,Matches
179,Joe Gomez,eng ENG,DF,Liverpool,28-290,1997,15,5,410,4.6,0,2,2,0,0,0,2,0,0,0.44,0.44,0,0.44,Matches
180,Nicolás González,es ESP,MF,Manchester City,24-065,2002,21,15,"1,376",15.3,1,0,1,1,0,0,6,0,0.07,0,0.07,0.07,0.07,Matches
181,Anthony Gordon,eng ENG,FW,Newcastle United,25-013,2001,23,21,"1,547",17.2,4,2,6,1,3,3,3,1,0.23,0.12,0.35,0.06,0.17,Matches
182,Ryan Gravenberch,nl NED,MF,Liverpool,23-297,2002,27,27,"2,338",26,4,3,7,4,0,0,5,0,0.15,0.12,0.27,0.15,0.27,Matches
183,Archie Gray,eng ENG,"MF,DF",Tottenham Hotspur,19-362,2006,19,15,"1,201",13.3,2,2,4,2,0,0,5,0,0.15,0.15,0.3,0.15,0.3,Matches
184,Jack Grealish,eng ENG,MF,Everton,30-180,1995,20,18,"1,627",18.1,2,6,8,2,0,0,5,1,0.11,0.33,0.44,0.11,0.44,Matches
185,Pascal Groß,de GER,MF,Brighton,34-267,1991,10,9,826,9.2,1,1,2,1,0,0,2,0,0.11,0.11,0.22,0.11,0.22,Matches
186,Brajan Gruda,de GER,MF,Brighton,21-282,2004,18,8,719,8,1,1,2,1,0,0,2,0,0.13,0.13,0.25,0.13,0.25,Matches
187,Ilia Gruev,bg BUL,MF,Leeds United,25-307,2000,20,15,"1,248",13.9,0,3,3,0,0,0,3,0,0,0.22,0.22,0,0.22,Matches
188,Gabriel Gudmundsson,se SWE,"DF,MF",Leeds United,26-314,1999,28,27,"2,318",25.8,0,0,0,0,0,0,4,0,0,0,0,0,0,Matches
189,Marc Guéhi,eng ENG,DF,Crystal Palace,25-239,2000,20,20,"1,800",20,2,2,4,2,0,0,4,0,0.1,0.1,0.2,0.1,0.2,Matches
190,Marc Guéhi,eng ENG,DF,Manchester City,25-239,2000,7,7,630,7,0,0,0,0,0,0,1,0,0,0,0,0,0,Matches
191,Evann Guessand,ci CIV,MF,Crystal Palace,24-251,2001,5,2,210,2.3,1,1,2,1,0,0,0,0,0.43,0.43,0.86,0.43,0.86,Matches
192,Evann Guessand,ci CIV,MF,Aston Villa,24-251,2001,13,6,588,6.5,0,1,1,0,0,0,0,0,0,0.15,0.15,0,0.15,Matches
193,Luis Guilherme,br BRA,FW,West Ham United,20-028,2006,5,1,125,1.4,0,0,0,0,0,0,0,0,0,0,0,0,0,Matches
194,Bruno Guimarães,br BRA,MF,Newcastle United,28-113,1997,23,22,"2,017",22.4,9,4,13,7,2,2,5,0,0.4,0.18,0.58,0.31,0.49,Matches
195,Marc Guiu,es ESP,FW,Sunderland,20-064,2006,2,0,15,0.2,0,0,0,0,0,0,0,0,0,0,0,0,0,Matches
196,Marc Guiu,es ESP,FW,Chelsea,20-064,2006,7,1,238,2.6,0,1,1,0,0,0,1,0,0,0.38,0.38,0,0.38,Matches
197,Angus Gunn,sct SCO,GK,Nottingham Forest,30-046,1996,1,0,45,0.5,0,0,0,0,0,0,0,0,0,0,0,0,0,Matches
198,Malo Gusto,fr FRA,"DF,MF",Chelsea,22-294,2003,26,18,"1,651",18.3,2,3,5,2,0,0,4,1,0.11,0.16,0.27,0.11,0.27,Matches
199,Joško Gvardiol,hr CRO,DF,Manchester City,24-045,2002,16,15,"1,302",14.5,2,2,4,2,0,0,2,0,0.14,0.14,0.28,0.14,0.28,Matches
200,Viktor Gyökeres,se SWE,FW,Arsenal,27-278,1998,28,23,"1,862",20.7,10,0,10,8,2,2,4,0,0.48,0,0.48,0.39,0.39,Matches
Rk,Player,Nation,Pos,Squad,Age,Born,MP,Starts,Min,90s,Gls,Ast,G+A,G-PK,PK,PKatt,CrdY,CrdR,Gls,Ast,G+A,G-PK,G+A-PK,Matches
201,Erling Haaland,no NOR,FW,Manchester City,25-231,2000,28,27,"2,323",25.8,22,7,29,19,3,4,1,0,0.85,0.27,1.12,0.74,1.01,Matches
202,Lewis Hall,eng ENG,DF,Newcastle United,21-182,2004,22,17,"1,573",17.5,1,1,2,1,0,0,2,0,0.06,0.06,0.11,0.06,0.11,Matches
203,Jack Harrison,eng ENG,FW,Leeds United,29-109,1996,11,1,269,3,0,0,0,0,0,0,0,0,0,0,0,0,0,Matches
204,Quilindschy Hartman,nl NED,DF,Burnley,24-115,2001,15,15,"1,337",14.9,0,4,4,0,0,0,1,0,0,0.27,0.27,0,0.27,Matches
205,Jorrel Hato,nl NED,DF,Chelsea,20-002,2006,14,5,548,6.1,0,0,0,0,0,0,4,0,0,0,0,0,0,Matches
206,Kai Havertz,de GER,MF,Arsenal,26-271,1999,5,2,204,2.3,0,1,1,0,0,0,0,0,0,0.44,0.44,0,0.44,Matches
207,Ayden Heaven,eng ENG,DF,Manchester Utd,19-168,2006,13,8,645,7.2,0,1,1,0,0,0,2,0,0,0.14,0.14,0,0.14,Matches
208,Jan Paul van Hecke,nl NED,DF,Brighton,25-274,2000,27,27,"2,400",26.7,3,2,5,3,0,0,7,0,0.11,0.07,0.19,0.11,0.19,Matches
209,Hwang Hee-chan,kr KOR,"FW,MF",Wolves,30-042,1996,20,15,"1,149",12.8,2,1,3,1,1,1,3,0,0.16,0.08,0.23,0.08,0.16,Matches
210,George Hemmings,eng ENG,MF,Aston Villa,19-005,2007,2,0,27,0.3,0,0,0,0,0,0,0,0,0,0,0,0,0,Matches
211,Dean Henderson,eng ENG,GK,Crystal Palace,28-362,1997,29,29,"2,610",29,0,0,0,0,0,0,3,0,0,0,0,0,0,Matches
212,Jordan Henderson,eng ENG,MF,Brentford,35-265,1990,27,19,"1,640",18.2,1,3,4,1,0,0,4,0,0.05,0.16,0.22,0.05,0.22,Matches
213,Rico Henry,jm JAM,DF,Brentford,28-244,1997,25,14,"1,328",14.8,0,1,1,0,0,0,2,0,0,0.07,0.07,0,0.07,Matches
214,Mads Hermansen,dk DEN,GK,West Ham United,25-241,2000,9,9,810,9,0,0,0,0,0,0,0,0,0,0,0,0,0,Matches
215,Aaron Hickey,sct SCO,DF,Brentford,23-272,2002,18,7,599,6.7,0,0,0,0,0,0,1,0,0,0,0,0,0,Matches
216,James Hill,eng ENG,DF,Bournemouth,24-058,2002,20,13,"1,296",14.4,0,3,3,0,0,0,2,0,0,0.21,0.21,0,0.21,Matches
217,Piero Hincapié,ec ECU,DF,Arsenal,24-059,2002,20,17,"1,486",16.5,1,1,2,1,0,0,2,0,0.06,0.06,0.12,0.06,0.12,Matches
218,Jack Hinshelwood,eng ENG,MF,Brighton,20-332,2005,18,11,"1,007",11.2,1,2,3,1,0,0,0,0,0.09,0.18,0.27,0.09,0.27,Matches
219,Ki-Jana Hoever,nl NED,"MF,DF",Wolves,24-050,2002,8,6,425,4.7,0,0,0,0,0,0,0,0,0,0,0,0,0,Matches
220,Harry Howell,eng ENG,MF,Brighton,17-161,2008,3,1,94,1,0,0,0,0,0,0,0,0,0,0,0,0,0,Matches
221,Callum Hudson-Odoi,eng ENG,MF,Nottingham Forest,25-122,2000,27,18,"1,637",18.2,3,2,5,3,0,0,0,0,0.16,0.11,0.27,0.16,0.27,Matches
222,Will Hughes,eng ENG,MF,Crystal Palace,30-326,1995,26,14,"1,242",13.8,0,0,0,0,0,0,6,0,0,0,0,0,0,Matches
223,Trai Hume,nir NIR,"DF,MF",Sunderland,23-356,2002,29,27,"2,401",26.7,0,1,1,0,0,0,7,0,0,0.04,0.04,0,0.04,Matches
224,Bashir Humphreys,eng ENG,"DF,MF",Burnley,22-359,2003,13,11,"1,062",11.8,0,0,0,0,0,0,5,0,0,0,0,0,0,Matches
225,Omari Hutchinson,eng ENG,MF,Nottingham Forest,22-130,2003,22,11,"1,163",12.9,1,3,4,1,0,0,0,0,0.08,0.23,0.31,0.08,0.31,Matches
Rk,Player,Nation,Pos,Squad,Age,Born,MP,Starts,Min,90s,Gls,Ast,G+A,G-PK,PK,PKatt,CrdY,CrdR,Gls,Ast,G+A,G-PK,G+A-PK,Matches
226,Igor,br BRA,DF,West Ham United,28-030,1998,4,1,105,1.2,0,0,0,0,0,0,0,0,0,0,0,0,0,Matches
227,Tim Iroegbunam,eng ENG,MF,Everton,22-252,2003,21,12,"1,023",11.4,0,2,2,0,0,0,8,0,0,0.18,0.18,0,0.18,Matches
228,Andy Irving,sct SCO,MF,West Ham United,25-300,2000,7,2,158,1.8,0,0,0,0,0,0,0,0,0,0,0,0,0,Matches
229,Alexander Isak,se SWE,FW,Liverpool,26-169,1999,10,6,504,5.6,2,1,3,2,0,0,0,0,0.36,0.18,0.54,0.36,0.54,Matches
230,Wilson Isidor,fr FRA,FW,Sunderland,25-194,2000,26,11,"1,068",11.9,4,0,4,4,0,0,1,0,0.34,0,0.34,0.34,0.34,Matches
231,Alex Iwobi,ng NGA,MF,Fulham,29-310,1996,23,23,"1,951",21.7,4,3,7,4,0,0,2,0,0.18,0.14,0.32,0.18,0.32,Matches
232,Daniel James,wls WAL,FW,Leeds United,28-119,1997,14,4,408,4.5,0,0,0,0,0,0,0,0,0,0,0,0,0,Matches
233,Reece James,eng ENG,"DF,MF",Chelsea,26-091,1999,26,19,"1,806",20.1,2,4,6,2,0,0,4,0,0.1,0.2,0.3,0.1,0.3,Matches
234,Vitaly Janelt,de GER,MF,Brentford,27-303,1998,22,13,"1,261",14,1,4,5,1,0,0,7,0,0.07,0.29,0.36,0.07,0.36,Matches
235,Mathias Jensen,dk DEN,MF,Brentford,30-067,1996,27,17,"1,473",16.4,2,1,3,2,0,0,3,0,0.12,0.06,0.18,0.12,0.18,Matches
236,Gabriel Jesus,br BRA,FW,Arsenal,28-340,1997,11,2,313,3.5,2,0,2,2,0,0,2,0,0.58,0,0.58,0.58,0.58,Matches
237,Igor Jesus,br BRA,FW,Nottingham Forest,25-012,2001,28,20,"1,668",18.5,2,3,5,2,0,0,0,0,0.11,0.16,0.27,0.11,0.27,Matches
238,Álex Jiménez,es ESP,"DF,MF",Bournemouth,20-305,2005,25,21,"1,856",20.6,1,0,1,1,0,0,8,0,0.05,0,0.05,0.05,0.05,Matches
239,Raúl Jiménez,mx MEX,FW,Fulham,34-308,1991,28,24,"1,904",21.2,8,3,11,5,3,3,5,0,0.38,0.14,0.52,0.24,0.38,Matches
240,Jamaldeen Jimoh,eng ENG,MF,Aston Villa,19-158,2006,1,0,9,0.1,0,0,0,0,0,0,0,0,0,0,0,0,0,Matches
241,João Pedro,br BRA,"FW,MF",Chelsea,24-164,2001,29,25,"2,144",23.8,14,5,19,14,0,0,4,0,0.59,0.21,0.8,0.59,0.8,Matches
242,Joelinton,br BRA,MF,Newcastle United,29-207,1996,22,19,"1,574",17.5,2,1,3,2,0,0,8,0,0.11,0.06,0.17,0.11,0.17,Matches
243,John,br BRA,GK,Nottingham Forest,30-024,1996,5,5,437,4.9,0,0,0,0,0,0,1,0,0,0,0,0,0,Matches
244,Brennan Johnson,wls WAL,"MF,FW",Tottenham Hotspur,24-290,2001,16,6,610,6.8,2,0,2,2,0,0,2,0,0.3,0,0.3,0.3,0.3,Matches
245,Brennan Johnson,wls WAL,MF,Crystal Palace,24-290,2001,10,6,547,6.1,0,1,1,0,0,0,2,0,0,0.16,0.16,0,0.16,Matches
246,Sam Johnstone,eng ENG,GK,Wolves,32-349,1993,12,12,"1,080",12,0,0,0,0,0,0,0,0,0,0,0,0,0,Matches
247,Curtis Jones,eng ENG,MF,Liverpool,25-038,2001,25,11,"1,246",13.8,0,1,1,0,0,0,1,0,0,0.07,0.07,0,0.07,Matches
248,Eli Junior Kroupi,fr FRA,"MF,FW",Bournemouth,19-259,2006,24,13,"1,061",11.8,8,0,8,8,0,0,3,0,0.68,0,0.68,0.68,0.68,Matches
249,Hamed Junior Traorè,ci CIV,MF,Bournemouth,26-021,2000,1,0,17,0.2,0,1,1,0,0,0,0,0,0,5.29,5.29,0,5.29,Matches
250,James Justin,eng ENG,"DF,MF",Leeds United,28-014,1998,20,12,"1,091",12.1,1,1,2,1,0,0,2,0,0.08,0.08,0.16,0.08,0.16,Matches
Rk,Player,Nation,Pos,Squad,Age,Born,MP,Starts,Min,90s,Gls,Ast,G+A,G-PK,PK,PKatt,CrdY,CrdR,Gls,Ast,G+A,G-PK,G+A-PK,Matches
251,Filip Jørgensen,dk DEN,GK,Chelsea,23-327,2002,3,2,264,2.9,0,0,0,0,0,0,0,0,0,0,0,0,0,Matches
252,Ferdi Kadioglu,tr TUR,"DF,MF",Brighton,26-153,1999,28,25,"2,323",25.8,0,0,0,0,0,0,6,0,0,0,0,0,0,Matches
253,Sasa Kalajdzic,at AUT,"FW,MF",Wolves,28-245,1997,1,0,15,0.2,0,0,0,0,0,0,0,0,0,0,0,0,0,Matches
254,Arnaud Kalimuendo,fr FRA,FW,Nottingham Forest,24-048,2002,9,0,96,1.1,0,0,0,0,0,0,0,0,0,0,0,0,0,Matches
255,Daichi Kamada,jp JPN,MF,Crystal Palace,29-216,1996,19,17,"1,468",16.3,0,0,0,0,0,0,2,0,0,0,0,0,0,Matches
256,Boubacar Kamara,fr FRA,MF,Aston Villa,26-106,1999,18,17,"1,411",15.7,1,3,4,1,0,0,5,0,0.06,0.19,0.26,0.06,0.26,Matches
257,Mohamadou Kanté,fr FRA,MF,West Ham United,20-170,2005,6,0,28,0.3,0,0,0,0,0,0,1,0,0,0,0,0,0,Matches
258,Michael Kayode,it ITA,DF,Brentford,21-242,2004,28,28,"2,448",27.2,0,0,0,0,0,0,6,0,0,0,0,0,0,Matches
259,Michael Keane,eng ENG,DF,Everton,33-057,1993,25,22,"1,957",21.7,3,0,3,3,0,0,0,1,0.14,0,0.14,0.14,0.14,Matches
260,Caoimhín Kelleher,ie IRL,GK,Brentford,27-106,1998,28,28,"2,520",28,0,0,0,0,0,0,1,0,0,0,0,0,0,Matches
261,Milos Kerkez,hu HUN,DF,Liverpool,22-122,2003,27,24,"1,953",21.7,1,1,2,1,0,0,4,0,0.05,0.05,0.09,0.05,0.09,Matches
262,Kevin,br BRA,MF,Fulham,23-064,2003,23,8,908,10.1,1,1,2,1,0,0,1,0,0.1,0.1,0.2,0.1,0.2,Matches
263,Abdukodir Khusanov,uz UZB,DF,Manchester City,22-008,2004,14,8,802,8.9,0,0,0,0,0,0,2,0,0,0,0,0,0,Matches
264,Max Kilman,eng ENG,DF,West Ham United,28-290,1997,21,17,"1,561",17.3,0,0,0,0,0,0,4,0,0,0,0,0,0,Matches
265,Joshua King,eng ENG,MF,Fulham,19-065,2007,23,12,997,11.1,0,1,1,0,0,0,3,0,0,0.09,0.09,0,0.09,Matches
266,Justin Kluivert,nl NED,MF,Bournemouth,26-308,1999,18,10,919,10.2,2,0,2,2,0,0,4,0,0.2,0,0.2,0.2,0.2,Matches
267,Joe Knight,eng ENG,MF,Brighton,20-169,2005,1,0,1,0,0,0,0,0,0,0,0,0,0,0,0,0,0,Matches
268,Randal Kolo Muani,fr FRA,"FW,MF",Tottenham Hotspur,27-094,1998,21,15,"1,191",13.2,1,0,1,1,0,0,2,0,0.08,0,0.08,0.08,0.08,Matches
269,Ibrahima Konaté,fr FRA,DF,Liverpool,26-288,1999,28,28,"2,404",26.7,1,0,1,1,0,0,5,0,0.04,0,0.04,0.04,0.04,Matches
270,Ezri Konsa,eng ENG,DF,Aston Villa,28-137,1997,28,28,"2,495",27.7,0,0,0,0,0,0,0,1,0,0,0,0,0,Matches
271,Charalampos Kostoulas,gr GRE,FW,Brighton,18-283,2007,16,2,305,3.4,2,1,3,2,0,0,2,0,0.59,0.3,0.89,0.59,0.89,Matches
272,Mateo Kovačić,hr CRO,MF,Manchester City,31-307,1994,1,0,5,0.1,0,0,0,0,0,0,0,0,0,0,0,0,0,Matches
273,Emil Krafth,se SWE,DF,Newcastle United,31-219,1994,1,1,45,0.5,0,0,0,0,0,0,0,0,0,0,0,0,0,Matches
274,Ladislav Krejčí,cz CZE,"DF,MF",Wolves,26-323,1999,23,22,"1,947",21.6,2,1,3,2,0,0,4,1,0.09,0.05,0.14,0.09,0.14,Matches
275,Mohammed Kudus,gh GHA,"MF,FW",Tottenham Hotspur,25-219,2000,19,19,"1,535",17.1,2,5,7,2,0,0,3,0,0.12,0.29,0.41,0.12,0.41,Matches
Rk,Player,Nation,Pos,Squad,Age,Born,MP,Starts,Min,90s,Gls,Ast,G+A,G-PK,PK,PKatt,CrdY,CrdR,Gls,Ast,G+A,G-PK,G+A-PK,Matches
276,Jonah Kusi-Asare,se SWE,FW,Fulham,18-248,2007,5,0,34,0.4,0,0,0,0,0,0,1,0,0,0,0,0,0,Matches
277,Shea Lacey,eng ENG,FW,Manchester Utd,18-329,2007,2,0,14,0.2,0,0,0,0,0,0,0,0,0,0,0,0,0,Matches
278,Maxence Lacroix,fr FRA,DF,Crystal Palace,25-337,2000,27,27,"2,395",26.6,1,2,3,1,0,0,3,1,0.04,0.08,0.11,0.04,0.11,Matches
279,Senne Lammens,be BEL,GK,Manchester Utd,23-245,2002,23,23,"2,070",23,0,0,0,0,0,0,0,0,0,0,0,0,0,Matches
280,Jamaal Lascelles,eng ENG,DF,Newcastle United,32-118,1993,2,0,21,0.2,0,0,0,0,0,0,0,0,0,0,0,0,0,Matches
281,Josh Laurent,eng ENG,"DF,MF",Burnley,30-307,1995,26,14,"1,409",15.7,1,0,1,1,0,0,6,0,0.06,0,0.06,0.06,0.06,Matches
282,Roméo Lavia,be BEL,MF,Chelsea,22-062,2004,6,1,140,1.6,0,0,0,0,0,0,0,0,0,0,0,0,0,Matches
283,Enzo Le Fée,fr FRA,"MF,FW",Sunderland,26-034,2000,28,26,"2,295",25.5,4,4,8,1,3,4,5,0,0.16,0.16,0.31,0.04,0.2,Matches
284,Bernd Leno,de GER,GK,Fulham,34-005,1992,29,29,"2,610",29,0,0,0,0,0,0,3,0,0,0,0,0,0,Matches
285,Jefferson Lerma,co COL,"MF,DF",Crystal Palace,31-135,1994,23,12,"1,165",12.9,0,2,2,0,0,0,6,0,0,0.15,0.15,0,0.15,Matches
286,Rico Lewis,eng ENG,DF,Manchester City,21-108,2004,10,3,317,3.5,0,1,1,0,0,0,1,0,0,0.28,0.28,0,0.28,Matches
287,Keane Lewis-Potter,eng ENG,"MF,DF",Brentford,25-015,2001,27,13,"1,165",12.9,3,1,4,3,0,0,1,0,0.23,0.08,0.31,0.23,0.31,Matches
288,Myles Lewis-Skelly,eng ENG,DF,Arsenal,19-164,2006,14,1,321,3.6,0,0,0,0,0,0,3,0,0,0,0,0,0,Matches
289,Matthijs de Ligt,nl NED,DF,Manchester Utd,26-209,1999,13,13,"1,170",13,1,0,1,1,0,0,0,0,0.08,0,0.08,0.08,0.08,Matches
290,Pedro Lima,br BRA,DF,Wolves,19-251,2006,3,0,4,0,0,0,0,0,0,0,0,0,0,0,0,0,0,Matches
291,Victor Lindelöf,se SWE,DF,Aston Villa,31-235,1994,12,6,578,6.4,0,1,1,0,0,0,0,0,0,0.16,0.16,0,0.16,Matches
292,Valentino Livramento,eng ENG,DF,Newcastle United,23-117,2002,13,11,"1,049",11.7,0,1,1,0,0,0,1,0,0,0.09,0.09,0,0.09,Matches
293,Sean Longstaff,eng ENG,MF,Leeds United,28-130,1997,17,10,947,10.5,1,2,3,1,0,0,2,0,0.1,0.19,0.29,0.1,0.29,Matches
294,Fer López,es ESP,MF,Wolves,21-289,2004,9,2,235,2.6,0,1,1,0,0,0,1,0,0,0.38,0.38,0,0.38,Matches
295,Lucas,br BRA,"MF,DF",Burnley,24-350,2001,14,12,"1,087",12.1,0,0,0,0,0,0,0,1,0,0,0,0,0,Matches
296,Lorenzo Lucca,it ITA,FW,Nottingham Forest,25-180,2000,3,1,121,1.3,1,0,1,1,0,0,0,0,0.74,0,0.74,0.74,0.74,Matches
297,Florentino Luís,pt POR,MF,Burnley,26-202,1999,24,20,"1,654",18.4,0,2,2,0,0,0,4,0,0,0.11,0.11,0,0.11,Matches
298,Douglas Luiz,br BRA,MF,Aston Villa,27-304,1998,6,6,456,5.1,1,0,1,1,0,0,0,0,0.2,0,0.2,0.2,0.2,Matches
299,Douglas Luiz,br BRA,MF,Nottingham Forest,27-304,1998,8,5,315,3.5,0,0,0,0,0,0,2,0,0,0,0,0,0,Matches
300,Saša Lukić,rs SRB,MF,Fulham,29-208,1996,19,15,"1,210",13.4,1,2,3,1,0,0,6,0,0.07,0.15,0.22,0.07,0.22,Matches
Rk,Player,Nation,Pos,Squad,Age,Born,MP,Starts,Min,90s,Gls,Ast,G+A,G-PK,PK,PKatt,CrdY,CrdR,Gls,Ast,G+A,G-PK,G+A-PK,Matches
301,Ian Maatsen,nl NED,DF,Aston Villa,23-364,2002,23,13,"1,255",13.9,0,0,0,0,0,0,2,0,0,0,0,0,0,Matches
302,Alexis Mac Allister,ar ARG,MF,Liverpool,27-075,1998,28,24,"2,000",22.2,2,2,4,2,0,0,4,0,0.09,0.09,0.18,0.09,0.18,Matches
303,Noni Madueke,eng ENG,"FW,MF",Arsenal,23-364,2002,19,11,835,9.3,2,1,3,2,0,0,0,0,0.22,0.11,0.32,0.22,0.32,Matches
304,Gabriel Magalhães,br BRA,DF,Arsenal,28-080,1997,24,23,"2,076",23.1,3,4,7,3,0,0,3,0,0.13,0.17,0.3,0.13,0.3,Matches
305,Soungoutou Magassa,fr FRA,MF,West Ham United,22-152,2003,18,11,937,10.4,1,0,1,1,0,0,3,0,0.1,0,0.1,0.1,0.1,Matches
306,Harry Maguire,eng ENG,DF,Manchester Utd,33-004,1993,16,12,"1,036",11.5,1,1,2,1,0,0,2,0,0.09,0.09,0.17,0.09,0.17,Matches
307,Kobbie Mainoo,eng ENG,MF,Manchester Utd,20-324,2005,20,8,942,10.5,0,2,2,0,0,0,0,0,0,0.19,0.19,0,0.19,Matches
308,Tyrell Malacia,nl NED,DF,Manchester Utd,26-204,1999,2,0,9,0.1,0,0,0,0,0,0,0,0,0,0,0,0,0,Matches
309,Donyell Malen,nl NED,"FW,MF",Aston Villa,27-059,1999,21,5,656,7.3,4,1,5,4,0,0,0,0,0.55,0.14,0.69,0.55,0.69,Matches
310,Giorgi Mamardashvili,ge GEO,GK,Liverpool,25-161,2000,5,5,450,5,0,0,0,0,0,0,0,0,0,0,0,0,0,Matches
311,Reinildo Mandava,mz MOZ,DF,Sunderland,32-047,1994,17,17,"1,427",15.9,0,1,1,0,0,0,6,1,0,0.06,0.06,0,0.06,Matches
312,Mateus Mane,pt POR,MF,Wolves,18-174,2007,19,13,"1,241",13.8,2,1,3,2,0,0,0,0,0.15,0.07,0.22,0.15,0.22,Matches
313,Bendito Mantato,eng ENG,MF,Manchester Utd,18-043,2008,1,0,16,0.2,0,0,0,0,0,0,0,0,0,0,0,0,0,Matches
314,Solly March,eng ENG,MF,Brighton,31-232,1994,1,0,5,0.1,0,0,0,0,0,0,0,0,0,0,0,0,0,Matches
315,Omar Marmoush,eg EGY,"FW,MF",Manchester City,27-030,1999,16,6,513,5.7,1,2,3,1,0,0,1,0,0.18,0.35,0.53,0.18,0.53,Matches
316,Callum Marshall,nir NIR,FW,West Ham United,21-101,2004,2,0,60,0.7,0,0,0,0,0,0,0,0,0,0,0,0,0,Matches
317,Gabriel Martinelli,br BRA,"FW,MF",Arsenal,24-264,2001,24,9,824,9.2,1,2,3,1,0,0,2,0,0.11,0.22,0.33,0.11,0.33,Matches
318,Emiliano Martínez,ar ARG,GK,Aston Villa,33-188,1992,25,25,"2,205",24.5,0,0,0,0,0,0,2,0,0,0,0,0,0,Matches
319,Lisandro Martínez,ar ARG,DF,Manchester Utd,28-050,1998,14,9,908,10.1,0,0,0,0,0,0,0,0,0,0,0,0,0,Matches
320,Arthur Masuaku,cd COD,DF,Sunderland,32-122,1993,3,2,126,1.4,0,0,0,0,0,0,1,0,0,0,0,0,0,Matches
321,Pape Matar Sarr,sn SEN,MF,Tottenham Hotspur,23-176,2002,20,11,"1,147",12.7,2,3,5,2,0,0,2,0,0.16,0.24,0.39,0.16,0.39,Matches
322,Jean-Philippe Mateta,fr FRA,FW,Crystal Palace,28-254,1997,23,23,"1,904",21.2,8,0,8,5,3,3,2,0,0.38,0,0.38,0.24,0.24,Matches
323,Konstantinos Mavropanos,gr GRE,DF,West Ham United,28-088,1997,22,18,"1,724",19.2,0,0,0,0,0,0,2,0,0,0,0,0,0,Matches
324,Eliezer Mayenda,es ESP,"FW,MF",Sunderland,20-305,2005,17,8,744,8.3,2,0,2,2,0,0,0,0,0.24,0,0.24,0.24,0.24,Matches
325,Ezra Mayers,bb BRB,DF,West Ham United,19-052,2007,6,0,117,1.3,0,0,0,0,0,0,0,0,0,0,0,0,0,Matches
Rk,Player,Nation,Pos,Squad,Age,Born,MP,Starts,Min,90s,Gls,Ast,G+A,G-PK,PK,PKatt,CrdY,CrdR,Gls,Ast,G+A,G-PK,G+A-PK,Matches
326,Noussair Mazraoui,ma MAR,"MF,DF",Manchester Utd,28-115,1997,15,7,618,6.9,0,0,0,0,0,0,3,0,0,0,0,0,0,Matches
327,Bryan Mbeumo,cm CMR,"MF,FW",Manchester Utd,26-214,1999,24,24,"2,043",22.7,9,3,12,9,0,0,4,0,0.4,0.13,0.53,0.4,0.53,Matches
328,James Mcatee,eng ENG,MF,Nottingham Forest,23-142,2002,8,1,176,2,0,0,0,0,0,0,1,0,0,0,0,0,0,Matches
329,John McGinn,sct SCO,MF,Aston Villa,31-142,1994,22,21,"1,591",17.7,3,2,5,3,0,0,3,0,0.17,0.11,0.28,0.17,0.28,Matches
330,Dwight McNeil,eng ENG,"MF,FW",Everton,26-107,1999,16,9,787,8.7,0,1,1,0,0,0,1,0,0,0.11,0.11,0,0.11,Matches
331,Hannibal Mejbri,tn TUN,MF,Burnley,23-047,2003,21,10,883,9.8,1,3,4,1,0,0,6,0,0.1,0.31,0.41,0.1,0.41,Matches
332,Mikel Merino,es ESP,"MF,FW",Arsenal,29-260,1996,21,10,"1,007",11.2,4,3,7,4,0,0,1,0,0.36,0.27,0.63,0.36,0.63,Matches
333,Antoni Milambo,nl NED,MF,Brentford,20-340,2005,1,1,45,0.5,0,0,0,0,0,0,0,0,0,0,0,0,0,Matches
334,Nikola Milenković,rs SRB,DF,Nottingham Forest,28-148,1997,29,29,"2,610",29,0,0,0,0,0,0,6,0,0,0,0,0,0,Matches
335,Lewis Miley,eng ENG,"MF,DF",Newcastle United,19-312,2006,19,11,"1,136",12.6,1,3,4,1,0,0,0,0,0.08,0.24,0.32,0.08,0.32,Matches
336,James Milner,eng ENG,MF,Brighton,40-064,1986,17,4,561,6.2,1,1,2,0,1,1,2,0,0.16,0.16,0.32,0,0.16,Matches
337,Veljko Milosavljević,rs SRB,DF,Bournemouth,18-254,2007,7,4,368,4.1,0,0,0,0,0,0,0,0,0,0,0,0,0,Matches
338,Tyrone Mings,eng ENG,DF,Aston Villa,32-361,1993,12,10,874,9.7,0,0,0,0,0,0,0,0,0,0,0,0,0,Matches
339,Yankuba Minteh,gm GAM,MF,Brighton,21-230,2004,25,18,"1,682",18.7,1,4,5,1,0,0,0,0,0.05,0.21,0.27,0.05,0.27,Matches
340,Tyrick Mitchell,eng ENG,MF,Crystal Palace,26-189,1999,29,29,"2,577",28.6,1,1,2,1,0,0,5,0,0.03,0.03,0.07,0.03,0.07,Matches
341,Kaoru Mitoma,jp JPN,"MF,FW",Brighton,28-293,1997,19,16,"1,411",15.7,2,1,3,2,0,0,3,0,0.13,0.06,0.19,0.13,0.19,Matches
342,Morato,br BRA,DF,Nottingham Forest,24-252,2001,15,10,941,10.5,0,0,0,0,0,0,4,0,0,0,0,0,0,Matches
343,Cristhian Mosquera,es ESP,DF,Arsenal,21-255,2004,13,6,620,6.9,0,0,0,0,0,0,2,0,0,0,0,0,0,Matches
344,Yerson Mosquera,co COL,DF,Wolves,24-311,2001,21,18,"1,616",18,0,0,0,0,0,0,10,0,0,0,0,0,0,Matches
345,Mason Mount,eng ENG,MF,Manchester Utd,27-058,1999,17,10,816,9.1,3,0,3,3,0,0,0,0,0.33,0,0.33,0.33,0.33,Matches
346,Divine Mukasa,eng ENG,MF,Manchester City,18-199,2007,2,0,27,0.3,0,0,0,0,0,0,0,0,0,0,0,0,0,Matches
347,Nordi Mukiele,fr FRA,DF,Sunderland,28-128,1997,25,25,"2,163",24,1,3,4,1,0,0,4,0,0.04,0.12,0.17,0.04,0.17,Matches
348,Romaine Mundle,eng ENG,MF,Sunderland,22-319,2003,14,2,411,4.6,0,0,0,0,0,0,1,0,0,0,0,0,0,Matches
349,Marshall Munetsi,zw ZIM,"MF,FW",Wolves,29-260,1996,13,9,875,9.7,1,1,2,1,0,0,2,0,0.1,0.1,0.21,0.1,0.21,Matches
350,Rodrigo Muniz,br BRA,FW,Fulham,24-309,2001,12,4,475,5.3,1,1,2,1,0,0,1,0,0.19,0.19,0.38,0.19,0.38,Matches
Rk,Player,Nation,Pos,Squad,Age,Born,MP,Starts,Min,90s,Gls,Ast,G+A,G-PK,PK,PKatt,CrdY,CrdR,Gls,Ast,G+A,G-PK,G+A-PK,Matches
351,Daniel Muñoz,co COL,MF,Crystal Palace,29-287,1996,21,21,"1,778",19.8,3,2,5,3,0,0,5,0,0.15,0.1,0.25,0.15,0.25,Matches
352,Murillo,br BRA,DF,Nottingham Forest,23-248,2002,21,21,"1,819",20.2,1,0,1,1,0,0,4,0,0.05,0,0.05,0.05,0.05,Matches
353,Alex Murphy,ie IRL,DF,Newcastle United,21-257,2004,1,0,2,0,0,0,0,0,0,0,0,0,0,0,0,0,0,Matches
354,Jacob Murphy,eng ENG,"FW,MF",Newcastle United,31-013,1995,24,13,"1,144",12.7,3,1,4,3,0,0,1,0,0.24,0.08,0.31,0.24,0.31,Matches
355,Vitaliy Mykolenko,ua UKR,DF,Everton,26-284,1999,24,24,"2,148",23.9,0,1,1,0,0,0,5,0,0,0.04,0.04,0,0.04,Matches
356,David Møller Wolfe,no NOR,"MF,DF",Wolves,23-320,2002,18,9,846,9.4,0,2,2,0,0,0,1,0,0,0.21,0.21,0,0.21,Matches
357,Iliman Ndiaye,sn SEN,MF,Everton,26-003,2000,23,23,"1,970",21.9,5,3,8,3,2,2,2,0,0.23,0.14,0.37,0.14,0.27,Matches
358,Dan Ndoye,ch SUI,MF,Nottingham Forest,25-135,2000,21,14,"1,115",12.4,1,1,2,1,0,0,1,0,0.08,0.08,0.16,0.08,0.16,Matches
359,Dan Neil,eng ENG,MF,Sunderland,24-086,2001,3,0,14,0.2,0,0,0,0,0,0,0,0,0,0,0,0,0,Matches
360,Reiss Nelson,eng ENG,"FW,MF",Brentford,26-089,1999,6,0,55,0.6,0,0,0,0,0,0,0,0,0,0,0,0,0,Matches
361,Pedro Neto,pt POR,MF,Chelsea,26-000,2000,28,24,"2,140",23.8,5,4,9,5,0,0,4,1,0.21,0.17,0.38,0.21,0.38,Matches
362,Luca Netz,de GER,"DF,MF",Nottingham Forest,22-298,2003,2,0,50,0.6,0,0,0,0,0,0,0,0,0,0,0,0,0,Matches
363,Rio Ngumoha,eng ENG,FW,Liverpool,17-192,2008,11,0,138,1.5,1,0,1,1,0,0,0,0,0.65,0,0.65,0.65,0.65,Matches
364,Eddie Nketiah,eng ENG,MF,Crystal Palace,26-283,1999,12,2,424,4.7,2,0,2,2,0,0,2,0,0.42,0,0.42,0.42,0.42,Matches
365,Lukas Nmecha,de GER,FW,Leeds United,27-085,1998,23,7,767,8.5,6,1,7,4,2,3,0,0,0.7,0.12,0.82,0.47,0.59,Matches
366,Matheus Nunes,pt POR,DF,Manchester City,27-194,1998,26,24,"2,175",24.2,1,4,5,1,0,0,4,0,0.04,0.17,0.21,0.04,0.21,Matches
367,Ethan Nwaneri,eng ENG,MF,Arsenal,18-353,2007,6,0,171,1.9,0,0,0,0,0,0,0,0,0,0,0,0,0,Matches
368,Trey Nyoni,eng ENG,MF,Liverpool,18-252,2007,3,0,7,0.1,0,0,0,0,0,0,0,0,0,0,0,0,0,Matches
369,Christian Nørgaard,dk DEN,MF,Arsenal,31-364,1994,6,0,61,0.7,0,0,0,0,0,0,0,0,0,0,0,0,0,Matches
370,Jake O'Brien,ie IRL,DF,Everton,24-298,2001,28,26,"2,368",26.3,0,1,1,0,0,0,2,1,0,0.04,0.04,0,0.04,Matches
371,Luke O'Nien,eng ENG,DF,Sunderland,31-108,1994,6,1,114,1.3,0,0,0,0,0,0,1,1,0,0,0,0,0,Matches
372,Matt O'Riley,dk DEN,MF,Brighton,25-108,2000,3,2,186,2.1,1,0,1,0,1,1,0,0,0.48,0,0.48,0,0,Matches
373,Wilson Odobert,fr FRA,"MF,FW",Tottenham Hotspur,21-101,2004,24,10,985,10.9,0,2,2,0,0,0,0,0,0,0.18,0.18,0,0.18,Matches
374,Noah Okafor,ch SUI,"FW,MF",Leeds United,25-289,2000,23,15,"1,273",14.1,4,0,4,4,0,0,3,0,0.28,0,0.28,0.28,0.28,Matches
375,Amadou Onana,be BEL,MF,Aston Villa,24-205,2001,20,17,"1,380",15.3,2,0,2,2,0,0,2,0,0.13,0,0.13,0.13,0.13,Matches
Rk,Player,Nation,Pos,Squad,Age,Born,MP,Starts,Min,90s,Gls,Ast,G+A,G-PK,PK,PKatt,CrdY,CrdR,Gls,Ast,G+A,G-PK,G+A-PK,Matches
376,Frank Onyeka,ng NGA,MF,Brentford,28-067,1998,6,0,92,1,0,1,1,0,0,0,0,0,0,0.98,0.98,0,0.98,Matches
377,Nehemiah Oriola,eng ENG,MF,Brighton,18-271,2007,1,0,1,0,0,0,0,0,0,0,0,0,0,0,0,0,0,Matches
378,Stefan Ortega,de GER,GK,Nottingham Forest,33-123,1992,3,3,270,3,0,0,0,0,0,0,0,0,0,0,0,0,0,Matches
379,William Osula,dk DEN,FW,Newcastle United,22-217,2003,16,1,280,3.1,2,0,2,2,0,0,0,0,0.64,0,0.64,0.64,0.64,Matches
380,Dango Ouattara,bf BFA,MF,Brentford,24-026,2002,23,18,"1,616",18,5,2,7,5,0,0,4,0,0.28,0.11,0.39,0.28,0.39,Matches
381,Nico O’Reilly,eng ENG,"DF,MF",Manchester City,20-353,2005,27,22,"2,043",22.7,4,3,7,4,0,0,4,0,0.18,0.13,0.31,0.18,0.31,Matches
382,Pablo,br BRA,MF,West Ham United,22-066,2004,5,3,252,2.8,0,0,0,0,0,0,0,0,0,0,0,0,0,Matches
383,João Palhinha,pt POR,"MF,DF",Tottenham Hotspur,30-243,1995,26,19,"1,779",19.8,3,2,5,3,0,0,6,0,0.15,0.1,0.25,0.15,0.25,Matches
384,Cole Palmer,eng ENG,"MF,FW",Chelsea,23-307,2002,18,16,"1,237",13.7,9,1,10,4,5,5,4,0,0.65,0.07,0.73,0.29,0.36,Matches
385,Lucas Paquetá,br BRA,"MF,FW",West Ham United,28-194,1997,18,18,"1,511",16.8,4,1,5,2,2,2,7,1,0.24,0.06,0.3,0.12,0.18,Matches
386,Nathan Patterson,sct SCO,DF,Everton,24-144,2001,6,3,240,2.7,0,0,0,0,0,0,0,0,0,0,0,0,0,Matches
387,Myles Peart-Harris,eng ENG,MF,Brentford,23-172,2002,1,0,1,0,0,0,0,0,0,0,0,0,0,0,0,0,0,Matches
388,Lucas Perri,br BRA,GK,Leeds United,28-089,1997,16,16,"1,440",16,0,0,0,0,0,0,2,0,0,0,0,0,0,Matches
389,Đorđe Petrović,rs SRB,GK,Bournemouth,26-152,1999,29,29,"2,610",29,0,0,0,0,0,0,2,0,0,0,0,0,0,Matches
390,Jordan Pickford,eng ENG,GK,Everton,32-002,1994,29,29,"2,610",29,0,0,0,0,0,0,2,0,0,0,0,0,0,Matches
391,Ethan Pinnock,jm JAM,DF,Brentford,32-284,1993,3,3,228,2.5,0,0,0,0,0,0,1,0,0,0,0,0,0,Matches
392,Yeremi Pino,es ESP,MF,Crystal Palace,23-140,2002,26,21,"1,710",19,2,1,3,2,0,0,4,0,0.11,0.05,0.16,0.11,0.16,Matches
393,Joël Piroe,nl NED,FW,Leeds United,26-219,1999,13,2,226,2.5,0,0,0,0,0,0,0,0,0,0,0,0,0,Matches
394,Nick Pope,eng ENG,GK,Newcastle United,33-324,1992,22,22,"1,966",21.8,0,0,0,0,0,0,1,0,0,0,0,0,0,Matches
395,Pedro Porro,es ESP,DF,Tottenham Hotspur,26-177,1999,25,23,"1,986",22.1,0,2,2,0,0,0,6,0,0,0.09,0.09,0,0.09,Matches
396,Freddie Potts,eng ENG,MF,West Ham United,22-178,2003,19,11,"1,101",12.2,0,1,1,0,0,0,1,0,0,0.08,0.08,0,0.08,Matches
397,Aaron Ramsdale,eng ENG,GK,Newcastle United,27-299,1998,8,7,644,7.2,0,0,0,0,0,0,0,0,0,0,0,0,0,Matches
398,Jacob Ramsey,eng ENG,MF,Newcastle United,24-285,2001,19,9,901,10,2,1,3,2,0,0,5,1,0.2,0.1,0.3,0.2,0.3,Matches
399,David Raya,es ESP,GK,Arsenal,30-175,1995,30,30,"2,700",30,0,0,0,0,0,0,1,0,0,0,0,0,0,Matches
400,Harrison Reed,eng ENG,MF,Fulham,31-041,1995,5,0,27,0.3,1,0,1,1,0,0,0,0,3.33,0,3.33,3.33,3.33,Matches
Rk,Player,Nation,Pos,Squad,Age,Born,MP,Starts,Min,90s,Gls,Ast,G+A,G-PK,PK,PKatt,CrdY,CrdR,Gls,Ast,G+A,G-PK,G+A-PK,Matches
401,Tijjani Reijnders,nl NED,MF,Manchester City,27-223,1998,25,17,"1,480",16.4,5,2,7,5,0,0,2,0,0.3,0.12,0.43,0.3,0.43,Matches
402,Chadi Riad,ma MAR,DF,Crystal Palace,22-265,2003,6,3,314,3.5,0,1,1,0,0,0,2,0,0,0.29,0.29,0,0.29,Matches
403,Declan Rice,eng ENG,MF,Arsenal,27-054,1999,29,28,"2,491",27.7,4,5,9,4,0,0,2,0,0.14,0.18,0.33,0.14,0.33,Matches
404,Chris Richards,us USA,DF,Crystal Palace,25-346,2000,25,25,"2,242",24.9,1,0,1,1,0,0,3,0,0.04,0,0.04,0.04,0.04,Matches
405,Richarlison,br BRA,FW,Tottenham Hotspur,28-303,1997,24,13,"1,356",15.1,8,3,11,8,0,0,5,0,0.53,0.2,0.73,0.53,0.73,Matches
406,Chris Rigg,eng ENG,MF,Sunderland,18-264,2007,11,6,378,4.2,0,0,0,0,0,0,0,0,0,0,0,0,0,Matches
407,Patrick Roberts,eng ENG,"FW,MF",Sunderland,29-032,1997,1,0,28,0.3,0,0,0,0,0,0,0,0,0,0,0,0,0,Matches
408,Andrew Robertson,sct SCO,DF,Liverpool,31-363,1994,17,5,670,7.4,0,0,0,0,0,0,0,0,0,0,0,0,0,Matches
409,Antonee Robinson,us USA,"DF,MF",Fulham,28-213,1997,13,10,894,9.9,0,0,0,0,0,0,1,0,0,0,0,0,0,Matches
410,Kaden Rodney,eng ENG,"DF,MF",Crystal Palace,21-153,2004,1,0,4,0,0,0,0,0,0,0,0,0,0,0,0,0,0,Matches
411,Joe Rodon,wls WAL,DF,Leeds United,28-138,1997,27,27,"2,365",26.3,2,0,2,2,0,0,1,0,0.08,0,0.08,0.08,0.08,Matches
412,Rodri,es ESP,MF,Manchester City,29-260,1996,17,13,"1,154",12.8,1,0,1,1,0,0,2,0,0.08,0,0.08,0.08,0.08,Matches
413,Guido Rodríguez,ar ARG,MF,West Ham United,31-331,1994,6,2,180,2,0,0,0,0,0,0,1,0,0,0,0,0,0,Matches
414,Robin Roefs,nl NED,GK,Sunderland,23-051,2003,28,28,"2,520",28,0,0,0,0,0,0,3,0,0,0,0,0,0,Matches
415,Morgan Rogers,eng ENG,"MF,FW",Aston Villa,23-226,2002,29,29,"2,587",28.7,8,5,13,8,0,0,6,0,0.28,0.17,0.45,0.28,0.45,Matches
416,Merlin Röhl,de GER,MF,Everton,23-247,2002,10,2,359,4,0,0,0,0,0,0,0,0,0,0,0,0,0,Matches
417,Cristian Romero,ar ARG,DF,Tottenham Hotspur,27-316,1998,21,20,"1,709",19,4,1,5,4,0,0,10,2,0.21,0.05,0.26,0.21,0.26,Matches
418,Georginio Rutter,fr FRA,"MF,FW",Brighton,23-323,2002,24,19,"1,595",17.7,2,2,4,2,0,0,2,0,0.11,0.11,0.23,0.11,0.23,Matches
419,José Sá,pt POR,GK,Wolves,33-051,1993,18,18,"1,620",18,0,0,0,0,0,0,1,0,0,0,0,0,0,Matches
420,Noah Sadiki,cd COD,MF,Sunderland,21-082,2004,24,24,"2,112",23.5,0,0,0,0,0,0,6,0,0,0,0,0,0,Matches
421,Bukayo Saka,eng ENG,"FW,MF",Arsenal,24-185,2001,26,21,"1,908",21.2,6,3,9,5,1,1,1,0,0.28,0.14,0.42,0.24,0.38,Matches
422,Mohamed Salah,eg EGY,"MF,FW",Liverpool,33-267,1992,21,19,"1,792",19.9,5,6,11,4,1,1,1,0,0.25,0.3,0.55,0.2,0.5,Matches
423,William Saliba,fr FRA,DF,Arsenal,24-350,2001,24,23,"1,984",22,1,0,1,1,0,0,1,0,0.05,0,0.05,0.05,0.05,Matches
424,Robert Sánchez,es ESP,GK,Chelsea,28-111,1997,27,27,"2,344",26,0,1,1,0,0,0,3,1,0,0.04,0.04,0,0.04,Matches
425,Jadon Sancho,eng ENG,MF,Aston Villa,25-349,2000,18,7,697,7.7,0,1,1,0,0,0,0,0,0,0.13,0.13,0,0.13,Matches
Rk,Player,Nation,Pos,Squad,Age,Born,MP,Starts,Min,90s,Gls,Ast,G+A,G-PK,PK,PKatt,CrdY,CrdR,Gls,Ast,G+A,G-PK,G+A-PK,Matches
426,Ibrahim Sangaré,ci CIV,MF,Nottingham Forest,28-097,1997,21,19,"1,585",17.6,2,2,4,2,0,0,4,0,0.11,0.11,0.23,0.11,0.23,Matches
427,Andrey Santos,br BRA,MF,Chelsea,21-310,2004,22,10,975,10.8,0,0,0,0,0,0,4,0,0,0,0,0,0,Matches
428,Ismaila Sarr,sn SEN,"MF,FW",Crystal Palace,28-012,1998,19,19,"1,635",18.2,7,1,8,5,2,2,2,0,0.39,0.06,0.44,0.28,0.33,Matches
429,Mamadou Sarr,sn SEN,DF,Chelsea,20-192,2005,2,1,92,1,0,0,0,0,0,0,0,0,0,0,0,0,0,Matches
430,Sávio,br BRA,MF,Manchester City,21-333,2004,17,5,573,6.4,0,1,1,0,0,0,2,0,0,0.16,0.16,0,0.16,Matches
431,Nicolò Savona,it ITA,DF,Nottingham Forest,22-355,2003,14,11,"1,028",11.4,2,0,2,2,0,0,2,0,0.18,0,0.18,0.18,0.18,Matches
432,Oliver Scarles,eng ENG,"DF,MF",West Ham United,20-087,2005,12,9,656,7.3,0,0,0,0,0,0,1,0,0,0,0,0,0,Matches
433,Dane Scarlett,eng ENG,FW,Tottenham Hotspur,21-350,2004,2,0,9,0.1,0,0,0,0,0,0,0,0,0,0,0,0,0,Matches
434,Kevin Schade,de GER,"MF,FW",Brentford,24-102,2001,26,24,"2,063",22.9,7,3,10,7,0,1,6,1,0.31,0.13,0.44,0.31,0.44,Matches
435,Fabian Schär,ch SUI,DF,Newcastle United,34-079,1991,16,11,"1,091",12.1,0,0,0,0,0,0,1,0,0,0,0,0,0,Matches
436,Alex Scott,eng ENG,MF,Bournemouth,22-200,2003,29,26,"2,130",23.7,2,1,3,2,0,0,3,0,0.08,0.04,0.13,0.08,0.13,Matches
437,Jenson Seelt,nl NED,DF,Sunderland,22-290,2003,2,1,134,1.5,0,0,0,0,0,0,0,0,0,0,0,0,0,Matches
438,Matz Sels,be BEL,GK,Nottingham Forest,34-011,1992,22,21,"1,858",20.6,0,0,0,0,0,0,2,0,0,0,0,0,0,Matches
439,Antoine Semenyo,gh GHA,MF,Bournemouth,26-061,2000,20,20,"1,798",20,10,3,13,9,1,2,6,0,0.5,0.15,0.65,0.45,0.6,Matches
440,Antoine Semenyo,gh GHA,"MF,FW",Manchester City,26-061,2000,8,8,715,7.9,5,1,6,5,0,0,0,0,0.63,0.13,0.76,0.63,0.76,Matches
441,Marcos Senesi,ar ARG,DF,Bournemouth,28-303,1997,28,28,"2,478",27.5,0,4,4,0,0,0,8,0,0,0.15,0.15,0,0.15,Matches
442,Benjamin Šeško,si SVN,FW,Manchester Utd,22-282,2003,24,13,"1,306",14.5,8,1,9,8,0,0,1,0,0.55,0.07,0.62,0.55,0.62,Matches
443,Ryan Sessegnon,eng ENG,"DF,MF",Fulham,25-295,2000,22,18,"1,610",17.9,2,1,3,2,0,0,0,0,0.11,0.06,0.17,0.11,0.17,Matches
444,Luke Shaw,eng ENG,DF,Manchester Utd,30-240,1995,29,29,"2,435",27.1,0,1,1,0,0,0,5,0,0,0.04,0.04,0,0.04,Matches
445,Bernardo Silva,pt POR,MF,Manchester City,31-211,1994,29,25,"2,171",24.1,1,4,5,1,0,0,8,0,0.04,0.17,0.21,0.04,0.21,Matches
446,Jota Silva,pt POR,FW,Nottingham Forest,26-220,1999,1,0,12,0.1,0,0,0,0,0,0,0,0,0,0,0,0,0,Matches
447,Xavi Simons,nl NED,"MF,FW",Tottenham Hotspur,22-322,2003,23,17,"1,538",17.1,1,4,5,1,0,0,4,1,0.06,0.23,0.29,0.06,0.29,Matches
448,Adam Smith,eng ENG,DF,Bournemouth,34-314,1991,16,10,730,8.1,0,1,1,0,0,0,2,0,0,0.12,0.12,0,0.12,Matches
449,Emile Smith Rowe,eng ENG,MF,Fulham,25-224,2000,29,16,"1,457",16.2,3,0,3,3,0,0,1,0,0.19,0,0.19,0.19,0.19,Matches
450,Dominic Solanke,eng ENG,FW,Tottenham Hotspur,28-176,1997,10,6,602,6.7,3,0,3,3,0,0,1,0,0.45,0,0.45,0.45,0.45,Matches
Rk,Player,Nation,Pos,Squad,Age,Born,MP,Starts,Min,90s,Gls,Ast,G+A,G-PK,PK,PKatt,CrdY,CrdR,Gls,Ast,G+A,G-PK,G+A-PK,Matches
451,Julio Soler,ar ARG,DF,Bournemouth,21-021,2005,3,0,35,0.4,0,0,0,0,0,0,0,0,0,0,0,0,0,Matches
452,Oliver Sonne,pe PER,DF,Burnley,25-119,2000,7,1,169,1.9,1,0,1,1,0,0,0,0,0.53,0,0.53,0.53,0.53,Matches
453,Borna Sosa,hr CRO,"DF,MF",Crystal Palace,28-047,1998,5,0,55,0.6,0,0,0,0,0,0,0,0,0,0,0,0,0,Matches
454,Tomáš Souček,cz CZE,MF,West Ham United,31-010,1995,26,15,"1,426",15.8,4,0,4,4,0,0,2,1,0.25,0,0.25,0.25,0.25,Matches
455,Souza,br BRA,MF,Tottenham Hotspur,19-266,2006,3,1,89,1,0,0,0,0,0,0,1,0,0,0,0,0,0,Matches
456,Djed Spence,eng ENG,"DF,MF",Tottenham Hotspur,25-212,2000,22,19,"1,688",18.8,0,0,0,0,0,0,4,0,0,0,0,0,0,Matches
457,Anton Stach,de GER,MF,Leeds United,27-114,1998,24,23,"1,956",21.7,4,3,7,4,0,0,3,0,0.18,0.14,0.32,0.18,0.32,Matches
458,John Stones,eng ENG,DF,Manchester City,31-285,1994,7,4,353,3.9,0,0,0,0,0,0,0,0,0,0,0,0,0,Matches
459,Jørgen Strand Larsen,no NOR,FW,Crystal Palace,26-031,2000,5,5,407,4.5,3,0,3,3,0,0,2,0,0.66,0,0.66,0.66,0.66,Matches
460,Jørgen Strand Larsen,no NOR,FW,Wolves,26-031,2000,22,14,"1,404",15.6,1,1,2,0,1,2,2,0,0.06,0.06,0.13,0,0.06,Matches
461,Pascal Struijk,nl NED,DF,Leeds United,26-210,1999,26,25,"2,259",25.1,0,1,1,0,0,0,3,0,0,0.04,0.04,0,0.04,Matches
462,Crysencio Summerville,nl NED,"MF,FW",West Ham United,24-130,2001,24,22,"1,856",20.6,5,1,6,5,0,0,4,0,0.24,0.05,0.29,0.24,0.29,Matches
463,Dominik Szoboszlai,hu HUN,"MF,DF",Liverpool,25-135,2000,27,27,"2,421",26.9,4,3,7,4,0,1,6,1,0.15,0.11,0.26,0.15,0.26,Matches
464,Jocelin Ta Bi,ci CIV,MF,Sunderland,21-028,2005,1,1,38,0.4,0,0,0,0,0,0,0,0,0,0,0,0,0,Matches
465,Chemsdine Talbi,ma MAR,"MF,FW",Sunderland,20-304,2005,21,12,"1,152",12.8,3,1,4,3,0,0,0,0,0.23,0.08,0.31,0.23,0.31,Matches
466,Ao Tanaka,jp JPN,MF,Leeds United,27-180,1998,20,7,746,8.3,2,0,2,2,0,0,1,0,0.24,0,0.24,0.24,0.24,Matches
467,James Tarkowski,eng ENG,DF,Everton,33-110,1992,29,29,"2,610",29,1,1,2,1,0,0,5,0,0.03,0.03,0.07,0.03,0.07,Matches
468,Marcus Tavernier,eng ENG,MF,Bournemouth,26-352,1999,25,22,"1,942",21.6,5,4,9,3,2,2,4,0,0.23,0.19,0.42,0.14,0.32,Matches
469,Loum Tchaouna,fr FRA,"MF,FW",Burnley,22-182,2003,22,9,854,9.5,1,0,1,1,0,0,1,0,0.11,0,0.11,0.11,0.11,Matches
470,Jackson Tchatchoua,cm CMR,"MF,DF",Wolves,24-176,2001,27,16,"1,615",17.9,0,1,1,0,0,0,3,0,0,0.06,0.06,0,0.06,Matches
471,Mathys Tel,fr FRA,"MF,FW",Tottenham Hotspur,20-316,2005,22,7,766,8.5,3,0,3,3,0,0,0,0,0.35,0,0.35,0.35,0.35,Matches
472,Kenny Tete,nl NED,DF,Fulham,30-151,1995,21,20,"1,701",18.9,1,0,1,1,0,0,2,0,0.05,0,0.05,0.05,0.05,Matches
473,Thiago,br BRA,FW,Brentford,24-256,2001,29,28,"2,472",27.5,18,1,19,12,6,7,6,0,0.66,0.04,0.69,0.44,0.47,Matches
474,Malick Thiaw,de GER,DF,Newcastle United,24-213,2001,26,25,"2,208",24.5,4,0,4,4,0,0,3,0,0.16,0,0.16,0.16,0.16,Matches
475,Youri Tielemans,be BEL,MF,Aston Villa,28-306,1997,17,15,"1,298",14.4,0,4,4,0,0,0,0,0,0,0.28,0.28,0,0.28,Matches
Rk,Player,Nation,Pos,Squad,Age,Born,MP,Starts,Min,90s,Gls,Ast,G+A,G-PK,PK,PKatt,CrdY,CrdR,Gls,Ast,G+A,G-PK,G+A-PK,Matches
476,Jurriën Timber,nl NED,DF,Arsenal,24-265,2001,29,27,"2,417",26.9,3,5,8,3,0,0,5,0,0.11,0.19,0.3,0.11,0.3,Matches
477,Jean-Clair Todibo,fr FRA,DF,West Ham United,26-069,1999,19,19,"1,608",17.9,0,1,1,0,0,0,4,1,0,0.06,0.06,0,0.06,Matches
478,Sandro Tonali,it ITA,MF,Newcastle United,25-305,2000,29,25,"2,038",22.6,0,2,2,0,0,0,3,0,0,0.09,0.09,0,0.09,Matches
479,Pau Torres,es ESP,DF,Aston Villa,29-052,1997,16,14,"1,298",14.4,0,0,0,0,0,0,0,0,0,0,0,0,0,Matches
480,Alex Tóth,hu HUN,MF,Bournemouth,20-137,2005,4,1,74,0.8,0,0,0,0,0,0,1,0,0,0,0,0,0,Matches
481,James Trafford,eng ENG,GK,Manchester City,23-150,2002,3,3,270,3,0,0,0,0,0,0,0,0,0,0,0,0,0,Matches
482,Adama Traoré,es ESP,"FW,MF",West Ham United,30-043,1996,5,0,30,0.3,0,0,0,0,0,0,1,0,0,0,0,0,0,Matches
483,Adama Traoré,es ESP,MF,Fulham,30-043,1996,15,1,274,3,0,0,0,0,0,0,0,0,0,0,0,0,0,Matches
484,Bertrand Traoré,bf BFA,"MF,FW",Sunderland,30-184,1995,12,9,632,7,1,0,1,1,0,0,1,0,0.14,0,0.14,0.14,0.14,Matches
485,Mike Trésor,be BEL,"FW,MF",Burnley,26-285,1999,4,0,23,0.3,0,0,0,0,0,0,0,0,0,0,0,0,0,Matches
486,Kieran Trippier,eng ENG,DF,Newcastle United,35-171,1990,17,16,"1,392",15.5,0,1,1,0,0,0,3,0,0,0.06,0.06,0,0.06,Matches
487,Leandro Trossard,be BEL,"FW,MF",Arsenal,31-095,1994,26,18,"1,677",18.6,5,5,10,5,0,0,1,0,0.27,0.27,0.54,0.27,0.54,Matches
488,Adrien Truffert,fr FRA,DF,Bournemouth,24-109,2001,29,29,"2,569",28.5,0,2,2,0,0,0,3,0,0,0.07,0.07,0,0.07,Matches
489,Axel Tuanzebe,cd COD,DF,Burnley,28-115,1997,11,11,931,10.3,1,0,1,1,0,0,1,0,0.1,0,0.1,0.1,0.1,Matches
490,Stefanos Tzimas,gr GRE,FW,Brighton,20-062,2006,9,1,139,1.5,1,1,2,1,0,0,0,0,0.65,0.65,1.29,0.65,1.29,Matches
491,Christantus Uche,ng NGA,FW,Crystal Palace,22-294,2003,14,0,173,1.9,0,0,0,0,0,0,0,0,0,0,0,0,0,Matches
492,Destiny Udogie,it ITA,"DF,MF",Tottenham Hotspur,23-101,2002,13,8,798,8.9,0,1,1,0,0,0,2,0,0,0.11,0.11,0,0.11,Matches
493,Manuel Ugarte,uy URU,MF,Manchester Utd,24-332,2001,19,7,787,8.7,0,0,0,0,0,0,1,0,0,0,0,0,0,Matches
494,Lesley Ugochukwu,fr FRA,MF,Burnley,21-348,2004,28,22,"1,897",21.1,3,1,4,3,0,0,3,1,0.14,0.05,0.19,0.14,0.19,Matches
495,Enes Ünal,tr TUR,FW,Bournemouth,28-303,1997,16,0,182,2,1,0,1,1,0,0,1,0,0.49,0,0.49,0.49,0.49,Matches
496,Hákon Valdimarsson,is ISL,GK,Brentford,24-147,2001,1,1,90,1,0,0,0,0,0,0,0,0,0,0,0,0,0,Matches
497,Virgil van Dijk,nl NED,DF,Liverpool,34-244,1991,29,29,"2,610",29,3,0,3,3,0,0,4,0,0.1,0,0.1,0.1,0.1,Matches
498,Joël Veltman,nl NED,DF,Brighton,34-053,1992,17,8,848,9.4,1,0,1,1,0,0,4,0,0.11,0,0.11,0.11,0.11,Matches
499,Micky van de Ven,nl NED,DF,Tottenham Hotspur,24-324,2001,27,27,"2,366",26.3,4,1,5,4,0,0,7,1,0.15,0.04,0.19,0.15,0.19,Matches
500,Bart Verbruggen,nl NED,GK,Brighton,23-203,2002,29,29,"2,610",29,0,0,0,0,0,0,3,0,0,0,0,0,0,Matches
Rk,Player,Nation,Pos,Squad,Age,Born,MP,Starts,Min,90s,Gls,Ast,G+A,G-PK,PK,PKatt,CrdY,CrdR,Gls,Ast,G+A,G-PK,G+A-PK,Matches
501,Guglielmo Vicario,it ITA,GK,Tottenham Hotspur,29-153,1996,29,29,"2,610",29,0,0,0,0,0,0,1,0,0,0,0,0,0,Matches
502,Rayan Vitor,br BRA,MF,Bournemouth,19-218,2006,6,5,451,5,2,1,3,2,0,0,1,0,0.4,0.2,0.6,0.4,0.6,Matches
503,Kyle Walker,eng ENG,"DF,MF",Burnley,35-285,1990,27,27,"2,371",26.3,0,2,2,0,0,0,8,0,0,0.08,0.08,0,0.08,Matches
504,Kyle Walker-Peters,eng ENG,DF,West Ham United,28-330,1997,18,10,959,10.7,1,0,1,1,0,0,2,0,0.09,0,0.09,0.09,0.09,Matches
505,Aaron Wan-Bissaka,cd COD,"DF,MF",West Ham United,28-103,1997,20,19,"1,731",19.2,0,2,2,0,0,0,3,0,0,0.1,0.1,0,0.1,Matches
506,James Ward-Prowse,eng ENG,MF,West Ham United,31-128,1994,5,5,413,4.6,0,0,0,0,0,0,0,0,0,0,0,0,0,Matches
507,James Ward-Prowse,eng ENG,MF,Burnley,31-128,1994,4,1,150,1.7,0,1,1,0,0,0,0,0,0,0.6,0.6,0,0.6,Matches
508,Ollie Watkins,eng ENG,FW,Aston Villa,30-069,1995,28,25,"2,148",23.9,8,1,9,8,0,0,2,0,0.34,0.04,0.38,0.34,0.38,Matches
509,Tom Watson,eng ENG,MF,Brighton,19-335,2006,6,0,62,0.7,0,0,0,0,0,0,1,0,0,0,0,0,0,Matches
510,Danny Welbeck,eng ENG,FW,Brighton,35-103,1990,28,18,"1,655",18.4,10,0,10,9,1,3,4,0,0.54,0,0.54,0.49,0.49,Matches
511,Adam Wharton,eng ENG,MF,Crystal Palace,22-031,2004,26,26,"2,132",23.7,0,5,5,0,0,0,6,1,0,0.21,0.21,0,0.21,Matches
512,Ben White,eng ENG,DF,Arsenal,28-152,1997,7,5,411,4.6,0,1,1,0,0,0,0,0,0,0.22,0.22,0,0.22,Matches
513,Mats Wieffer,nl NED,DF,Brighton,26-113,1999,19,16,"1,391",15.5,0,3,3,0,0,0,6,0,0,0.19,0.19,0,0.19,Matches
514,Neco Williams,wls WAL,DF,Nottingham Forest,24-330,2001,28,28,"2,438",27.1,1,1,2,1,0,0,4,1,0.04,0.04,0.07,0.04,0.07,Matches
515,Estêvão Willian,br BRA,"MF,FW",Chelsea,18-319,2007,19,10,746,8.3,2,2,4,2,0,0,3,0,0.24,0.24,0.48,0.24,0.48,Matches
516,Joe Willock,eng ENG,MF,Newcastle United,26-201,1999,18,6,601,6.7,0,0,0,0,0,0,3,0,0,0,0,0,0,Matches
517,Callum Wilson,eng ENG,"FW,MF",West Ham United,34-010,1992,24,10,"1,004",11.2,5,1,6,5,0,0,0,0,0.45,0.09,0.54,0.45,0.54,Matches
518,Harry Wilson,wls WAL,MF,Fulham,28-352,1997,27,25,"2,084",23.2,9,6,15,9,0,0,6,0,0.39,0.26,0.65,0.39,0.65,Matches
519,Ben Winterburn,eng ENG,MF,Bournemouth,21-186,2004,1,0,7,0.1,0,0,0,0,0,0,0,0,0,0,0,0,0,Matches
520,Florian Wirtz,de GER,MF,Liverpool,22-310,2003,25,21,"1,851",20.6,4,2,6,4,0,0,1,0,0.19,0.1,0.29,0.19,0.29,Matches
521,Yoane Wissa,cd COD,FW,Newcastle United,29-187,1996,12,4,429,4.8,1,0,1,1,0,0,1,0,0.21,0,0.21,0.21,0.21,Matches
522,Nick Woltemade,de GER,FW,Newcastle United,24-023,2002,25,19,"1,534",17,7,2,9,6,1,1,0,0,0.41,0.12,0.53,0.35,0.47,Matches
523,Chris Wood,nz NZL,FW,Nottingham Forest,34-092,1991,8,7,540,6,2,0,2,2,0,0,0,0,0.33,0,0.33,0.33,0.33,Matches
524,Joe Worrall,eng ENG,DF,Burnley,29-058,1997,10,5,483,5.4,0,0,0,0,0,0,0,0,0,0,0,0,0,Matches
525,Granit Xhaka,ch SUI,MF,Sunderland,33-163,1992,25,23,"2,094",23.3,1,5,6,1,0,0,4,0,0.04,0.21,0.26,0.04,0.26,Matches
Rk,Player,Nation,Pos,Squad,Age,Born,MP,Starts,Min,90s,Gls,Ast,G+A,G-PK,PK,PKatt,CrdY,CrdR,Gls,Ast,G+A,G-PK,G+A-PK,Matches
526,Yehor Yarmoliuk,ua UKR,MF,Brentford,22-008,2004,29,23,"2,020",22.4,1,2,3,1,0,0,7,0,0.04,0.09,0.13,0.04,0.13,Matches
527,Ryan Yates,eng ENG,MF,Nottingham Forest,28-108,1997,14,1,377,4.2,0,1,1,0,0,0,1,0,0,0.24,0.24,0,0.24,Matches
528,Leny Yoro,fr FRA,DF,Manchester Utd,20-116,2005,26,15,"1,435",15.9,0,0,0,0,0,0,0,0,0,0,0,0,0,Matches
529,Oleksandr Zinchenko,ua UKR,DF,Nottingham Forest,29-084,1996,5,4,353,3.9,0,0,0,0,0,0,0,0,0,0,0,0,0,Matches
530,Joshua Zirkzee,nl NED,"FW,MF",Manchester Utd,24-291,2001,18,4,523,5.8,2,1,3,2,0,0,1,0,0.34,0.17,0.52,0.34,0.52,Matches
531,Martín Zubimendi,es ESP,MF,Arsenal,27-035,1999,30,29,"2,523",28,5,1,6,5,0,0,4,0,0.18,0.04,0.21,0.18,0.21,Matches
532,Martin Ødegaard,no NOR,MF,Arsenal,27-082,1998,20,13,"1,076",12,1,5,6,1,0,0,0,0,0.08,0.42,0.5,0.08,0.5,Matches