Rk,Player,Nation,Pos,Squad,Age,Weekly Wages,Annual Wages,Notes
1,Erling Haaland,no NOR,FW,Manchester City,25,"£525,000","£ 27,300,000 (€ 31,495,158, $36,679,453)",
2,Mohamed Salah,eg EGY,"MF,FW",Liverpool,33,"£400,000","£ 20,800,000 (€ 23,996,311, $27,946,250)",
3,Casemiro,br BRA,MF,Manchester Utd,33,"£350,000","£ 18,200,000 (€ 20,996,772, $24,452,968)",
4,Virgil van Dijk,nl NED,DF,Liverpool,34,"£350,000","£ 18,200,000 (€ 20,996,772, $24,452,968)",
5,Raheem Sterling,eng ENG,RW,Chelsea,30,"£325,000","£ 16,900,000 (€ 19,497,002, $22,706,328)",
6,Bruno Fernandes,pt POR,MF,Manchester Utd,30,"£300,000","£ 15,600,000 (€ 17,997,233, $20,959,687)",
7,Bernardo Silva,pt POR,MF,Manchester City,30,"£300,000","£ 15,600,000 (€ 17,997,233, $20,959,687)",
8,Omar Marmoush,eg EGY,"FW,MF",Manchester City,26,"£295,000","£ 15,340,000 (€ 17,697,279, $20,610,359)",
9,Kai Havertz,de GER,MF,Arsenal,26,"£280,000","£ 14,560,000 (€ 16,797,417, $19,562,375)",
10,Alexander Isak,se SWE,FW,Liverpool,25,"£280,000","£ 14,560,000 (€ 16,797,417, $19,562,375)",
11,Gabriel Jesus,br BRA,FW,Arsenal,28,"£265,000","£ 13,780,000 (€ 15,897,556, $18,514,390)",
12,William Saliba,fr FRA,DF,Arsenal,24,"£250,000","£ 13,000,000 (€ 14,997,694, $17,466,406)",
13,Cody Gakpo,nl NED,"MF,FW",Liverpool,26,"£250,000","£ 13,000,000 (€ 14,997,694, $17,466,406)",Unverified estimation
14,Gianluigi Donnarumma,it ITA,GK,Manchester City,26,"£250,000","£ 13,000,000 (€ 14,997,694, $17,466,406)",
15,John Stones,eng ENG,DF,Manchester City,31,"£250,000","£ 13,000,000 (€ 14,997,694, $17,466,406)",
16,Rúben Dias,pt POR,DF,Manchester City,28,"£250,000","£ 13,000,000 (€ 14,997,694, $17,466,406)",Unverified estimation
17,Reece James,eng ENG,"DF,MF",Chelsea,25,"£250,000","£ 13,000,000 (€ 14,997,694, $17,466,406)",
18,Declan Rice,eng ENG,MF,Arsenal,26,"£240,000","£ 12,480,000 (€ 14,397,786, $16,767,750)",
19,Martin Ødegaard,no NOR,MF,Arsenal,26,"£240,000","£ 12,480,000 (€ 14,397,786, $16,767,750)",
20,Tijjani Reijnders,nl NED,MF,Manchester City,27,"£230,000","£ 11,960,000 (€ 13,797,879, $16,069,093)",
21,Phil Foden,eng ENG,MF,Manchester City,25,"£225,000","£ 11,700,000 (€ 13,497,925, $15,719,765)",
22,Rodri,es ESP,MF,Manchester City,29,"£220,000","£ 11,440,000 (€ 13,197,971, $15,370,437)",
23,Viktor Gyökeres,se SWE,FW,Arsenal,27,"£200,000","£ 10,400,000 (€ 11,998,155, $13,973,125)",Unverified estimation
24,Florian Wirtz,de GER,MF,Liverpool,22,"£200,000","£ 10,400,000 (€ 11,998,155, $13,973,125)",
25,Hugo Ekitike,fr FRA,FW,Liverpool,23,"£200,000","£ 10,400,000 (€ 11,998,155, $13,973,125)",
26,Joško Gvardiol,hr CRO,DF,Manchester City,23,"£200,000","£ 10,400,000 (€ 11,998,155, $13,973,125)",Unverified estimation
27,Wesley Fofana,fr FRA,DF,Chelsea,24,"£200,000","£ 10,400,000 (€ 11,998,155, $13,973,125)",
28,Bukayo Saka,eng ENG,"FW,MF",Arsenal,23,"£195,000","£ 10,140,000 (€ 11,698,201, $13,623,797)",
29,Matthijs de Ligt,nl NED,DF,Manchester Utd,25,"£195,000","£ 10,140,000 (€ 11,698,201, $13,623,797)",
30,Cristian Romero,ar ARG,DF,Tottenham Hotspur,27,"£195,000","£ 10,140,000 (€ 11,698,201, $13,623,797)",
Rk,Player,Nation,Pos,Squad,Age,#VALUE!,Annual Wages,Notes
31,Xavi Simons,nl NED,"MF,FW",Tottenham Hotspur,22,"£195,000","£ 10,140,000 (€ 11,698,201, $13,623,797)",
32,Harry Maguire,eng ENG,DF,Manchester Utd,32,"£190,000","£ 9,880,000 (€ 11,398,248, $13,274,469)",
33,Eberechi Eze,eng ENG,"MF,FW",Arsenal,27,"£180,000","£ 9,360,000 (€ 10,798,340, $12,575,812)",Unverified estimation
34,Gabriel Martinelli,br BRA,"FW,MF",Arsenal,24,"£180,000","£ 9,360,000 (€ 10,798,340, $12,575,812)",
35,Leandro Trossard,be BEL,"FW,MF",Arsenal,30,"£180,000","£ 9,360,000 (€ 10,798,340, $12,575,812)",Unverified estimation
36,Matheus Cunha,br BRA,"MF,FW",Manchester Utd,26,"£180,000","£ 9,360,000 (€ 10,798,340, $12,575,812)",
37,Rayan Cherki,fr FRA,MF,Manchester City,21,"£180,000","£ 9,360,000 (€ 10,798,340, $12,575,812)",Unverified estimation
38,Enzo Fernández,ar ARG,MF,Chelsea,24,"£180,000","£ 9,360,000 (€ 10,798,340, $12,575,812)",
39,Marc Cucurella,es ESP,DF,Chelsea,27,"£175,000","£ 9,100,000 (€ 10,498,386, $12,226,484)",
40,James Maddison,eng ENG,AM,Tottenham Hotspur,28,"£170,000","£ 8,840,000 (€ 10,198,432, $11,877,156)",
41,Conor Gallagher,eng ENG,MF,Tottenham Hotspur,25,"£160,000","£ 8,320,000 (€ 9,638,482, $11,384,211)",Unverified estimation
42,Benjamin Šeško,si SVN,FW,Manchester Utd,22,"£160,000","£ 8,320,000 (€ 9,598,524, $11,178,500)",
43,Andrew Robertson,sct SCO,DF,Liverpool,31,"£160,000","£ 8,320,000 (€ 9,598,524, $11,178,500)",
44,Bruno Guimarães,br BRA,MF,Newcastle United,27,"£160,000","£ 8,320,000 (€ 9,598,524, $11,178,500)",
45,Nathan Aké,nl NED,DF,Manchester City,30,"£160,000","£ 8,320,000 (€ 9,598,524, $11,178,500)",
46,Pedro Neto,pt POR,MF,Chelsea,25,"£160,000","£ 8,320,000 (€ 9,598,524, $11,178,500)",Unverified estimation
47,Ben White,eng ENG,DF,Arsenal,27,"£150,000","£ 7,800,000 (€ 8,998,616, $10,479,844)",Unverified estimation
48,Gabriel Magalhães,br BRA,DF,Arsenal,27,"£150,000","£ 7,800,000 (€ 8,998,616, $10,479,844)",Unverified estimation
49,Noni Madueke,eng ENG,"FW,MF",Arsenal,23,"£150,000","£ 7,800,000 (€ 8,998,616, $10,479,844)",Unverified estimation
50,Bryan Mbeumo,cm CMR,"MF,FW",Manchester Utd,25,"£150,000","£ 7,800,000 (€ 8,998,616, $10,479,844)",
51,Luke Shaw,eng ENG,DF,Manchester Utd,30,"£150,000","£ 7,800,000 (€ 8,998,616, $10,479,844)",
52,Mason Mount,eng ENG,MF,Manchester Utd,26,"£150,000","£ 7,800,000 (€ 8,998,616, $10,479,844)",
53,Mohammed Kudus,gh GHA,"MF,FW",Tottenham Hotspur,24,"£150,000","£ 7,800,000 (€ 8,998,616, $10,479,844)",Unverified estimation
54,Randal Kolo Muani,fr FRA,"FW,MF",Tottenham Hotspur,26,"£150,000","£ 7,800,000 (€ 8,998,616, $10,479,844)",
55,Jarrod Bowen,eng ENG,"MF,FW",West Ham United,28,"£150,000","£ 7,800,000 (€ 8,998,616, $10,479,844)",
56,Lucas Paquetá,br BRA,"MF,FW",West Ham United,27,"£150,000","£ 7,800,000 (€ 8,998,616, $10,479,844)",
57,Alexis Mac Allister,ar ARG,MF,Liverpool,26,"£150,000","£ 7,800,000 (€ 8,998,616, $10,479,844)",Unverified estimation
58,Alisson,br BRA,GK,Liverpool,32,"£150,000","£ 7,800,000 (€ 8,998,616, $10,479,844)",
59,Federico Chiesa,it ITA,MF,Liverpool,27,"£150,000","£ 7,800,000 (€ 8,998,616, $10,479,844)",
60,Ryan Gravenberch,nl NED,MF,Liverpool,23,"£150,000","£ 7,800,000 (€ 8,998,616, $10,479,844)",Unverified estimation
Rk,Player,Nation,Pos,Squad,Age,#VALUE!,Annual Wages,Notes
61,Boubacar Kamara,fr FRA,MF,Aston Villa,25,"£150,000","£ 7,800,000 (€ 8,998,616, $10,479,844)",Unverified estimation
62,Emiliano Martínez,ar ARG,GK,Aston Villa,32,"£150,000","£ 7,800,000 (€ 8,998,616, $10,479,844)",Unverified estimation
63,Morgan Rogers,eng ENG,"MF,FW",Aston Villa,23,"£150,000","£ 7,800,000 (€ 8,998,616, $10,479,844)",Unverified estimation
64,Youri Tielemans,be BEL,MF,Aston Villa,28,"£150,000","£ 7,800,000 (€ 8,998,616, $10,479,844)",
65,Anthony Gordon,eng ENG,FW,Newcastle United,24,"£150,000","£ 7,800,000 (€ 8,998,616, $10,479,844)",Unverified estimation
66,Joelinton,br BRA,MF,Newcastle United,28,"£150,000","£ 7,800,000 (€ 8,998,616, $10,479,844)",Unverified estimation
67,Sandro Tonali,it ITA,MF,Newcastle United,25,"£150,000","£ 7,800,000 (€ 8,998,616, $10,479,844)",
68,Kalvin Phillips,eng ENG,DM,Manchester City,29,"£150,000","£ 7,800,000 (€ 8,998,616, $10,479,844)",
69,Mateo Kovačić,hr CRO,MF,Manchester City,31,"£150,000","£ 7,800,000 (€ 8,998,616, $10,479,844)",Unverified estimation
70,Moisés Caicedo,ec ECU,MF,Chelsea,23,"£150,000","£ 7,800,000 (€ 8,998,616, $10,479,844)",
71,Jordan Pickford,eng ENG,GK,Everton,31,"£150,000","£ 7,800,000 (€ 8,998,616, $10,479,844)",Unverified estimation
72,Tammy Abraham,eng ENG,FW,Aston Villa,27,"£140,000","£ 7,280,000 (€ 8,433,672, $9,961,185)",Unverified estimation
73,Dominic Solanke,eng ENG,FW,Tottenham Hotspur,27,"£140,000","£ 7,280,000 (€ 8,398,709, $9,781,187)",Unverified estimation
74,Amadou Onana,be BEL,MF,Aston Villa,23,"£140,000","£ 7,280,000 (€ 8,398,709, $9,781,187)",Unverified estimation
75,Donyell Malen,nl NED,"FW,MF",Aston Villa,26,"£140,000","£ 7,280,000 (€ 8,398,709, $9,781,187)",
76,Yoane Wissa,cd COD,FW,Newcastle United,28,"£140,000","£ 7,280,000 (€ 8,398,709, $9,781,187)",Unverified estimation
77,João Palhinha,pt POR,"MF,DF",Tottenham Hotspur,30,"£135,000","£ 7,020,000 (€ 8,132,469, $9,605,428)",Unverified estimation
78,Noussair Mazraoui,ma MAR,"MF,DF",Manchester Utd,27,"£135,000","£ 7,020,000 (€ 8,098,755, $9,431,859)",Unverified estimation
79,Lucas Digne,fr FRA,DF,Aston Villa,32,"£135,000","£ 7,020,000 (€ 8,098,755, $9,431,859)",
80,Nick Woltemade,de GER,FW,Newcastle United,23,"£132,500","£ 6,890,000 (€ 7,948,778, $9,257,195)",
81,Mikel Merino,es ESP,"MF,FW",Arsenal,29,"£130,000","£ 6,760,000 (€ 7,798,801, $9,082,531)",Unverified estimation
82,John McGinn,sct SCO,MF,Aston Villa,30,"£130,000","£ 6,760,000 (€ 7,798,801, $9,082,531)",Unverified estimation
83,Ollie Watkins,eng ENG,FW,Aston Villa,29,"£130,000","£ 6,760,000 (€ 7,798,801, $9,082,531)",Unverified estimation
84,Matheus Nunes,pt POR,DF,Manchester City,26,"£130,000","£ 6,760,000 (€ 7,798,801, $9,082,531)",Unverified estimation
85,Cole Palmer,eng ENG,"MF,FW",Chelsea,23,"£130,000","£ 6,760,000 (€ 7,798,801, $9,082,531)",
86,Bernd Leno,de GER,GK,Fulham,33,"£130,000","£ 6,760,000 (€ 7,798,801, $9,082,531)",
87,João Pedro,br BRA,"FW,MF",Chelsea,23,"£125,000","£ 6,500,000 (€ 7,498,847, $8,733,203)",Unverified estimation
88,Jørgen Strand Larsen,no NOR,FW,Crystal Palace,25,"£120,000","£ 6,240,000 (€ 7,228,861, $8,538,158)",Unverified estimation
89,Leon Bailey,jm JAM,MF,Aston Villa,27,"£120,000","£ 6,240,000 (€ 7,228,861, $8,538,158)",Unverified estimation
90,Samuel Chukwueze,ng NGA,MF,Fulham,26,"£120,000","£ 6,240,000 (€ 7,228,861, $8,538,158)",Unverified estimation
Rk,Player,Nation,Pos,Squad,Age,#VALUE!,Annual Wages,Notes
91,Riccardo Calafiori,it ITA,DF,Arsenal,23,"£120,000","£ 6,240,000 (€ 7,198,893, $8,383,875)",
92,Amad Diallo,ci CIV,MF,Manchester Utd,23,"£120,000","£ 6,240,000 (€ 7,198,893, $8,383,875)",
93,Lisandro Martínez,ar ARG,DF,Manchester Utd,27,"£120,000","£ 6,240,000 (€ 7,198,893, $8,383,875)",
94,Manuel Ugarte,uy URU,MF,Manchester Utd,24,"£120,000","£ 6,240,000 (€ 7,198,893, $8,383,875)",Unverified estimation
95,Alphonse Areola,fr FRA,GK,West Ham United,32,"£120,000","£ 6,240,000 (€ 7,198,893, $8,383,875)",
96,Dominik Szoboszlai,hu HUN,"MF,DF",Liverpool,24,"£120,000","£ 6,240,000 (€ 7,198,893, $8,383,875)",
97,Victor Lindelöf,se SWE,DF,Aston Villa,31,"£120,000","£ 6,240,000 (€ 7,198,893, $8,383,875)",Unverified estimation
98,Aaron Ramsdale,eng ENG,GK,Newcastle United,27,"£120,000","£ 6,240,000 (€ 7,198,893, $8,383,875)",Unverified estimation
99,Jacob Ramsey,eng ENG,MF,Newcastle United,24,"£120,000","£ 6,240,000 (€ 7,198,893, $8,383,875)",Unverified estimation
100,Kieran Trippier,eng ENG,DF,Newcastle United,34,"£120,000","£ 6,240,000 (€ 7,198,893, $8,383,875)",Unverified estimation
101,Rayan Aït-Nouri,dz ALG,DF,Manchester City,24,"£120,000","£ 6,240,000 (€ 7,198,893, $8,383,875)",Unverified estimation
102,Jorrel Hato,nl NED,DF,Chelsea,19,"£120,000","£ 6,240,000 (€ 7,198,893, $8,383,875)",
103,Tosin Adarabioyo,eng ENG,DF,Chelsea,27,"£120,000","£ 6,240,000 (€ 7,198,893, $8,383,875)",
104,Idrissa Gana Gueye,sn SEN,MF,Everton,35,"£120,000","£ 6,240,000 (€ 7,198,893, $8,383,875)",Unverified estimation
105,James Tarkowski,eng ENG,DF,Everton,32,"£120,000","£ 6,240,000 (€ 7,198,893, $8,383,875)",Unverified estimation
106,Jarrad Branthwaite,eng ENG,DF,Everton,23,"£120,000","£ 6,240,000 (€ 7,198,893, $8,383,875)",Unverified estimation
107,Leny Yoro,fr FRA,DF,Manchester Utd,19,"£115,000","£ 5,980,000 (€ 6,898,939, $8,034,547)",
108,James Ward-Prowse,eng ENG,MF,West Ham United,30,"£115,000","£ 5,980,000 (€ 6,898,939, $8,034,547)",Unverified estimation
109,Dejan Kulusevski,se SWE,AM,Tottenham Hotspur,25,"£110,000","£ 5,720,000 (€ 6,598,985, $7,685,219)",
110,Tyrone Mings,eng ENG,DF,Aston Villa,32,"£110,000","£ 5,720,000 (€ 6,598,985, $7,685,219)",Unverified estimation
111,Granit Xhaka,ch SUI,MF,Sunderland,32,"£110,000","£ 5,720,000 (€ 6,598,985, $7,685,219)",Unverified estimation
112,Alejandro Garnacho,ar ARG,MF,Chelsea,21,"£110,000","£ 5,720,000 (€ 6,598,985, $7,685,219)",Unverified estimation
113,Morgan Gibbs-White,eng ENG,"MF,FW",Nottingham Forest,25,"£110,000","£ 5,720,000 (€ 6,598,985, $7,685,219)",Unverified estimation
114,Jamie Gittens,eng ENG,MF,Chelsea,20,"£108,000","£ 5,616,000 (€ 6,479,004, $7,545,487)",
115,Joshua Zirkzee,nl NED,"FW,MF",Manchester Utd,24,"£105,000","£ 5,460,000 (€ 6,299,032, $7,335,891)",
116,Daichi Kamada,jp JPN,MF,Crystal Palace,28,"£105,000","£ 5,460,000 (€ 6,299,032, $7,335,891)",
117,João Gomes,br BRA,MF,Wolves,24,"£105,000","£ 5,460,000 (€ 6,299,032, $7,335,891)",Unverified estimation
118,Nikola Milenković,rs SRB,DF,Nottingham Forest,27,"£105,000","£ 5,460,000 (€ 6,299,032, $7,335,891)",
119,David Raya,es ESP,GK,Arsenal,29,"£100,000","£ 5,200,000 (€ 5,999,078, $6,986,562)",Unverified estimation
120,Brennan Johnson,wls WAL,"MF,FW",Tottenham Hotspur,24,"£100,000","£ 5,200,000 (€ 5,999,078, $6,986,562)",Unverified estimation
Rk,Player,Nation,Pos,Squad,Age,#VALUE!,Annual Wages,Notes
121,Dean Henderson,eng ENG,GK,Crystal Palace,28,"£100,000","£ 5,200,000 (€ 5,999,078, $6,986,562)",Unverified estimation
122,Dominic Calvert-Lewin,eng ENG,FW,Leeds United,28,"£100,000","£ 5,200,000 (€ 5,999,078, $6,986,562)",Unverified estimation
123,Max Kilman,eng ENG,DF,West Ham United,28,"£100,000","£ 5,200,000 (€ 5,999,078, $6,986,562)",Unverified estimation
124,Jeremie Frimpong,nl NED,"DF,MF",Liverpool,24,"£100,000","£ 5,200,000 (€ 5,999,078, $6,986,562)",
125,Ian Maatsen,nl NED,DF,Aston Villa,23,"£100,000","£ 5,200,000 (€ 5,999,078, $6,986,562)",Unverified estimation
126,Matty Cash,pl POL,DF,Aston Villa,27,"£100,000","£ 5,200,000 (€ 5,999,078, $6,986,562)",Unverified estimation
127,Pau Torres,es ESP,DF,Aston Villa,28,"£100,000","£ 5,200,000 (€ 5,999,078, $6,986,562)",Unverified estimation
128,Nordi Mukiele,fr FRA,DF,Sunderland,27,"£100,000","£ 5,200,000 (€ 5,999,078, $6,986,562)",Unverified estimation
129,Anthony Elanga,se SWE,FW,Newcastle United,23,"£100,000","£ 5,200,000 (€ 5,999,078, $6,986,562)",Unverified estimation
130,Levi Colwill,eng ENG,CB,Chelsea,22,"£100,000","£ 5,200,000 (€ 5,999,078, $6,986,562)",
131,Liam Delap,eng ENG,FW,Chelsea,22,"£100,000","£ 5,200,000 (€ 5,999,078, $6,986,562)",
132,Mykhailo Mudryk,ua UKR,LW,Chelsea,24,"£100,000","£ 5,200,000 (€ 5,999,078, $6,986,562)",
133,Raúl Jiménez,mx MEX,FW,Fulham,34,"£100,000","£ 5,200,000 (€ 5,999,078, $6,986,562)",Unverified estimation
134,Pascal Groß,de GER,MF,Brighton,34,"£90,000","£ 4,680,000 (€ 5,421,646, $6,403,619)",Unverified estimation
135,Jurriën Timber,nl NED,DF,Arsenal,24,"£90,000","£ 4,680,000 (€ 5,399,170, $6,287,906)",
136,Micky van de Ven,nl NED,DF,Tottenham Hotspur,24,"£90,000","£ 4,680,000 (€ 5,399,170, $6,287,906)",Unverified estimation
137,Richarlison,br BRA,FW,Tottenham Hotspur,28,"£90,000","£ 4,680,000 (€ 5,399,170, $6,287,906)",
138,Eddie Nketiah,eng ENG,MF,Crystal Palace,26,"£90,000","£ 4,680,000 (€ 5,399,170, $6,287,906)",Unverified estimation
139,Jack Harrison,eng ENG,FW,Leeds United,28,"£90,000","£ 4,680,000 (€ 5,399,170, $6,287,906)",Unverified estimation
140,Aaron Wan-Bissaka,cd COD,"DF,MF",West Ham United,27,"£90,000","£ 4,680,000 (€ 5,399,170, $6,287,906)",
141,Niclas Füllkrug,de GER,FW,West Ham United,32,"£90,000","£ 4,680,000 (€ 5,399,170, $6,287,906)",
142,Tomáš Souček,cz CZE,MF,West Ham United,30,"£90,000","£ 4,680,000 (€ 5,399,170, $6,287,906)",Unverified estimation
143,Sven Botman,nl NED,DF,Newcastle United,25,"£90,000","£ 4,680,000 (€ 5,399,170, $6,287,906)",
144,Stefan Ortega,de GER,GK,Manchester City,32,"£90,000","£ 4,680,000 (€ 5,399,170, $6,287,906)",Unverified estimation
145,Benoît Badiashile,fr FRA,DF,Chelsea,24,"£90,000","£ 4,680,000 (€ 5,399,170, $6,287,906)",Unverified estimation
146,Kiernan Dewsbury-Hall,eng ENG,MF,Everton,26,"£90,000","£ 4,680,000 (€ 5,399,170, $6,287,906)",Unverified estimation
147,Callum Hudson-Odoi,eng ENG,MF,Nottingham Forest,24,"£90,000","£ 4,680,000 (€ 5,399,170, $6,287,906)",Unverified estimation
148,Chris Wood,nz NZL,FW,Nottingham Forest,33,"£90,000","£ 4,680,000 (€ 5,399,170, $6,287,906)",Unverified estimation
149,Joachim Andersen,dk DEN,DF,Fulham,29,"£90,000","£ 4,680,000 (€ 5,399,170, $6,287,906)",Unverified estimation
150,Ferdi Kadioglu,tr TUR,"DF,MF",Brighton,25,"£87,500","£ 4,550,000 (€ 5,249,193, $6,113,242)",
Rk,Player,Nation,Pos,Squad,Age,#VALUE!,Annual Wages,Notes
151,Diogo Dalot,pt POR,"MF,DF",Manchester Utd,26,"£85,000","£ 4,420,000 (€ 5,099,216, $5,938,578)",Unverified estimation
152,Pedro Porro,es ESP,DF,Tottenham Hotspur,25,"£85,000","£ 4,420,000 (€ 5,099,216, $5,938,578)",
153,Radu Drăgușin,ro ROU,DF,Tottenham Hotspur,23,"£85,000","£ 4,420,000 (€ 5,099,216, $5,938,578)",
154,Evanilson,br BRA,FW,Bournemouth,25,"£85,000","£ 4,420,000 (€ 5,099,216, $5,938,578)",Unverified estimation
155,Giorgi Mamardashvili,ge GEO,GK,Liverpool,24,"£85,000","£ 4,420,000 (€ 5,099,216, $5,938,578)",Unverified estimation
156,Joe Gomez,eng ENG,DF,Liverpool,28,"£85,000","£ 4,420,000 (€ 5,099,216, $5,938,578)",Unverified estimation
157,Emmanuel Agbadou,ci CIV,DF,Wolves,28,"£85,000","£ 4,420,000 (€ 5,099,216, $5,938,578)",Unverified estimation
158,Lutsharel Geertruida,nl NED,"DF,MF",Sunderland,25,"£85,000","£ 4,420,000 (€ 5,099,216, $5,938,578)",Unverified estimation
159,Dan Ndoye,ch SUI,MF,Nottingham Forest,24,"£85,000","£ 4,420,000 (€ 5,099,216, $5,938,578)",
160,Ethan Nwaneri,eng ENG,MF,Arsenal,18,"£80,000","£ 4,160,000 (€ 4,799,262, $5,589,250)",Unverified estimation
161,Ben Davies,wls WAL,DF,Tottenham Hotspur,32,"£80,000","£ 4,160,000 (€ 4,799,262, $5,589,250)",Unverified estimation
162,Justin Kluivert,nl NED,MF,Bournemouth,26,"£80,000","£ 4,160,000 (€ 4,799,262, $5,589,250)",Unverified estimation
163,Sean Longstaff,eng ENG,MF,Leeds United,27,"£80,000","£ 4,160,000 (€ 4,799,262, $5,589,250)",Unverified estimation
164,Jean-Clair Todibo,fr FRA,DF,West Ham United,25,"£80,000","£ 4,160,000 (€ 4,799,262, $5,589,250)",Unverified estimation
165,Toti Gomes,pt POR,DF,Wolves,26,"£80,000","£ 4,160,000 (€ 4,799,262, $5,589,250)",Unverified estimation
166,Harvey Barnes,eng ENG,FW,Newcastle United,27,"£80,000","£ 4,160,000 (€ 4,799,262, $5,589,250)",Unverified estimation
167,Joe Willock,eng ENG,MF,Newcastle United,25,"£80,000","£ 4,160,000 (€ 4,799,262, $5,589,250)",Unverified estimation
168,Sávio,br BRA,MF,Manchester City,21,"£80,000","£ 4,160,000 (€ 4,799,262, $5,589,250)",Unverified estimation
169,Kaoru Mitoma,jp JPN,"MF,FW",Brighton,28,"£80,000","£ 4,160,000 (€ 4,799,262, $5,589,250)",
170,Lewis Dunk,eng ENG,DF,Brighton,33,"£80,000","£ 4,160,000 (€ 4,799,262, $5,589,250)",Unverified estimation
171,Michael Keane,eng ENG,DF,Everton,32,"£80,000","£ 4,160,000 (€ 4,799,262, $5,589,250)",Unverified estimation
172,Alex Iwobi,ng NGA,MF,Fulham,29,"£80,000","£ 4,160,000 (€ 4,799,262, $5,589,250)",Unverified estimation
173,Valentín Castellanos,ar ARG,FW,West Ham United,26,"£75,000","£ 3,900,000 (€ 4,518,038, $5,336,349)",Unverified estimation
174,Martín Zubimendi,es ESP,MF,Arsenal,26,"£75,000","£ 3,900,000 (€ 4,499,308, $5,239,922)",
175,Tyrell Malacia,nl NED,DF,Manchester Utd,25,"£75,000","£ 3,900,000 (€ 4,499,308, $5,239,922)",Unverified estimation
176,Archie Gray,eng ENG,"MF,DF",Tottenham Hotspur,19,"£75,000","£ 3,900,000 (€ 4,499,308, $5,239,922)",
177,Destiny Udogie,it ITA,"DF,MF",Tottenham Hotspur,22,"£75,000","£ 3,900,000 (€ 4,499,308, $5,239,922)",
178,Guglielmo Vicario,it ITA,GK,Tottenham Hotspur,28,"£75,000","£ 3,900,000 (€ 4,499,308, $5,239,922)",
179,Rodrigo Bentancur,uy URU,MF,Tottenham Hotspur,28,"£75,000","£ 3,900,000 (€ 4,499,308, $5,239,922)",Unverified estimation
180,Antoine Semenyo,gh GHA,MF,Bournemouth,25,"£75,000","£ 3,900,000 (€ 4,499,308, $5,239,922)",Unverified estimation
Rk,Player,Nation,Pos,Squad,Age,#VALUE!,Annual Wages,Notes
181,Daniel James,wls WAL,FW,Leeds United,27,"£75,000","£ 3,900,000 (€ 4,499,308, $5,239,922)",Unverified estimation
182,Guido Rodríguez,ar ARG,MF,West Ham United,31,"£75,000","£ 3,900,000 (€ 4,499,308, $5,239,922)",Unverified estimation
183,Conor Bradley,nir NIR,DF,Liverpool,22,"£75,000","£ 3,900,000 (€ 4,499,308, $5,239,922)",
184,Milos Kerkez,hu HUN,DF,Liverpool,21,"£75,000","£ 3,900,000 (€ 4,499,308, $5,239,922)",Unverified estimation
185,Emi Buendía,ar ARG,MF,Aston Villa,28,"£75,000","£ 3,900,000 (€ 4,499,308, $5,239,922)",
186,Ezri Konsa,eng ENG,DF,Aston Villa,27,"£75,000","£ 3,900,000 (€ 4,499,308, $5,239,922)",Unverified estimation
187,Jean-Ricner Bellegarde,ht HAI,"MF,FW",Wolves,27,"£75,000","£ 3,900,000 (€ 4,499,308, $5,239,922)",Unverified estimation
188,Tolu Arokodare,ng NGA,FW,Wolves,24,"£75,000","£ 3,900,000 (€ 4,499,308, $5,239,922)",Unverified estimation
189,Enzo Le Fée,fr FRA,"MF,FW",Sunderland,25,"£75,000","£ 3,900,000 (€ 4,499,308, $5,239,922)",Unverified estimation
190,Kyle Walker,eng ENG,"DF,MF",Burnley,35,"£75,000","£ 3,900,000 (€ 4,499,308, $5,239,922)",Unverified estimation
191,Malick Thiaw,de GER,DF,Newcastle United,23,"£75,000","£ 3,900,000 (€ 4,499,308, $5,239,922)",Unverified estimation
192,Jack Grealish,eng ENG,LW,Manchester City,29,"£75,000","£ 3,900,000 (€ 4,499,308, $5,239,922)",
193,Nicolás González,es ESP,MF,Manchester City,23,"£75,000","£ 3,900,000 (€ 4,499,308, $5,239,922)",Unverified estimation
194,Jordan Henderson,eng ENG,MF,Brentford,35,"£75,000","£ 3,900,000 (€ 4,499,308, $5,239,922)",Unverified estimation
195,Mikkel Damsgaard,dk DEN,MF,Brentford,25,"£75,000","£ 3,900,000 (€ 4,499,308, $5,239,922)",Unverified estimation
196,Georginio Rutter,fr FRA,"MF,FW",Brighton,23,"£75,000","£ 3,900,000 (€ 4,499,308, $5,239,922)",Unverified estimation
197,Ibrahim Sangaré,ci CIV,MF,Nottingham Forest,27,"£75,000","£ 3,900,000 (€ 4,499,308, $5,239,922)",Unverified estimation
198,Murillo,br BRA,DF,Nottingham Forest,23,"£75,000","£ 3,900,000 (€ 4,499,308, $5,239,922)",Unverified estimation
199,Noah Okafor,ch SUI,"FW,MF",Leeds United,25,"£72,500","£ 3,770,000 (€ 4,349,331, $5,065,258)",
200,Adama Traoré,es ESP,"FW,MF",West Ham United,29,"£70,000","£ 3,640,000 (€ 4,216,836, $4,980,592)",Unverified estimation
201,Pape Matar Sarr,sn SEN,MF,Tottenham Hotspur,22,"£70,000","£ 3,640,000 (€ 4,199,354, $4,890,594)",Unverified estimation
202,Cheick Doucouré,ml MLI,DM,Crystal Palace,25,"£70,000","£ 3,640,000 (€ 4,199,354, $4,890,594)",Unverified estimation
203,Ismaila Sarr,sn SEN,"MF,FW",Crystal Palace,27,"£70,000","£ 3,640,000 (€ 4,199,354, $4,890,594)",Unverified estimation
204,Jefferson Lerma,co COL,"MF,DF",Crystal Palace,30,"£70,000","£ 3,640,000 (€ 4,199,354, $4,890,594)",Unverified estimation
205,Bafodé Diakité,fr FRA,DF,Bournemouth,24,"£70,000","£ 3,640,000 (€ 4,199,354, $4,890,594)",Unverified estimation
206,Ryan Christie,sct SCO,MF,Bournemouth,30,"£70,000","£ 3,640,000 (€ 4,199,354, $4,890,594)",
207,Ibrahima Konaté,fr FRA,DF,Liverpool,26,"£70,000","£ 3,640,000 (€ 4,199,354, $4,890,594)",
208,Hwang Hee-chan,kr KOR,"FW,MF",Wolves,29,"£70,000","£ 3,640,000 (€ 4,199,354, $4,890,594)",Unverified estimation
209,Marshall Munetsi,zw ZIM,"MF,FW",Wolves,29,"£70,000","£ 3,640,000 (€ 4,199,354, $4,890,594)",Unverified estimation
210,Simon Adingra,ci CIV,"MF,FW",Sunderland,23,"£70,000","£ 3,640,000 (€ 4,199,354, $4,890,594)",Unverified estimation
Rk,Player,Nation,Pos,Squad,Age,#VALUE!,Annual Wages,Notes
211,Dan Burn,eng ENG,DF,Newcastle United,33,"£70,000","£ 3,640,000 (€ 4,199,354, $4,890,594)",Unverified estimation
212,Fabian Schär,ch SUI,DF,Newcastle United,33,"£70,000","£ 3,640,000 (€ 4,199,354, $4,890,594)",Unverified estimation
213,Aaron Hickey,sct SCO,DF,Brentford,23,"£70,000","£ 3,640,000 (€ 4,199,354, $4,890,594)",
214,Dilane Bakwa,fr FRA,MF,Nottingham Forest,22,"£70,000","£ 3,640,000 (€ 4,199,354, $4,890,594)",Unverified estimation
215,Emile Smith Rowe,eng ENG,MF,Fulham,25,"£70,000","£ 3,640,000 (€ 4,199,354, $4,890,594)",Unverified estimation
216,Issa Diop,fr FRA,DF,Fulham,28,"£70,000","£ 3,640,000 (€ 4,199,354, $4,890,594)",Unverified estimation
217,Douglas Luiz,br BRA,MF,Aston Villa,27,"£67,500","£ 3,510,000 (€ 4,066,235, $4,802,714)",Unverified estimation
218,Adam Armstrong,eng ENG,"FW,MF",Wolves,28,"£65,000","£ 3,380,000 (€ 3,915,633, $4,624,836)",Unverified estimation
219,Matt O'Riley,dk DEN,MF,Brighton,24,"£65,000","£ 3,380,000 (€ 3,915,633, $4,624,836)",Unverified estimation
220,Christian Nørgaard,dk DEN,MF,Arsenal,31,"£65,000","£ 3,380,000 (€ 3,899,400, $4,541,266)",Unverified estimation
221,Piero Hincapié,ec ECU,DF,Arsenal,23,"£65,000","£ 3,380,000 (€ 3,899,400, $4,541,266)",Unverified estimation
222,Kevin Danso,at AUT,DF,Tottenham Hotspur,26,"£65,000","£ 3,380,000 (€ 3,899,400, $4,541,266)",Unverified estimation
223,Marcus Tavernier,eng ENG,MF,Bournemouth,26,"£65,000","£ 3,380,000 (€ 3,899,400, $4,541,266)",Unverified estimation
224,Harvey Elliott,eng ENG,MF,Aston Villa,22,"£65,000","£ 3,380,000 (€ 3,899,400, $4,541,266)",Unverified estimation
225,Jackson Tchatchoua,cm CMR,"MF,DF",Wolves,23,"£65,000","£ 3,380,000 (€ 3,899,400, $4,541,266)",
226,Jhon Arias,co COL,"FW,MF",Wolves,27,"£65,000","£ 3,380,000 (€ 3,899,400, $4,541,266)",Unverified estimation
227,Bertrand Traoré,bf BFA,"MF,FW",Sunderland,29,"£65,000","£ 3,380,000 (€ 3,899,400, $4,541,266)",Unverified estimation
228,Omar Alderete,py PAR,DF,Sunderland,28,"£65,000","£ 3,380,000 (€ 3,899,400, $4,541,266)",Unverified estimation
229,Dango Ouattara,bf BFA,MF,Brentford,23,"£65,000","£ 3,380,000 (€ 3,899,400, $4,541,266)",Unverified estimation
230,Neco Williams,wls WAL,DF,Nottingham Forest,24,"£65,000","£ 3,380,000 (€ 3,899,400, $4,541,266)",Unverified estimation
231,Kenny Tete,nl NED,DF,Fulham,29,"£65,000","£ 3,380,000 (€ 3,899,400, $4,541,266)",Unverified estimation
232,Timothy Castagne,be BEL,"DF,MF",Fulham,29,"£65,000","£ 3,380,000 (€ 3,899,400, $4,541,266)",Unverified estimation
233,Saša Lukić,rs SRB,MF,Fulham,28,"£63,000","£ 3,276,000 (€ 3,779,419, $4,401,534)",
234,Kepa Arrizabalaga,es ESP,GK,Arsenal,30,"£60,000","£ 3,120,000 (€ 3,599,447, $4,191,937)",Unverified estimation
235,Senne Lammens,be BEL,GK,Manchester Utd,23,"£60,000","£ 3,120,000 (€ 3,599,447, $4,191,937)",Unverified estimation
236,Lucas Bergvall,se SWE,MF,Tottenham Hotspur,19,"£60,000","£ 3,120,000 (€ 3,599,447, $4,191,937)",Unverified estimation
237,Daniel Muñoz,co COL,MF,Crystal Palace,29,"£60,000","£ 3,120,000 (€ 3,599,447, $4,191,937)",Unverified estimation
238,Will Hughes,eng ENG,MF,Crystal Palace,30,"£60,000","£ 3,120,000 (€ 3,599,447, $4,191,937)",Unverified estimation
239,Yeremi Pino,es ESP,MF,Crystal Palace,22,"£60,000","£ 3,120,000 (€ 3,599,447, $4,191,937)",Unverified estimation
240,Amine Adli,ma MAR,MF,Bournemouth,25,"£60,000","£ 3,120,000 (€ 3,599,447, $4,191,937)",Unverified estimation
Rk,Player,Nation,Pos,Squad,Age,#VALUE!,Annual Wages,Notes
241,Đorđe Petrović,rs SRB,GK,Bournemouth,25,"£60,000","£ 3,120,000 (€ 3,599,447, $4,191,937)",Unverified estimation
242,Lewis Cook,eng ENG,"MF,DF",Bournemouth,28,"£60,000","£ 3,120,000 (€ 3,599,447, $4,191,937)",Unverified estimation
243,Tyler Adams,us USA,MF,Bournemouth,26,"£60,000","£ 3,120,000 (€ 3,599,447, $4,191,937)",Unverified estimation
244,Mateus Fernandes,pt POR,MF,West Ham United,21,"£60,000","£ 3,120,000 (€ 3,599,447, $4,191,937)",Unverified estimation
245,Ross Barkley,eng ENG,MF,Aston Villa,31,"£60,000","£ 3,120,000 (€ 3,599,447, $4,191,937)",Unverified estimation
246,André,br BRA,MF,Wolves,24,"£60,000","£ 3,120,000 (€ 3,599,447, $4,191,937)",Unverified estimation
247,José Sá,pt POR,GK,Wolves,32,"£60,000","£ 3,120,000 (€ 3,599,447, $4,191,937)",Unverified estimation
248,Brian Brobbey,nl NED,FW,Sunderland,23,"£60,000","£ 3,120,000 (€ 3,599,447, $4,191,937)",Unverified estimation
249,Nick Pope,eng ENG,GK,Newcastle United,33,"£60,000","£ 3,120,000 (€ 3,599,447, $4,191,937)",
250,Estêvão,,RW,Chelsea,18,"£60,000","£ 3,120,000 (€ 3,599,447, $4,191,937)",Unverified estimation
251,Robert Sánchez,es ESP,GK,Chelsea,27,"£60,000","£ 3,120,000 (€ 3,599,447, $4,191,937)",Unverified estimation
252,Danny Welbeck,eng ENG,FW,Brighton,34,"£60,000","£ 3,120,000 (€ 3,599,447, $4,191,937)",Unverified estimation
253,James Milner,eng ENG,MF,Brighton,39,"£60,000","£ 3,120,000 (€ 3,599,447, $4,191,937)",Unverified estimation
254,Mats Wieffer,nl NED,DF,Brighton,25,"£60,000","£ 3,120,000 (€ 3,599,447, $4,191,937)",Unverified estimation
255,Olivier Boscagli,fr FRA,DF,Brighton,27,"£60,000","£ 3,120,000 (€ 3,599,447, $4,191,937)",Unverified estimation
256,Beto,gw GNB,FW,Everton,27,"£60,000","£ 3,120,000 (€ 3,599,447, $4,191,937)",Unverified estimation
257,Arnaud Kalimuendo,fr FRA,FW,Nottingham Forest,23,"£60,000","£ 3,120,000 (€ 3,599,447, $4,191,937)",Unverified estimation
258,Ola Aina,ng NGA,DF,Nottingham Forest,28,"£60,000","£ 3,120,000 (€ 3,599,447, $4,191,937)",Unverified estimation
259,Antonee Robinson,us USA,"DF,MF",Fulham,27,"£60,000","£ 3,120,000 (€ 3,599,447, $4,191,937)",Unverified estimation
260,Rodrigo Muniz,br BRA,FW,Fulham,24,"£60,000","£ 3,120,000 (€ 3,599,447, $4,191,937)",Unverified estimation
261,Vitaliy Mykolenko,ua UKR,DF,Everton,26,"£58,000","£ 3,016,000 (€ 3,479,465, $4,052,206)",
262,André Onana,cm CMR,GK,Manchester Utd,29,"£57,500","£ 2,990,000 (€ 3,449,470, $4,017,273)",Unverified estimation
263,Cristhian Mosquera,es ESP,DF,Arsenal,21,"£55,000","£ 2,860,000 (€ 3,299,493, $3,842,609)",Unverified estimation
264,Mathys Tel,fr FRA,"MF,FW",Tottenham Hotspur,20,"£55,000","£ 2,860,000 (€ 3,299,493, $3,842,609)",Unverified estimation
265,Yves Bissouma,ml MLI,MF,Tottenham Hotspur,28,"£55,000","£ 2,860,000 (€ 3,299,493, $3,842,609)",Unverified estimation
266,Chris Richards,us USA,DF,Crystal Palace,25,"£55,000","£ 2,860,000 (€ 3,299,493, $3,842,609)",Unverified estimation
267,Kyle Walker-Peters,eng ENG,DF,West Ham United,28,"£55,000","£ 2,860,000 (€ 3,299,493, $3,842,609)",Unverified estimation
268,Giovanni Leoni,it ITA,DF,Liverpool,18,"£55,000","£ 2,860,000 (€ 3,299,493, $3,842,609)",Unverified estimation
269,Arthur Masuaku,cd COD,DF,Sunderland,31,"£55,000","£ 2,860,000 (€ 3,299,493, $3,842,609)",Unverified estimation
270,Josh Cullen,ie IRL,MF,Burnley,29,"£55,000","£ 2,860,000 (€ 3,299,493, $3,842,609)",Unverified estimation
Rk,Player,Nation,Pos,Squad,Age,#VALUE!,Annual Wages,Notes
271,Lesley Ugochukwu,fr FRA,MF,Burnley,21,"£55,000","£ 2,860,000 (€ 3,299,493, $3,842,609)",Unverified estimation
272,Emil Krafth,se SWE,DF,Newcastle United,30,"£55,000","£ 2,860,000 (€ 3,299,493, $3,842,609)",
273,Caoimhín Kelleher,ie IRL,GK,Brentford,26,"£55,000","£ 2,860,000 (€ 3,299,493, $3,842,609)",Unverified estimation
274,Adam Webster,eng ENG,CB,Brighton,31,"£55,000","£ 2,860,000 (€ 3,299,493, $3,842,609)",Unverified estimation
275,Maxim De Cuyper,be BEL,"DF,MF",Brighton,24,"£55,000","£ 2,860,000 (€ 3,299,493, $3,842,609)",Unverified estimation
276,Séamus Coleman,ie IRL,DF,Everton,36,"£55,000","£ 2,860,000 (€ 3,299,493, $3,842,609)",Unverified estimation
277,Omari Hutchinson,eng ENG,MF,Nottingham Forest,21,"£55,000","£ 2,860,000 (€ 3,299,493, $3,842,609)",Unverified estimation
278,Harry Wilson,wls WAL,MF,Fulham,28,"£55,000","£ 2,860,000 (€ 3,299,493, $3,842,609)",Unverified estimation
279,Sander Berge,no NOR,MF,Fulham,27,"£55,000","£ 2,860,000 (€ 3,299,493, $3,842,609)",Unverified estimation
280,Jadon Sancho,eng ENG,LW,Manchester Utd,25,"£50,000","£ 2,600,000 (€ 2,999,539, $3,493,281)",
281,Jean-Philippe Mateta,fr FRA,FW,Crystal Palace,28,"£50,000","£ 2,600,000 (€ 2,999,539, $3,493,281)",
282,Marc Guéhi,eng ENG,DF,Crystal Palace,25,"£50,000","£ 2,600,000 (€ 2,999,539, $3,493,281)",Unverified estimation
283,Maxence Lacroix,fr FRA,DF,Crystal Palace,25,"£50,000","£ 2,600,000 (€ 2,999,539, $3,493,281)",Unverified estimation
284,Nathaniel Clyne,eng ENG,MF,Crystal Palace,34,"£50,000","£ 2,600,000 (€ 2,999,539, $3,493,281)",Unverified estimation
285,David Brooks,wls WAL,MF,Bournemouth,28,"£50,000","£ 2,600,000 (€ 2,999,539, $3,493,281)",
286,Marcos Senesi,ar ARG,DF,Bournemouth,28,"£50,000","£ 2,600,000 (€ 2,999,539, $3,493,281)",Unverified estimation
287,Lucas Perri,br BRA,GK,Leeds United,27,"£50,000","£ 2,600,000 (€ 2,999,539, $3,493,281)",Unverified estimation
288,Pascal Struijk,nl NED,DF,Leeds United,25,"£50,000","£ 2,600,000 (€ 2,999,539, $3,493,281)",Unverified estimation
289,Callum Wilson,eng ENG,"FW,MF",West Ham United,33,"£50,000","£ 2,600,000 (€ 2,999,539, $3,493,281)",Unverified estimation
290,Konstantinos Mavropanos,gr GRE,DF,West Ham United,27,"£50,000","£ 2,600,000 (€ 2,999,539, $3,493,281)",Unverified estimation
291,Łukasz Fabiański,pl POL,GK,West Ham United,40,"£50,000","£ 2,600,000 (€ 2,999,539, $3,493,281)",Unverified estimation
292,Curtis Jones,eng ENG,MF,Liverpool,24,"£50,000","£ 2,600,000 (€ 2,999,539, $3,493,281)",Unverified estimation
293,Wataru Endo,jp JPN,DF,Liverpool,32,"£50,000","£ 2,600,000 (€ 2,999,539, $3,493,281)",Unverified estimation
294,Matt Doherty,ie IRL,"DF,MF",Wolves,33,"£50,000","£ 2,600,000 (€ 2,999,539, $3,493,281)",Unverified estimation
295,Sam Johnstone,eng ENG,GK,Wolves,32,"£50,000","£ 2,600,000 (€ 2,999,539, $3,493,281)",Unverified estimation
296,Habib Diarra,sn SEN,MF,Sunderland,21,"£50,000","£ 2,600,000 (€ 2,999,539, $3,493,281)",Unverified estimation
297,Reinildo Mandava,mz MOZ,DF,Sunderland,31,"£50,000","£ 2,600,000 (€ 2,999,539, $3,493,281)",Unverified estimation
298,Marcus Edwards,eng ENG,"MF,FW",Burnley,26,"£50,000","£ 2,600,000 (€ 2,999,539, $3,493,281)",Unverified estimation
299,Maxime Estève,fr FRA,DF,Burnley,23,"£50,000","£ 2,600,000 (€ 2,999,539, $3,493,281)",Unverified estimation
300,Valentino Livramento,eng ENG,DF,Newcastle United,22,"£50,000","£ 2,600,000 (€ 2,999,539, $3,493,281)",Unverified estimation
Rk,Player,Nation,Pos,Squad,Age,#VALUE!,Annual Wages,Notes
301,Abdukodir Khusanov,uz UZB,DF,Manchester City,21,"£50,000","£ 2,600,000 (€ 2,999,539, $3,493,281)",Unverified estimation
302,James Trafford,eng ENG,GK,Manchester City,22,"£50,000","£ 2,600,000 (€ 2,999,539, $3,493,281)",Unverified estimation
303,Jeremy Doku,be BEL,"MF,FW",Manchester City,23,"£50,000","£ 2,600,000 (€ 2,999,539, $3,493,281)",Unverified estimation
304,Oscar Bobb,no NOR,"MF,FW",Manchester City,22,"£50,000","£ 2,600,000 (€ 2,999,539, $3,493,281)",
305,Thiago,br BRA,FW,Brentford,24,"£50,000","£ 2,600,000 (€ 2,999,539, $3,493,281)",Unverified estimation
306,Keane Lewis-Potter,eng ENG,"MF,DF",Brentford,24,"£50,000","£ 2,600,000 (€ 2,999,539, $3,493,281)",Unverified estimation
307,Mathias Jensen,dk DEN,MF,Brentford,29,"£50,000","£ 2,600,000 (€ 2,999,539, $3,493,281)",Unverified estimation
308,Filip Jørgensen,dk DEN,GK,Chelsea,23,"£50,000","£ 2,600,000 (€ 2,999,539, $3,493,281)",Unverified estimation
309,Marc Guiu,es ESP,FW,Chelsea,19,"£50,000","£ 2,600,000 (€ 2,999,539, $3,493,281)",
310,Trevoh Chalobah,eng ENG,DF,Chelsea,26,"£50,000","£ 2,600,000 (€ 2,999,539, $3,493,281)",Unverified estimation
311,Brajan Gruda,de GER,MF,Brighton,21,"£50,000","£ 2,600,000 (€ 2,999,539, $3,493,281)",Unverified estimation
312,Jan Paul van Hecke,nl NED,DF,Brighton,25,"£50,000","£ 2,600,000 (€ 2,999,539, $3,493,281)",Unverified estimation
313,Joël Veltman,nl NED,DF,Brighton,33,"£50,000","£ 2,600,000 (€ 2,999,539, $3,493,281)",Unverified estimation
314,Solly March,eng ENG,MF,Brighton,31,"£50,000","£ 2,600,000 (€ 2,999,539, $3,493,281)",Unverified estimation
315,Igor Jesus,br BRA,FW,Nottingham Forest,24,"£50,000","£ 2,600,000 (€ 2,999,539, $3,493,281)",Unverified estimation
316,Ryan Yates,eng ENG,MF,Nottingham Forest,27,"£50,000","£ 2,600,000 (€ 2,999,539, $3,493,281)",Unverified estimation
317,Taiwo Awoniyi,ng NGA,FW,Nottingham Forest,27,"£50,000","£ 2,600,000 (€ 2,999,539, $3,493,281)",Unverified estimation
318,Harrison Reed,eng ENG,MF,Fulham,30,"£50,000","£ 2,600,000 (€ 2,999,539, $3,493,281)",Unverified estimation
319,Kevin,br BRA,MF,Fulham,22,"£50,000","£ 2,600,000 (€ 2,999,539, $3,493,281)",Unverified estimation
320,Rayan,,CF,Bournemouth,19,"£45,000","£ 2,340,000 (€ 2,710,823, $3,201,809)",Unverified estimation
321,Myles Lewis-Skelly,eng ENG,DF,Arsenal,18,"£45,000","£ 2,340,000 (€ 2,699,585, $3,143,953)",Unverified estimation
322,Tom Heaton,eng ENG,GK,Manchester Utd,39,"£45,000","£ 2,340,000 (€ 2,699,585, $3,143,953)",
323,Anton Stach,de GER,MF,Leeds United,26,"£45,000","£ 2,340,000 (€ 2,699,585, $3,143,953)",Unverified estimation
324,Brenden Aaronson,us USA,"MF,FW",Leeds United,24,"£45,000","£ 2,340,000 (€ 2,699,585, $3,143,953)",
325,Jaka Bijol,si SVN,DF,Leeds United,26,"£45,000","£ 2,340,000 (€ 2,699,585, $3,143,953)",Unverified estimation
326,Sebastiaan Bornauw,be BEL,DF,Leeds United,26,"£45,000","£ 2,340,000 (€ 2,699,585, $3,143,953)",Unverified estimation
327,Crysencio Summerville,nl NED,"MF,FW",West Ham United,23,"£45,000","£ 2,340,000 (€ 2,699,585, $3,143,953)",Unverified estimation
328,Igor,br BRA,DF,West Ham United,27,"£45,000","£ 2,340,000 (€ 2,699,585, $3,143,953)",
329,Mads Hermansen,dk DEN,GK,West Ham United,25,"£45,000","£ 2,340,000 (€ 2,699,585, $3,143,953)",Unverified estimation
330,Marco Bizot,nl NED,GK,Aston Villa,34,"£45,000","£ 2,340,000 (€ 2,699,585, $3,143,953)",Unverified estimation
Rk,Player,Nation,Pos,Squad,Age,#VALUE!,Annual Wages,Notes
331,Ladislav Krejčí,cz CZE,"DF,MF",Wolves,26,"£45,000","£ 2,340,000 (€ 2,699,585, $3,143,953)",Unverified estimation
332,Trai Hume,nir NIR,"DF,MF",Sunderland,23,"£45,000","£ 2,340,000 (€ 2,699,585, $3,143,953)",Unverified estimation
333,Armando Broja,al ALB,FW,Burnley,23,"£45,000","£ 2,340,000 (€ 2,699,585, $3,143,953)",Unverified estimation
334,Axel Tuanzebe,cd COD,DF,Burnley,27,"£45,000","£ 2,340,000 (€ 2,699,585, $3,143,953)",Unverified estimation
335,Jacob Bruun Larsen,dk DEN,"MF,FW",Burnley,26,"£45,000","£ 2,340,000 (€ 2,699,585, $3,143,953)",Unverified estimation
336,Jaidon Anthony,eng ENG,MF,Burnley,25,"£45,000","£ 2,340,000 (€ 2,699,585, $3,143,953)",Unverified estimation
337,Loum Tchaouna,fr FRA,"MF,FW",Burnley,21,"£45,000","£ 2,340,000 (€ 2,699,585, $3,143,953)",Unverified estimation
338,Quilindschy Hartman,nl NED,DF,Burnley,23,"£45,000","£ 2,340,000 (€ 2,699,585, $3,143,953)",Unverified estimation
339,Lewis Hall,eng ENG,DF,Newcastle United,20,"£45,000","£ 2,340,000 (€ 2,699,585, $3,143,953)",Unverified estimation
340,Malo Gusto,fr FRA,"DF,MF",Chelsea,22,"£45,000","£ 2,340,000 (€ 2,699,585, $3,143,953)",Unverified estimation
341,Roméo Lavia,be BEL,MF,Chelsea,21,"£45,000","£ 2,340,000 (€ 2,699,585, $3,143,953)",Unverified estimation
342,Iliman Ndiaye,sn SEN,MF,Everton,25,"£45,000","£ 2,340,000 (€ 2,699,585, $3,143,953)",Unverified estimation
343,Thierno Barry,fr FRA,FW,Everton,22,"£45,000","£ 2,340,000 (€ 2,699,585, $3,143,953)",Unverified estimation
344,Nicolò Savona,it ITA,DF,Nottingham Forest,22,"£45,000","£ 2,340,000 (€ 2,699,585, $3,143,953)",
345,Calvin Bassey,ng NGA,DF,Fulham,25,"£45,000","£ 2,340,000 (€ 2,699,585, $3,143,953)",Unverified estimation
346,Ryan Sessegnon,eng ENG,"DF,MF",Fulham,25,"£45,000","£ 2,340,000 (€ 2,699,585, $3,143,953)",Unverified estimation
347,Alex Tóth,,CM,Bournemouth,20,"£40,000","£ 2,080,000 (€ 2,409,620, $2,846,053)",
348,Fraser Forster,eng ENG,GK,Bournemouth,37,"£40,000","£ 2,080,000 (€ 2,409,620, $2,846,053)",Unverified estimation
349,Axel Disasi,fr FRA,DF,West Ham United,27,"£40,000","£ 2,080,000 (€ 2,409,620, $2,846,053)",Unverified estimation
350,Patrick Dorgu,dk DEN,MF,Manchester Utd,20,"£40,000","£ 2,080,000 (€ 2,399,631, $2,794,625)",
351,Djed Spence,eng ENG,"DF,MF",Tottenham Hotspur,24,"£40,000","£ 2,080,000 (€ 2,399,631, $2,794,625)",
352,Wilson Odobert,fr FRA,"MF,FW",Tottenham Hotspur,20,"£40,000","£ 2,080,000 (€ 2,399,631, $2,794,625)",Unverified estimation
353,Tyrick Mitchell,eng ENG,MF,Crystal Palace,25,"£40,000","£ 2,080,000 (€ 2,399,631, $2,794,625)",Unverified estimation
354,Adam Smith,eng ENG,DF,Bournemouth,34,"£40,000","£ 2,080,000 (€ 2,399,631, $2,794,625)",Unverified estimation
355,Alex Scott,eng ENG,MF,Bournemouth,21,"£40,000","£ 2,080,000 (€ 2,399,631, $2,794,625)",Unverified estimation
356,Ethan Ampadu,wls WAL,MF,Leeds United,24,"£40,000","£ 2,080,000 (€ 2,399,631, $2,794,625)",Unverified estimation
357,Gabriel Gudmundsson,se SWE,"DF,MF",Leeds United,26,"£40,000","£ 2,080,000 (€ 2,399,631, $2,794,625)",Unverified estimation
358,Joe Rodon,wls WAL,DF,Leeds United,27,"£40,000","£ 2,080,000 (€ 2,399,631, $2,794,625)",Unverified estimation
359,Joël Piroe,nl NED,FW,Leeds United,25,"£40,000","£ 2,080,000 (€ 2,399,631, $2,794,625)",Unverified estimation
360,Wilfried Gnonto,it ITA,FW,Leeds United,21,"£40,000","£ 2,080,000 (€ 2,399,631, $2,794,625)",Unverified estimation
Rk,Player,Nation,Pos,Squad,Age,#VALUE!,Annual Wages,Notes
361,Stefan Bajcetic,es ESP,DM,Liverpool,21,"£40,000","£ 2,080,000 (€ 2,399,631, $2,794,625)",Unverified estimation
362,Ki-Jana Hoever,nl NED,"MF,DF",Wolves,23,"£40,000","£ 2,080,000 (€ 2,399,631, $2,794,625)",
363,Santiago Bueno,uy URU,DF,Wolves,26,"£40,000","£ 2,080,000 (€ 2,399,631, $2,794,625)",Unverified estimation
364,Chemsdine Talbi,ma MAR,"MF,FW",Sunderland,20,"£40,000","£ 2,080,000 (€ 2,399,631, $2,794,625)",Unverified estimation
365,Noah Sadiki,cd COD,MF,Sunderland,20,"£40,000","£ 2,080,000 (€ 2,399,631, $2,794,625)",Unverified estimation
366,Bashir Humphreys,eng ENG,"DF,MF",Burnley,22,"£40,000","£ 2,080,000 (€ 2,399,631, $2,794,625)",Unverified estimation
367,Florentino Luís,pt POR,MF,Burnley,25,"£40,000","£ 2,080,000 (€ 2,399,631, $2,794,625)",Unverified estimation
368,Joe Worrall,eng ENG,DF,Burnley,28,"£40,000","£ 2,080,000 (€ 2,399,631, $2,794,625)",Unverified estimation
369,Martin Dúbravka,sk SVK,GK,Burnley,36,"£40,000","£ 2,080,000 (€ 2,399,631, $2,794,625)",Unverified estimation
370,Jamaal Lascelles,eng ENG,DF,Newcastle United,31,"£40,000","£ 2,080,000 (€ 2,399,631, $2,794,625)",
371,Matt Targett,eng ENG,LB,Newcastle United,29,"£40,000","£ 2,080,000 (€ 2,399,631, $2,794,625)",
372,Fabio Carvalho,pt POR,MF,Brentford,22,"£40,000","£ 2,080,000 (€ 2,399,631, $2,794,625)",Unverified estimation
373,Frank Onyeka,ng NGA,MF,Brentford,27,"£40,000","£ 2,080,000 (€ 2,399,631, $2,794,625)",Unverified estimation
374,Kristoffer Ajer,no NOR,DF,Brentford,27,"£40,000","£ 2,080,000 (€ 2,399,631, $2,794,625)",Unverified estimation
375,Michael Kayode,it ITA,DF,Brentford,21,"£40,000","£ 2,080,000 (€ 2,399,631, $2,794,625)",Unverified estimation
376,Dario Essugo,pt POR,MF,Chelsea,20,"£40,000","£ 2,080,000 (€ 2,399,631, $2,794,625)",Unverified estimation
377,Gaga Slonina,us USA,GK,Chelsea,21,"£40,000","£ 2,080,000 (€ 2,399,631, $2,794,625)",Unverified estimation
378,Charalampos Kostoulas,gr GRE,FW,Brighton,18,"£40,000","£ 2,080,000 (€ 2,399,631, $2,794,625)",Unverified estimation
379,Yankuba Minteh,gm GAM,MF,Brighton,21,"£40,000","£ 2,080,000 (€ 2,399,631, $2,794,625)",Unverified estimation
380,Tyler Dibling,,RW,Everton,19,"£40,000","£ 2,080,000 (€ 2,399,631, $2,794,625)",Unverified estimation
381,Elliot Anderson,eng ENG,MF,Nottingham Forest,22,"£40,000","£ 2,080,000 (€ 2,399,631, $2,794,625)",Unverified estimation
382,James Mcatee,eng ENG,MF,Nottingham Forest,22,"£40,000","£ 2,080,000 (€ 2,399,631, $2,794,625)",Unverified estimation
383,John,br BRA,GK,Nottingham Forest,29,"£40,000","£ 2,080,000 (€ 2,399,631, $2,794,625)",Unverified estimation
384,Matz Sels,be BEL,GK,Nottingham Forest,33,"£40,000","£ 2,080,000 (€ 2,399,631, $2,794,625)",Unverified estimation
385,Willy Boly,ci CIV,DF,Nottingham Forest,34,"£40,000","£ 2,080,000 (€ 2,399,631, $2,794,625)",Unverified estimation
386,Evann Guessand,ci CIV,MF,Crystal Palace,24,"£37,500","£ 1,950,000 (€ 2,259,019, $2,668,175)",Unverified estimation
387,Angel Gomes,eng ENG,"MF,FW",Wolves,24,"£35,000","£ 1,820,000 (€ 2,108,418, $2,490,296)",Unverified estimation
388,Mamadou Sarr,sn SEN,DF,Chelsea,19,"£35,000","£ 1,820,000 (€ 2,108,418, $2,490,296)",Unverified estimation
389,Luca Netz,de GER,"DF,MF",Nottingham Forest,22,"£35,000","£ 1,820,000 (€ 2,108,418, $2,490,296)",Unverified estimation
390,Max Dowman,eng ENG,MF,Arsenal,15,"£35,000","£ 1,820,000 (€ 2,099,677, $2,445,297)",Unverified estimation
Rk,Player,Nation,Pos,Squad,Age,#VALUE!,Annual Wages,Notes
391,Altay Bayındır,tr TUR,GK,Manchester Utd,27,"£35,000","£ 1,820,000 (€ 2,099,677, $2,445,297)",Unverified estimation
392,Adam Wharton,eng ENG,MF,Crystal Palace,21,"£35,000","£ 1,820,000 (€ 2,099,677, $2,445,297)",Unverified estimation
393,Borna Sosa,hr CRO,"DF,MF",Crystal Palace,27,"£35,000","£ 1,820,000 (€ 2,099,677, $2,445,297)",Unverified estimation
394,Walter Benítez,ar ARG,GK,Crystal Palace,32,"£35,000","£ 1,820,000 (€ 2,099,677, $2,445,297)",Unverified estimation
395,Adrien Truffert,fr FRA,DF,Bournemouth,23,"£35,000","£ 1,820,000 (€ 2,099,677, $2,445,297)",Unverified estimation
396,Luis Sinisterra,co COL,LW,Bournemouth,26,"£35,000","£ 1,820,000 (€ 2,099,677, $2,445,297)",Unverified estimation
397,Romain Faivre,fr FRA,MF,Bournemouth,27,"£35,000","£ 1,820,000 (€ 2,099,677, $2,445,297)",Unverified estimation
398,James Justin,eng ENG,"DF,MF",Leeds United,27,"£35,000","£ 1,820,000 (€ 2,099,677, $2,445,297)",Unverified estimation
399,Lukas Nmecha,de GER,FW,Leeds United,26,"£35,000","£ 1,820,000 (€ 2,099,677, $2,445,297)",Unverified estimation
400,El Hadji Malick Diouf,sn SEN,"DF,MF",West Ham United,20,"£35,000","£ 1,820,000 (€ 2,099,677, $2,445,297)",Unverified estimation
401,Soungoutou Magassa,fr FRA,MF,West Ham United,21,"£35,000","£ 1,820,000 (€ 2,099,677, $2,445,297)",Unverified estimation
402,Chris Rigg,eng ENG,MF,Sunderland,18,"£35,000","£ 1,820,000 (€ 2,099,677, $2,445,297)",Unverified estimation
403,Daniel Ballard,nir NIR,DF,Sunderland,25,"£35,000","£ 1,820,000 (€ 2,099,677, $2,445,297)",Unverified estimation
404,Connor Roberts,wls WAL,RB,Burnley,29,"£35,000","£ 1,820,000 (€ 2,099,677, $2,445,297)",Unverified estimation
405,Zeki Amdouni,ch SUI,CF,Burnley,24,"£35,000","£ 1,820,000 (€ 2,099,677, $2,445,297)",Unverified estimation
406,Jacob Murphy,eng ENG,"FW,MF",Newcastle United,30,"£35,000","£ 1,820,000 (€ 2,099,677, $2,445,297)",Unverified estimation
407,Marcus Bettinelli,eng ENG,GK,Manchester City,33,"£35,000","£ 1,820,000 (€ 2,099,677, $2,445,297)",Unverified estimation
408,Rico Henry,jm JAM,DF,Brentford,28,"£35,000","£ 1,820,000 (€ 2,099,677, $2,445,297)",Unverified estimation
409,Andrey Santos,br BRA,MF,Chelsea,21,"£35,000","£ 1,820,000 (€ 2,099,677, $2,445,297)",Unverified estimation
410,Bart Verbruggen,nl NED,GK,Brighton,22,"£35,000","£ 1,820,000 (€ 2,099,677, $2,445,297)",Unverified estimation
411,Jake O'Brien,ie IRL,DF,Everton,24,"£35,000","£ 1,820,000 (€ 2,099,677, $2,445,297)",Unverified estimation
412,Cuiabano,br BRA,LB,Nottingham Forest,22,"£35,000","£ 1,820,000 (€ 2,099,677, $2,445,297)",Unverified estimation
413,Jair Cunha,br BRA,DF,Nottingham Forest,20,"£35,000","£ 1,820,000 (€ 2,099,677, $2,445,297)",Unverified estimation
414,Morato,br BRA,DF,Nottingham Forest,24,"£35,000","£ 1,820,000 (€ 2,099,677, $2,445,297)",Unverified estimation
415,Nicolás Domínguez,ar ARG,MF,Nottingham Forest,27,"£35,000","£ 1,820,000 (€ 2,099,677, $2,445,297)",Unverified estimation
416,Tom Cairney,sct SCO,MF,Fulham,34,"£35,000","£ 1,820,000 (€ 2,099,677, $2,445,297)",
417,Lorenzo Lucca,it ITA,FW,Nottingham Forest,24,"£30,500","£ 1,586,000 (€ 1,837,336, $2,170,115)",Unverified estimation
418,Oleksandr Zinchenko,ua UKR,,Arsenal,28,"£30,000","£ 1,560,000 (€ 1,807,215, $2,134,540)",Unverified estimation
419,Reiss Nelson,eng ENG,,Arsenal,25,"£30,000","£ 1,560,000 (€ 1,807,215, $2,134,540)",Unverified estimation
420,Josh Dasilva,eng ENG,CM,Brentford,27,"£30,000","£ 1,560,000 (€ 1,807,215, $2,134,540)",Unverified estimation
Rk,Player,Nation,Pos,Squad,Age,#VALUE!,Annual Wages,Notes
421,Antonín Kinský,cz CZE,GK,Tottenham Hotspur,22,"£30,000","£ 1,560,000 (€ 1,799,723, $2,095,969)",Unverified estimation
422,Chadi Riad,ma MAR,DF,Crystal Palace,22,"£30,000","£ 1,560,000 (€ 1,799,723, $2,095,969)",Unverified estimation
423,Christantus Uche,ng NGA,FW,Crystal Palace,22,"£30,000","£ 1,560,000 (€ 1,799,723, $2,095,969)",Unverified estimation
424,Naouirou Ahamada,fr FRA,CM,Crystal Palace,23,"£30,000","£ 1,560,000 (€ 1,799,723, $2,095,969)",Unverified estimation
425,Ben Gannon-Doak,,RW,Bournemouth,20,"£30,000","£ 1,560,000 (€ 1,799,723, $2,095,969)",Unverified estimation
426,Illan Meslier,fr FRA,GK,Leeds United,25,"£30,000","£ 1,560,000 (€ 1,799,723, $2,095,969)",Unverified estimation
427,Jayden Bogle,eng ENG,"DF,MF",Leeds United,25,"£30,000","£ 1,560,000 (€ 1,799,723, $2,095,969)",Unverified estimation
428,Karl Darlow,wls WAL,GK,Leeds United,34,"£30,000","£ 1,560,000 (€ 1,799,723, $2,095,969)",Unverified estimation
429,Luis Guilherme,br BRA,FW,West Ham United,19,"£30,000","£ 1,560,000 (€ 1,799,723, $2,095,969)",Unverified estimation
430,Lamare Bogarde,nl NED,"MF,DF",Aston Villa,21,"£30,000","£ 1,560,000 (€ 1,799,723, $2,095,969)",Unverified estimation
431,David Møller Wolfe,no NOR,"MF,DF",Wolves,23,"£30,000","£ 1,560,000 (€ 1,799,723, $2,095,969)",Unverified estimation
432,Yerson Mosquera,co COL,DF,Wolves,24,"£30,000","£ 1,560,000 (€ 1,799,723, $2,095,969)",Unverified estimation
433,Eliezer Mayenda,es ESP,"FW,MF",Sunderland,20,"£30,000","£ 1,560,000 (€ 1,799,723, $2,095,969)",Unverified estimation
434,Robin Roefs,nl NED,GK,Sunderland,22,"£30,000","£ 1,560,000 (€ 1,799,723, $2,095,969)",Unverified estimation
435,Mike Trésor,be BEL,"FW,MF",Burnley,26,"£30,000","£ 1,560,000 (€ 1,799,723, $2,095,969)",Unverified estimation
436,Lewis Miley,eng ENG,"MF,DF",Newcastle United,19,"£30,000","£ 1,560,000 (€ 1,799,723, $2,095,969)",Unverified estimation
437,Nico O'Reilly,,CM,Manchester City,20,"£30,000","£ 1,560,000 (€ 1,799,723, $2,095,969)",Unverified estimation
438,Antoni Milambo,nl NED,MF,Brentford,20,"£30,000","£ 1,560,000 (€ 1,799,723, $2,095,969)",Unverified estimation
439,Ethan Pinnock,jm JAM,DF,Brentford,32,"£30,000","£ 1,560,000 (€ 1,799,723, $2,095,969)",Unverified estimation
440,Nathan Collins,ie IRL,DF,Brentford,24,"£30,000","£ 1,560,000 (€ 1,799,723, $2,095,969)",Unverified estimation
441,Vitaly Janelt,de GER,MF,Brentford,27,"£30,000","£ 1,560,000 (€ 1,799,723, $2,095,969)",Unverified estimation
442,James Garner,eng ENG,"MF,DF",Everton,24,"£30,000","£ 1,560,000 (€ 1,799,723, $2,095,969)",Unverified estimation
443,Angus Gunn,sct SCO,GK,Nottingham Forest,29,"£30,000","£ 1,560,000 (€ 1,799,723, $2,095,969)",Unverified estimation
444,Benjamin Lecomte,fr FRA,GK,Fulham,34,"£30,000","£ 1,560,000 (€ 1,799,723, $2,095,969)",Unverified estimation
445,Nathan Patterson,sct SCO,DF,Everton,23,"£28,000","£ 1,456,000 (€ 1,679,742, $1,956,237)",
446,Boubacar Traoré,ml MLI,DM,Wolves,24,"£27,500","£ 1,430,000 (€ 1,649,746, $1,921,305)",
447,Souza,,LB,Tottenham Hotspur,19,"£25,000","£ 1,300,000 (€ 1,506,013, $1,778,783)",Unverified estimation
448,Pablo,br BRA,MF,West Ham United,21,"£25,000","£ 1,300,000 (€ 1,506,013, $1,778,783)",Unverified estimation
449,Nilson Angulo,ec ECU,MF,Sunderland,22,"£25,000","£ 1,300,000 (€ 1,506,013, $1,778,783)",Unverified estimation
450,Ayden Heaven,eng ENG,DF,Manchester Utd,18,"£25,000","£ 1,300,000 (€ 1,499,769, $1,746,641)",Unverified estimation
Rk,Player,Nation,Pos,Squad,Age,#VALUE!,Annual Wages,Notes
451,Diego León,py PAR,DF,Manchester Utd,18,"£25,000","£ 1,300,000 (€ 1,499,769, $1,746,641)",Unverified estimation
452,Kobbie Mainoo,eng ENG,MF,Manchester Utd,20,"£25,000","£ 1,300,000 (€ 1,499,769, $1,746,641)",
453,Tyler Fredricson,eng ENG,DF,Manchester Utd,20,"£25,000","£ 1,300,000 (€ 1,499,769, $1,746,641)",
454,Kōta Takai,jp JPN,DF,Tottenham Hotspur,20,"£25,000","£ 1,300,000 (€ 1,499,769, $1,746,641)",Unverified estimation
455,Jaydee Canvot,fr FRA,DF,Crystal Palace,19,"£25,000","£ 1,300,000 (€ 1,499,769, $1,746,641)",Unverified estimation
456,James Hill,eng ENG,DF,Bournemouth,23,"£25,000","£ 1,300,000 (€ 1,499,769, $1,746,641)",Unverified estimation
457,Julian Araujo,mx MEX,DF,Bournemouth,23,"£25,000","£ 1,300,000 (€ 1,499,769, $1,746,641)",Unverified estimation
458,Veljko Milosavljević,rs SRB,DF,Bournemouth,18,"£25,000","£ 1,300,000 (€ 1,499,769, $1,746,641)",Unverified estimation
459,Ao Tanaka,jp JPN,MF,Leeds United,26,"£25,000","£ 1,300,000 (€ 1,499,769, $1,746,641)",Unverified estimation
460,Sam Byram,eng ENG,"DF,MF",Leeds United,31,"£25,000","£ 1,300,000 (€ 1,499,769, $1,746,641)",Unverified estimation
461,Freddie Woodman,eng ENG,GK,Liverpool,28,"£25,000","£ 1,300,000 (€ 1,499,769, $1,746,641)",Unverified estimation
462,Rio Ngumoha,eng ENG,FW,Liverpool,16,"£25,000","£ 1,300,000 (€ 1,499,769, $1,746,641)",Unverified estimation
463,Trey Nyoni,eng ENG,MF,Liverpool,18,"£25,000","£ 1,300,000 (€ 1,499,769, $1,746,641)",Unverified estimation
464,Fer López,,RW,Wolves,21,"£25,000","£ 1,300,000 (€ 1,499,769, $1,746,641)",Unverified estimation
465,Hugo Bueno,es ESP,"MF,DF",Wolves,22,"£25,000","£ 1,300,000 (€ 1,499,769, $1,746,641)",Unverified estimation
466,Rodrigo Gomes,pt POR,"MF,FW",Wolves,22,"£25,000","£ 1,300,000 (€ 1,499,769, $1,746,641)",Unverified estimation
467,Wilson Isidor,fr FRA,FW,Sunderland,24,"£25,000","£ 1,300,000 (€ 1,499,769, $1,746,641)",Unverified estimation
468,Ashley Barnes,eng ENG,"FW,MF",Burnley,35,"£25,000","£ 1,300,000 (€ 1,499,769, $1,746,641)",Unverified estimation
469,Hjalmar Ekdal,se SWE,DF,Burnley,26,"£25,000","£ 1,300,000 (€ 1,499,769, $1,746,641)",Unverified estimation
470,Jordan Beyer,de GER,CB,Burnley,25,"£25,000","£ 1,300,000 (€ 1,499,769, $1,746,641)",Unverified estimation
471,Max Weiß,de GER,GK,Burnley,21,"£25,000","£ 1,300,000 (€ 1,499,769, $1,746,641)",Unverified estimation
472,William Osula,dk DEN,FW,Newcastle United,21,"£25,000","£ 1,300,000 (€ 1,499,769, $1,746,641)",Unverified estimation
473,Rico Lewis,eng ENG,DF,Manchester City,20,"£25,000","£ 1,300,000 (€ 1,499,769, $1,746,641)",
474,Gustavo Nunes,br BRA,MF,Brentford,19,"£25,000","£ 1,300,000 (€ 1,499,769, $1,746,641)",Unverified estimation
475,Yegor Yarmolyuk,,CM,Brentford,21,"£25,000","£ 1,300,000 (€ 1,499,769, $1,746,641)",Unverified estimation
476,Diego Coppola,it ITA,DF,Brighton,21,"£25,000","£ 1,300,000 (€ 1,499,769, $1,746,641)",Unverified estimation
477,Diego Gómez,py PAR,"MF,FW",Brighton,22,"£25,000","£ 1,300,000 (€ 1,499,769, $1,746,641)",Unverified estimation
478,Jack Hinshelwood,eng ENG,MF,Brighton,20,"£25,000","£ 1,300,000 (€ 1,499,769, $1,746,641)",Unverified estimation
479,Adam Aznou,ma MAR,DF,Everton,19,"£25,000","£ 1,300,000 (€ 1,499,769, $1,746,641)",Unverified estimation
480,Dwight McNeil,eng ENG,"MF,FW",Everton,25,"£25,000","£ 1,300,000 (€ 1,499,769, $1,746,641)",Unverified estimation
Rk,Player,Nation,Pos,Squad,Age,#VALUE!,Annual Wages,Notes
481,Mark Travers,ie IRL,GK,Everton,26,"£25,000","£ 1,300,000 (€ 1,499,769, $1,746,641)",Unverified estimation
482,Jonah Kusi-Asare,se SWE,FW,Fulham,18,"£25,000","£ 1,300,000 (€ 1,499,769, $1,746,641)",Unverified estimation
483,Jorge Cuenca,es ESP,DF,Fulham,25,"£25,000","£ 1,300,000 (€ 1,499,769, $1,746,641)",Unverified estimation
484,Alysson,,RW,Aston Villa,19,"£20,000","£ 1,040,000 (€ 1,204,810, $1,423,026)",Unverified estimation
485,Kaye Furo,,CF,Brentford,18,"£20,000","£ 1,040,000 (€ 1,204,810, $1,423,026)",Unverified estimation
486,Justin Devenny,nir NIR,"MF,FW",Crystal Palace,21,"£20,000","£ 1,040,000 (€ 1,199,816, $1,397,312)",Unverified estimation
487,Eli Junior Kroupi,fr FRA,"MF,FW",Bournemouth,19,"£20,000","£ 1,040,000 (€ 1,199,816, $1,397,312)",Unverified estimation
488,Julio Soler,ar ARG,DF,Bournemouth,20,"£20,000","£ 1,040,000 (€ 1,199,816, $1,397,312)",Unverified estimation
489,Oliver Scarles,eng ENG,"DF,MF",West Ham United,19,"£20,000","£ 1,040,000 (€ 1,199,816, $1,397,312)",Unverified estimation
490,Daniel Bentley,eng ENG,GK,Wolves,32,"£20,000","£ 1,040,000 (€ 1,199,816, $1,397,312)",Unverified estimation
491,Sasa Kalajdzic,at AUT,"FW,MF",Wolves,28,"£20,000","£ 1,040,000 (€ 1,199,816, $1,397,312)",Unverified estimation
492,Anthony Patterson,eng ENG,GK,Sunderland,25,"£20,000","£ 1,040,000 (€ 1,199,816, $1,397,312)",Unverified estimation
493,Dennis Cirkin,eng ENG,DF,Sunderland,23,"£20,000","£ 1,040,000 (€ 1,199,816, $1,397,312)",Unverified estimation
494,Ian Poveda,eng ENG,RW,Sunderland,25,"£20,000","£ 1,040,000 (€ 1,199,816, $1,397,312)",Unverified estimation
495,Luke O'Nien,eng ENG,DF,Sunderland,30,"£20,000","£ 1,040,000 (€ 1,199,816, $1,397,312)",Unverified estimation
496,Hannes Delcroix,ht HAI,CB,Burnley,26,"£20,000","£ 1,040,000 (€ 1,199,816, $1,397,312)",Unverified estimation
497,Josh Laurent,eng ENG,"DF,MF",Burnley,30,"£20,000","£ 1,040,000 (€ 1,199,816, $1,397,312)",Unverified estimation
498,Lucas Pires,,LB,Burnley,24,"£20,000","£ 1,040,000 (€ 1,199,816, $1,397,312)",Unverified estimation
499,Zian Flemming,nl NED,FW,Burnley,26,"£20,000","£ 1,040,000 (€ 1,199,816, $1,397,312)",Unverified estimation
500,Sepp van den Berg,nl NED,DF,Brentford,23,"£20,000","£ 1,040,000 (€ 1,199,816, $1,397,312)",Unverified estimation
501,Jason Steele,eng ENG,GK,Brighton,34,"£20,000","£ 1,040,000 (€ 1,199,816, $1,397,312)",Unverified estimation
502,Stefanos Tzimas,gr GRE,FW,Brighton,19,"£20,000","£ 1,040,000 (€ 1,199,816, $1,397,312)",Unverified estimation
503,Tom Watson,eng ENG,MF,Brighton,19,"£20,000","£ 1,040,000 (€ 1,199,816, $1,397,312)",Unverified estimation
504,Carlos Alcaraz,ar ARG,MF,Everton,22,"£20,000","£ 1,040,000 (€ 1,199,816, $1,397,312)",Unverified estimation
505,Tim Iroegbunam,eng ENG,MF,Everton,22,"£20,000","£ 1,040,000 (€ 1,199,816, $1,397,312)",Unverified estimation
506,Josh King,,CM,Fulham,18,"£20,000","£ 1,040,000 (€ 1,199,816, $1,397,312)",Unverified estimation
507,Álex Jiménez,es ESP,"DF,MF",Bournemouth,20,"£18,000","£ 936,000 (€ 1,084,329, $1,280,724)",Unverified estimation
508,Merlin Röhl,de GER,MF,Everton,23,"£15,500","£ 806,000 (€ 929,857, $1,082,917)",Unverified estimation
509,Pedro Lima,br BRA,DF,Wolves,19,"£15,000","£ 780,000 (€ 904,684, $1,059,006)",Unverified estimation
510,Chido Obi,,CF,Manchester Utd,18,"£15,000","£ 780,000 (€ 899,862, $1,047,984)",
Rk,Player,Nation,Pos,Squad,Age,#VALUE!,Annual Wages,Notes
511,Brandon Austin,eng ENG,GK,Tottenham Hotspur,26,"£15,000","£ 780,000 (€ 899,862, $1,047,984)",Unverified estimation
512,Dane Scarlett,eng ENG,FW,Tottenham Hotspur,21,"£15,000","£ 780,000 (€ 899,862, $1,047,984)",Unverified estimation
513,Romain Esse,eng ENG,MF,Crystal Palace,20,"£15,000","£ 780,000 (€ 899,862, $1,047,984)",Unverified estimation
514,Enes Ünal,tr TUR,FW,Bournemouth,28,"£15,000","£ 780,000 (€ 899,862, $1,047,984)",Unverified estimation
515,Ilia Gruev,bg BUL,MF,Leeds United,25,"£15,000","£ 780,000 (€ 899,862, $1,047,984)",Unverified estimation
516,Andy Irving,sct SCO,MF,West Ham United,25,"£15,000","£ 780,000 (€ 899,862, $1,047,984)",Unverified estimation
517,Callum Marshall,nir NIR,FW,West Ham United,20,"£15,000","£ 780,000 (€ 899,862, $1,047,984)",Unverified estimation
518,Freddie Potts,eng ENG,MF,West Ham United,21,"£15,000","£ 780,000 (€ 899,862, $1,047,984)",Unverified estimation
519,George Earthy,eng ENG,MF,West Ham United,20,"£15,000","£ 780,000 (€ 899,862, $1,047,984)",Unverified estimation
520,Wes Foderingham,eng ENG,GK,West Ham United,34,"£15,000","£ 780,000 (€ 899,862, $1,047,984)",Unverified estimation
521,Calvin Ramsay,sct SCO,DF,Liverpool,22,"£15,000","£ 780,000 (€ 899,862, $1,047,984)",
522,Andrés García,es ESP,DF,Aston Villa,22,"£15,000","£ 780,000 (€ 899,862, $1,047,984)",Unverified estimation
523,Samuel Iling-Junior,eng ENG,MF,Aston Villa,21,"£15,000","£ 780,000 (€ 899,862, $1,047,984)",Unverified estimation
524,Zepiqueno Redmond,,CF,Aston Villa,19,"£15,000","£ 780,000 (€ 899,862, $1,047,984)",Unverified estimation
525,Enso Gonzalez,py PAR,FW,Wolves,20,"£15,000","£ 780,000 (€ 899,862, $1,047,984)",Unverified estimation
526,Ajibola Alese,eng ENG,CB,Sunderland,24,"£15,000","£ 780,000 (€ 899,862, $1,047,984)",Unverified estimation
527,Blondy Nna Noukeu,,GK,Sunderland,23,"£15,000","£ 780,000 (€ 899,862, $1,047,984)",Unverified estimation
528,Dan Neil,eng ENG,MF,Sunderland,23,"£15,000","£ 780,000 (€ 899,862, $1,047,984)",Unverified estimation
529,Simon Moore,eng ENG,GK,Sunderland,35,"£15,000","£ 780,000 (€ 899,862, $1,047,984)",Unverified estimation
530,Timothee Pembele,fr FRA,RB,Sunderland,22,"£15,000","£ 780,000 (€ 899,862, $1,047,984)",Unverified estimation
531,Benson Manuel,ao ANG,RW,Burnley,28,"£15,000","£ 780,000 (€ 899,862, $1,047,984)",Unverified estimation
532,Harrison Ashby,sct SCO,RB,Newcastle United,24,"£15,000","£ 780,000 (€ 899,862, $1,047,984)",Unverified estimation
533,John Ruddy,eng ENG,GK,Newcastle United,38,"£15,000","£ 780,000 (€ 899,862, $1,047,984)",Unverified estimation
534,Mark Gillespie,eng ENG,GK,Newcastle United,33,"£15,000","£ 780,000 (€ 899,862, $1,047,984)",
535,Romelle Donovan,eng ENG,FW,Brentford,18,"£15,000","£ 780,000 (€ 899,862, $1,047,984)",Unverified estimation
536,Yunus Emre Konak,tr TUR,MF,Brentford,19,"£15,000","£ 780,000 (€ 899,862, $1,047,984)",Unverified estimation
537,David Datro Fofana,ci CIV,CF,Chelsea,22,"£15,000","£ 780,000 (€ 899,862, $1,047,984)",Unverified estimation
538,Tom McGill,eng ENG,GK,Brighton,25,"£15,000","£ 780,000 (€ 899,862, $1,047,984)",Unverified estimation
539,Tom King,wls WAL,GK,Everton,30,"£15,000","£ 780,000 (€ 899,862, $1,047,984)",Unverified estimation
540,Omar Richards,eng ENG,LB,Nottingham Forest,27,"£15,000","£ 780,000 (€ 899,862, $1,047,984)",Unverified estimation
Rk,Player,Nation,Pos,Squad,Age,#VALUE!,Annual Wages,Notes
541,Ishé Samuels-Smith,,LB,Chelsea,19,"£14,000","£ 728,000 (€ 843,367, $996,118)",Unverified estimation
542,Christos Mandas,gr GRE,GK,Bournemouth,23,"£12,500","£ 650,000 (€ 753,006, $889,392)",Unverified estimation
543,Facundo Buonanotte,ar ARG,MF,Leeds United,20,"£12,500","£ 650,000 (€ 753,006, $889,392)",Unverified estimation
544,Caleb Kporha,eng ENG,RB,Crystal Palace,19,"£12,500","£ 650,000 (€ 749,885, $873,320)",Unverified estimation
545,Remi Matthews,eng ENG,GK,Crystal Palace,31,"£12,500","£ 650,000 (€ 749,885, $873,320)",Unverified estimation
546,Carlos Baleba,cm CMR,MF,Brighton,21,"£12,500","£ 650,000 (€ 749,885, $873,320)",Unverified estimation
547,Zach Abbott,eng ENG,DF,Nottingham Forest,19,"£12,500","£ 650,000 (€ 749,885, $873,320)",Unverified estimation
548,Callan Mckenna,sct SCO,GK,Bournemouth,18,"£12,000","£ 624,000 (€ 719,889, $838,387)",Unverified estimation
549,Václav Hladký,cz CZE,GK,Burnley,34,"£12,000","£ 624,000 (€ 719,889, $838,387)",Unverified estimation
550,Keiber Lamadrid,,LW,West Ham United,22,"£10,000","£ 520,000 (€ 602,405, $711,513)",Unverified estimation
551,Melker Ellborg,,GK,Sunderland,22,"£10,000","£ 520,000 (€ 602,405, $711,513)",Unverified estimation
552,Michael Olakigbe,eng ENG,RW,Brentford,21,"£10,000","£ 520,000 (€ 602,405, $711,513)",Unverified estimation
553,Jesurun Rak-Sakyi,,RW,Crystal Palace,22,"£10,000","£ 520,000 (€ 599,908, $698,656)",Unverified estimation
554,Max Aarons,eng ENG,RB,Bournemouth,25,"£10,000","£ 520,000 (€ 599,908, $698,656)",Unverified estimation
555,Remy Rees-Dottin,eng ENG,FW,Bournemouth,19,"£10,000","£ 520,000 (€ 599,908, $698,656)",Unverified estimation
556,Alex Cairns,eng ENG,GK,Leeds United,32,"£10,000","£ 520,000 (€ 599,908, $698,656)",Unverified estimation
557,Rhys Williams,eng ENG,CB,Liverpool,24,"£10,000","£ 520,000 (€ 599,908, $698,656)",Unverified estimation
558,Nathan Fraser,ie IRL,CF,Wolves,20,"£10,000","£ 520,000 (€ 599,908, $698,656)",Unverified estimation
559,Tawanda Chirewa,,AM,Wolves,22,"£10,000","£ 520,000 (€ 599,908, $698,656)",Unverified estimation
560,Abdoullah Ba,fr FRA,RM,Sunderland,22,"£10,000","£ 520,000 (€ 599,908, $698,656)",Unverified estimation
561,Jay Matete,eng ENG,CM,Sunderland,24,"£10,000","£ 520,000 (€ 599,908, $698,656)",Unverified estimation
562,Leo Fuhr Hjelde,no NOR,DF,Sunderland,21,"£10,000","£ 520,000 (€ 599,908, $698,656)",Unverified estimation
563,Romaine Mundle,eng ENG,MF,Sunderland,22,"£10,000","£ 520,000 (€ 599,908, $698,656)",Unverified estimation
564,Jaydon Banel,,LW,Burnley,20,"£10,000","£ 520,000 (€ 599,908, $698,656)",Unverified estimation
565,Oliver Sonne,pe PER,DF,Burnley,24,"£10,000","£ 520,000 (€ 599,908, $698,656)",Unverified estimation
566,Issa Kaboré,bf BFA,RB,Manchester City,24,"£10,000","£ 520,000 (€ 599,908, $698,656)",Unverified estimation
567,Ellery Balcombe,eng ENG,GK,Brentford,25,"£10,000","£ 520,000 (€ 599,908, $698,656)",Unverified estimation
568,Hákon Valdimarsson,is ISL,GK,Brentford,23,"£10,000","£ 520,000 (€ 599,908, $698,656)",Unverified estimation
569,Kevin Schade,de GER,"MF,FW",Brentford,23,"£10,000","£ 520,000 (€ 599,908, $698,656)",Unverified estimation
570,Luke Harris,,AM,Fulham,20,"£10,000","£ 520,000 (€ 599,908, $698,656)",Unverified estimation
Rk,Player,Nation,Pos,Squad,Age,#VALUE!,Annual Wages,Notes
571,Eric da Silva Moreira,de GER,RM,Nottingham Forest,19,"£8,000","£ 416,000 (€ 482,498, $564,803)",Unverified estimation
572,Jocelin Ta Bi,,RW,Sunderland,20,"£8,000","£ 416,000 (€ 481,924, $569,211)",Unverified estimation
573,Matheus França,br BRA,AM,Crystal Palace,21,"£8,000","£ 416,000 (€ 479,926, $558,925)",Unverified estimation
574,Owen Bevan,wls WAL,CB,Bournemouth,21,"£8,000","£ 416,000 (€ 479,926, $558,925)",Unverified estimation
575,Will Dennis,eng ENG,GK,Bournemouth,25,"£8,000","£ 416,000 (€ 479,926, $558,925)",
576,Sam Chambers,,AM,Leeds United,18,"£8,000","£ 416,000 (€ 479,926, $558,925)",Unverified estimation
577,Dexter Lembikisa,jm JAM,RB,Wolves,21,"£8,000","£ 416,000 (€ 479,926, $558,925)",Unverified estimation
578,Mateus Mané,,CF,Wolves,18,"£8,000","£ 416,000 (€ 479,926, $558,925)",Unverified estimation
579,Nigel Lonwijk,nl NED,CB,Wolves,22,"£8,000","£ 416,000 (€ 479,926, $558,925)",Unverified estimation
580,Ahmed Abdullahi,ng NGA,CF,Sunderland,21,"£8,000","£ 416,000 (€ 479,926, $558,925)",Unverified estimation
581,Joe Anderson,eng ENG,CB,Sunderland,24,"£8,000","£ 416,000 (€ 479,926, $558,925)",Unverified estimation
582,Enock Agyei,be BEL,FW,Burnley,20,"£8,000","£ 416,000 (€ 479,926, $558,925)",Unverified estimation
583,Alex Murphy,ie IRL,DF,Newcastle United,21,"£8,000","£ 416,000 (€ 479,926, $558,925)",Unverified estimation
584,Benjamin Arthur,eng ENG,DF,Brentford,19,"£8,000","£ 416,000 (€ 479,926, $558,925)",Unverified estimation
585,Julian Eyestone,us USA,GK,Brentford,19,"£8,000","£ 416,000 (€ 479,926, $558,925)",Unverified estimation
586,Yasin Ayari,se SWE,MF,Brighton,21,"£8,000","£ 416,000 (€ 479,926, $558,925)",Unverified estimation
587,Tayo Adaramola,ie IRL,LB,Crystal Palace,21,"£7,500","£ 390,000 (€ 449,931, $523,992)",Unverified estimation
588,Lewis Dobbin,eng ENG,LW,Aston Villa,22,"£7,500","£ 390,000 (€ 449,931, $523,992)",Unverified estimation
589,Tommi O'Reilly,eng ENG,AM,Aston Villa,21,"£7,500","£ 390,000 (€ 449,931, $523,992)",Unverified estimation
590,Tyrique George,eng ENG,FW,Chelsea,19,"£7,500","£ 390,000 (€ 449,931, $523,992)",Unverified estimation
591,Ezra Mayers,,CB,West Ham United,19,"£7,000","£ 364,000 (€ 421,684, $498,059)",Unverified estimation
592,Matthew Cox,eng ENG,GK,Brentford,22,"£7,000","£ 364,000 (€ 419,935, $489,059)",Unverified estimation
593,Lino Sousa,eng ENG,LB,Aston Villa,21,"£6,000","£ 312,000 (€ 361,443, $426,908)",Unverified estimation
594,Oliver Irow,,RW,Tottenham Hotspur,18,"£5,000","£ 260,000 (€ 301,203, $355,757)",Unverified estimation
595,Yusuf Akhamrich,,LW,Tottenham Hotspur,20,"£5,000","£ 260,000 (€ 301,203, $355,757)",Unverified estimation
596,Kane Taylor,,CM,Aston Villa,20,"£5,000","£ 260,000 (€ 301,203, $355,757)",Unverified estimation
597,Ethan Wheatley,eng ENG,CF,Manchester Utd,19,"£5,000","£ 260,000 (€ 299,954, $349,328)",
598,Joe Hugill,eng ENG,CF,Manchester Utd,22,"£5,000","£ 260,000 (€ 299,954, $349,328)",Unverified estimation
599,Ashley Phillips,,CB,Tottenham Hotspur,20,"£5,000","£ 260,000 (€ 299,954, $349,328)",Unverified estimation
600,Joe Whitworth,,GK,Crystal Palace,21,"£5,000","£ 260,000 (€ 299,954, $349,328)",Unverified estimation
Rk,Player,Nation,Pos,Squad,Age,#VALUE!,Annual Wages,Notes
601,Kaden Rodney,eng ENG,"DF,MF",Crystal Palace,20,"£5,000","£ 260,000 (€ 299,954, $349,328)",Unverified estimation
602,Rio Cardines,tt TRI,MF,Crystal Palace,19,"£5,000","£ 260,000 (€ 299,954, $349,328)",Unverified estimation
603,Daniel Jebbison,ca CAN,CF,Bournemouth,22,"£5,000","£ 260,000 (€ 299,954, $349,328)",Unverified estimation
604,Joe Gauci,au AUS,GK,Aston Villa,24,"£5,000","£ 260,000 (€ 299,954, $349,328)",Unverified estimation
605,Harrison Jones,eng ENG,MF,Sunderland,20,"£5,000","£ 260,000 (€ 299,954, $349,328)",Unverified estimation
606,Milan Aleksić,rs SRB,FW,Sunderland,19,"£5,000","£ 260,000 (€ 299,954, $349,328)",Unverified estimation
607,Zak Johnson,,CB,Sunderland,20,"£5,000","£ 260,000 (€ 299,954, $349,328)",Unverified estimation
608,Oliver Pimlott,eng ENG,MF,Burnley,18,"£5,000","£ 260,000 (€ 299,954, $349,328)",Unverified estimation
609,Sverre Nypan,,CM,Manchester City,18,"£5,000","£ 260,000 (€ 299,954, $349,328)",Unverified estimation
610,Jayden Meghoma,eng ENG,LB,Brentford,19,"£5,000","£ 260,000 (€ 299,954, $349,328)",Unverified estimation
611,Myles Peart-Harris,eng ENG,MF,Brentford,22,"£5,000","£ 260,000 (€ 299,954, $349,328)",Unverified estimation
612,Josh Acheampong,,RB,Chelsea,19,"£5,000","£ 260,000 (€ 299,954, $349,328)",Unverified estimation
613,Leo Castledine,eng ENG,AM,Chelsea,20,"£5,000","£ 260,000 (€ 299,954, $349,328)",Unverified estimation
614,Tyler Bindon,nz NZL,CB,Nottingham Forest,20,"£5,000","£ 260,000 (€ 299,954, $349,328)",Unverified estimation
615,Nazarii Rusyn,,CF,Sunderland,26,"£4,500","£ 234,000 (€ 269,958, $314,395)",Unverified estimation
616,Ronnie Stutter,,CF,Chelsea,21,"£4,000","£ 208,000 (€ 240,962, $284,605)",Unverified estimation
617,Matai Akinmboni,us USA,CB,Bournemouth,19,"£4,000","£ 208,000 (€ 239,963, $279,462)",Unverified estimation
618,Kerr Smith,sct SCO,CB,Aston Villa,20,"£4,000","£ 208,000 (€ 239,963, $279,462)",Unverified estimation
619,Alan Browne,ie IRL,CM,Sunderland,30,"£4,000","£ 208,000 (€ 239,963, $279,462)",Unverified estimation
620,Mahamadou Susoho,es ESP,DM,Manchester City,20,"£3,500","£ 182,000 (€ 209,968, $244,530)",Unverified estimation
621,Dan Gore,,CM,Manchester Utd,20,"£3,000","£ 156,000 (€ 179,972, $209,597)",Unverified estimation
622,Isaac Mabaya,,RB,Liverpool,20,"£3,000","£ 156,000 (€ 179,972, $209,597)",Unverified estimation
623,Louie Barry,eng ENG,LW,Aston Villa,22,"£3,000","£ 156,000 (€ 179,972, $209,597)",Unverified estimation
624,Adil Aouchiche,fr FRA,AM,Sunderland,23,"£3,000","£ 156,000 (€ 179,972, $209,597)",Unverified estimation
625,Paris Maghoma,,CM,Brentford,24,"£3,000","£ 156,000 (€ 179,972, $209,597)",Unverified estimation
626,Brodi Hughes,,RB,Chelsea,20,"£3,000","£ 156,000 (€ 179,972, $209,597)",Unverified estimation
627,Caleb Wiley,us USA,LB,Chelsea,21,"£3,000","£ 156,000 (€ 179,972, $209,597)",Unverified estimation
628,Teddy Sharman-Lowe,,GK,Chelsea,22,"£3,000","£ 156,000 (€ 179,972, $209,597)",Unverified estimation
629,Amario Cozier-Duberry,eng ENG,RW,Brighton,20,"£3,000","£ 156,000 (€ 179,972, $209,597)",Unverified estimation
630,Donnell McNeilly,,CF,Nottingham Forest,19,"£3,000","£ 156,000 (€ 179,972, $209,597)",Unverified estimation
Rk,Player,Nation,Pos,Squad,Age,#VALUE!,Annual Wages,Notes
631,Min-hyeok Yang,,RW,Tottenham Hotspur,19,"£2,500","£ 130,000 (€ 149,977, $174,664)",Unverified estimation
632,Will Lankshear,eng ENG,CF,Tottenham Hotspur,20,"£2,500","£ 130,000 (€ 149,977, $174,664)",Unverified estimation
633,Jemiah Umolu,eng ENG,CF,Crystal Palace,19,"£2,500","£ 130,000 (€ 149,977, $174,664)",Unverified estimation
634,Niall Huggins,wls WAL,RB,Sunderland,24,"£2,500","£ 130,000 (€ 149,977, $174,664)",Unverified estimation
635,Patrick Roberts,eng ENG,"FW,MF",Sunderland,28,"£2,500","£ 130,000 (€ 149,977, $174,664)",Unverified estimation
636,Finley Burns,eng ENG,CB,Manchester City,22,"£2,500","£ 130,000 (€ 149,977, $174,664)",Unverified estimation
637,Max Alleyne,,CB,Manchester City,20,"£2,500","£ 130,000 (€ 149,977, $174,664)",Unverified estimation
638,Jimmy-Jay Morgan,,CF,Chelsea,19,"£2,500","£ 130,000 (€ 149,977, $174,664)",Unverified estimation
639,Iwan Morgan,,CF,Brentford,20,"£2,000","£ 104,000 (€ 120,481, $142,303)",Unverified estimation
640,Ben Winterburn,,DM,Bournemouth,20,"£2,000","£ 104,000 (€ 119,982, $139,731)",Unverified estimation
641,Harvey Davies,eng ENG,GK,Liverpool,21,"£2,000","£ 104,000 (€ 119,982, $139,731)",Unverified estimation
642,Josh Feeney,eng ENG,CB,Aston Villa,20,"£2,000","£ 104,000 (€ 119,982, $139,731)",Unverified estimation
643,Divin Mubama,eng ENG,CF,Manchester City,20,"£2,000","£ 104,000 (€ 119,982, $139,731)",Unverified estimation
644,Lakyle Samuel,,RB,Manchester City,19,"£2,000","£ 104,000 (€ 119,982, $139,731)",Unverified estimation
645,Omari Kellyman,,AM,Chelsea,19,"£2,000","£ 104,000 (€ 119,982, $139,731)",Unverified estimation
646,Caylan Vickers,,AM,Brighton,20,"£2,000","£ 104,000 (€ 119,982, $139,731)",Unverified estimation
647,Matt Dibley-Dias,,CM,Fulham,21,"£2,000","£ 104,000 (€ 119,982, $139,731)",Unverified estimation
648,Will Dickson,,CF,Manchester City,20,"£1,800","£ 93,600 (€ 107,983, $125,758)",Unverified estimation
649,Radek Vítek,,GK,Manchester Utd,21,"£1,500","£ 78,000 (€ 89,986, $104,798)",Unverified estimation
650,Sil Swinkels,nl NED,CB,Aston Villa,21,"£1,500","£ 78,000 (€ 89,986, $104,798)",Unverified estimation
651,Logan Pye,,LB,Burnley,21,"£1,500","£ 78,000 (€ 89,986, $104,798)",Unverified estimation
652,Michael Mellon,,CF,Burnley,21,"£1,500","£ 78,000 (€ 89,986, $104,798)",Unverified estimation
653,Joe White,eng ENG,AM,Newcastle United,22,"£1,500","£ 78,000 (€ 89,986, $104,798)",Unverified estimation
654,Ben Krauhaus,,CM,Brentford,20,"£1,500","£ 78,000 (€ 89,986, $104,798)",Unverified estimation
655,Kamari Doyle,eng ENG,AM,Brighton,20,"£1,500","£ 78,000 (€ 89,986, $104,798)",Unverified estimation
656,Harry Tyrer,eng ENG,GK,Everton,23,"£1,500","£ 78,000 (€ 89,986, $104,798)",Unverified estimation
657,Ben Broggio,,LW,Aston Villa,19,"£1,200","£ 62,400 (€ 72,289, $85,382)",Unverified estimation
658,Ismeal Kabia,,RW,Arsenal,19,"£1,000","£ 52,000 (€ 59,991, $69,866)",Unverified estimation
659,Elyh Harrison,,GK,Manchester Utd,19,"£1,000","£ 52,000 (€ 59,991, $69,866)",Unverified estimation
660,Ethan Ennis,eng ENG,RW,Manchester Utd,20,"£1,000","£ 52,000 (€ 59,991, $69,866)",Unverified estimation
Rk,Player,Nation,Pos,Squad,Age,#VALUE!,Annual Wages,Notes
661,Ethan Williams,eng ENG,LW,Manchester Utd,19,"£1,000","£ 52,000 (€ 59,991, $69,866)",Unverified estimation
662,Habeeb Ogunneye,,RB,Manchester Utd,19,"£1,000","£ 52,000 (€ 59,991, $69,866)",Unverified estimation
663,Owen Goodman,ca CAN,GK,Crystal Palace,21,"£1,000","£ 52,000 (€ 59,991, $69,866)",Unverified estimation
664,Michael Forbes,,CB,West Ham United,21,"£1,000","£ 52,000 (€ 59,991, $69,866)",Unverified estimation
665,Owen Dodgson,,LB,Burnley,22,"£1,000","£ 52,000 (€ 59,991, $69,866)",Unverified estimation
666,Tommy McDermott,,AM,Burnley,20,"£1,000","£ 52,000 (€ 59,991, $69,866)",Unverified estimation
667,Joel Ndala,,LW,Manchester City,19,"£1,000","£ 52,000 (€ 59,991, $69,866)",Unverified estimation
668,Ethan Brierley,eng ENG,CM,Brentford,21,"£1,000","£ 52,000 (€ 59,991, $69,866)",Unverified estimation
669,Jacob Slater,,LB,Brighton,20,"£1,000","£ 52,000 (€ 59,991, $69,866)",Unverified estimation
670,Francis Okoronkwo,eng ENG,CF,Everton,20,"£1,000","£ 52,000 (€ 59,991, $69,866)",Unverified estimation
671,Detlef Esapa Osong,,CF,Nottingham Forest,20,"£1,000","£ 52,000 (€ 59,991, $69,866)",Unverified estimation
672,Lyle Foster,za RSA,FW,Burnley,24,£769,"£ 40,000 (€ 46,147, $53,743)",Unverified estimation
673,Sonny Aljofree,eng ENG,CB,Manchester Utd,20,£750,"£ 39,000 (€ 44,993, $52,399)",Unverified estimation
674,Tony Yogane,eng ENG,LW,Brentford,19,£750,"£ 39,000 (€ 44,993, $52,399)",Unverified estimation
675,Mark O'Mahony,ie IRL,CF,Brighton,20,£750,"£ 39,000 (€ 44,993, $52,399)",Unverified estimation
676,Josh Powell,,LB,Nottingham Forest,20,£750,"£ 39,000 (€ 44,993, $52,399)",Unverified estimation
677,Devan Tanton,,RB,Fulham,21,£750,"£ 39,000 (€ 44,993, $52,399)",Unverified estimation
678,Lewis Orford,,CM,West Ham United,19,£600,"£ 31,200 (€ 35,994, $41,919)",Unverified estimation
679,Finley Munroe,,LB,Aston Villa,20,£600,"£ 31,200 (€ 35,994, $41,919)",Unverified estimation
680,Martin Sherif,,CF,Everton,19,£600,"£ 31,200 (€ 35,994, $41,919)",Unverified estimation
681,Hannibal,,AM,Burnley,23,£577,"£ 30,000 (€ 34,610, $40,307)",Unverified estimation
682,George Abbott,eng ENG,DM,Tottenham Hotspur,20,£500,"£ 26,000 (€ 29,995, $34,933)",Unverified estimation
683,Tyrese Hall,,CB,Tottenham Hotspur,19,£500,"£ 26,000 (€ 29,995, $34,933)",Unverified estimation
684,Trey Samuel-Ogunsuyi,,CF,Sunderland,18,£500,"£ 26,000 (€ 29,995, $34,933)",Unverified estimation
685,Danny Imray,eng ENG,"DF,MF",Crystal Palace,22,£400,"£ 20,800 (€ 23,996, $27,946)",Unverified estimation
686,Luca Stephenson,eng ENG,DM,Liverpool,21,£400,"£ 20,800 (€ 23,996, $27,946)",Unverified estimation